3921667 序号 采购单位 购买数量 购买单价 供应商 成交日期 1 黄河水利委员会三门峡库区水文水资源局 1 34,500.00 郑州嘉运达科技有限公司 2016-06-13 08:51:36 2 同济大学 1 36,950.00 上海华胄网络科技有限公司 2016-05-18 16:17:59 3 水利部交通运输部国家能源局南京水利科学研究院 1 34,890.00 南京柏华信息科技有限公司 2016-03-30 11:47:34
3921666 序号 采购单位 购买数量 购买单价 供应商 成交日期 1 水利部交通运输部国家能源局南京水利科学研究院 1 46,300.00 江苏元德信息技术有限公司 2016-07-12 15:21:19 2 北京外国语大学 1 48,152.50 北京博略顺和科技有限公司 2016-06-20 16:29:31 3 北京航空航天大学 1 48,152.50 北京众和永业科技发展有限公司 2016-05-12 17:06:20 4 北京交通大学 1 48,152.50 北京华航创新科技有限责任公司 2016-05-03 14:46:14 5 中国矿业大学 1 48,000.00 南京柏华信息科技有限公司 2016-04-12 15:55:49 6 中国矿业大学 1 31,000.00 南京柏华信息科技有限公司 2016-04-12 15:55:10 7 长江武汉航道工程局 1 48,152.50 武汉英信科技有限公司 2016-04-11 11:43:12 8 华北电力大学（保定） 1 48,152.50 北京众和永业科技发展有限公司 2016-03-29 15:34:10 9 住房和城乡建设部 1 48,152.50 北京优兆科技有限公司 2016-03-02 10:11:42 10 水利部交通运输部国家能源局南京水利科学研究院 2 41,860.00 南京柏华信息科技有限公司 2016-01-24 17:09:02
3921438 序号 采购单位 购买数量 购买单价 供应商 成交日期
3921329 序号 采购单位 购买数量 购买单价 供应商 成交日期 1 中国水产科学研究院黄海水产研究所 1 24,954.00 青岛天业人勤电子科技有限公司 2016-08-05 10:52:16 2 中国科学院地理科学与资源研究所 1 24,954.00 北京网信未来信息技术有限公司 2016-07-28 09:16:11 3 大连海事大学 2 24,954.00 大连翰林数码网络科技有限公司 2016-07-14 16:06:57 4 中国科学院信息工程研究所 1 24,954.00 北京核聚瑞增系统科技有限公司 2016-06-22 09:10:47 5 晋中学院 1 24,954.00 山西指北针科技有限公司 2016-06-20 10:24:00 6 浙江大学 1 24,954.00 浙江同力信息科技有限公司 2016-06-16 11:31:42 7 中华人民共和国江门出入境检验检疫局 1 24,954.00 江门市江海区金辉办公设备总汇 2016-06-14 17:59:45 8 西南交通大学 1 24,954.00 北京网信未来信息技术有限公司成都分公司 2016-06-14 10:03:45 9 中国科学院国家天文台 2 24,954.00 北京友邦佳通电子科技有限公司 2016-05-19 11:25:14 10 北京协和医学院 1 24,954.00 北京康邦科技有限公司 2016-05-18 16:58:04 11 国家新闻出版广电总局五六四台 1 24,954.00 北京趋势未来科技发展有限公司 2016-05-16 10:12:36 12 中国科学院深圳先进技术研究院 1 24,954.00 深圳市长城网信息科技股份有限公司 2016-05-09 16:56:38 13 浙江大学 1 24,954.00 浙江同力信息科技有限公司 2016-05-04 15:26:22 14 浙江大学 1 24,954.00 浙江同力信息科技有限公司 2016-05-04 14:55:06 15 中国矿业大学 1 24,954.00 徐州程辉科技有限公司 2016-04-28 08:56:21 16 东北大学秦皇岛分校 2 24,954.00 北京众和永业科技发展有限公司 2016-04-27 09:42:33 17 华北电力大学 2 24,954.00 北京友邦佳通电子科技有限公司 2016-04-23 10:03:18 18 东北大学秦皇岛分校 1 24,954.00 北京众和永业科技发展有限公司 2016-04-19 13:11:02 19 国家新闻出版广电总局五六四台 1 24,954.00 北京趋势未来科技发展有限公司 2016-04-19 09:37:18 20 中国民用航空西南地区空中交通管理局云南分局 1 21,500.00 云南华东电脑科技有限公司 2016-04-18 17:11:48
3921330 序号 采购单位 购买数量 购买单价 供应商 成交日期 1 甘肃省合水县气象局 1 38,741.00 甘肃亿佰乐电子科技工程有限公司 2016-08-11 09:28:44 2 中国科学院上海天文台 1 38,741.00 上海承蓝科技股份有限公司 2016-08-11 08:31:56 3 中国科学技术大学 1 38,741.00 合肥佳思特信息技术有限公司 2016-08-05 15:18:10 4 东北大学 3 38,741.00 沈阳合众诚科贸有限公司 2016-08-05 10:37:51 5 北京大学口腔医院（第二门诊部） 1 38,741.00 北京迅驰动力科技有限公司 2016-08-01 17:08:57 6 中北大学 1 38,741.00 山西集创科技有限公司 2016-07-27 08:59:01 7 中国科学院昆明植物研究所 1 35,000.00 云南群林科技有限公司 2016-07-25 10:49:11 8 中国科学院上海生命科学研究院 1 38,741.00 上海承蓝科技股份有限公司 2016-07-22 10:40:52 9 中国医学科学院医学信息研究所 1 38,741.00 北京思达睿智系统集成有限公司 2016-07-18 16:31:21 10 北京科技大学 1 38,741.00 北京众和永业科技发展有限公司 2016-07-18 16:03:19 11 中国科学院大气物理研究所 1 38,741.00 北京众和永业科技发展有限公司 2016-07-15 15:22:50 12 中国气象科学研究院 2 38,741.00 北京友邦佳通电子科技有限公司 2016-07-15 11:41:53 13 中国医学科学院基础医学研究所 1 38,741.00 北京胜创致远科技有限公司 2016-07-14 15:04:27 14 中国科学院力学研究所 1 38,741.00 北京众和永业科技发展有限公司 2016-07-12 15:51:22 15 华北电力大学 1 38,741.00 北京友邦佳通电子科技有限公司 2016-07-07 12:15:07 16 中国科学院空间应用工程与技术中心 1 38,741.00 北京瑞科远东科技有限公司 2016-07-05 16:58:58 17 哈尔滨工业大学大科学工程专项建设指挥部 1 38,150.00 哈尔滨泰达伟业经贸有限公司 2016-07-05 13:56:14 18 中国科学院半导体研究所 1 38,741.00 北京众和永业科技发展有限公司 2016-07-05 11:38:13 19 北京邮电大学 1 38,741.00 北京成众世纪科技有限责任公司 2016-07-05 09:29:59 20 中国科学技术大学 2 38,741.00 安徽新美达信息科技有限公司 2016-07-04 15:29:48
3919336 序号 采购单位 购买数量 购买单价 供应商 成交日期 1 北京师范大学 1 22,048.00 北京新伟佳业科技有限公司 2016-07-11 11:27:01 2 西安交通大学人居环境与建筑工程学院 1 22,048.00 陕西瑞光自动化仪表有限公司 2016-07-05 10:17:00 3 中国科学院合肥物质科学研究院 1 22,048.00 安徽时代中佳科贸有限责任公司 2016-07-01 14:35:26 4 南京理工大学 1 22,048.00 南京优之杰科技资讯有限公司 2016-06-22 11:38:27 5 北京科技大学 1 22,048.00 北京维深思远科技有限公司 2016-06-21 20:31:15 6 北京理工大学 2 22,048.00 北京齐创阳光科技有限公司 2016-06-21 18:38:21 7 中国地质科学院地球物理地球化学勘查研究所 3 17,300.00 北京大恒鼎芯科技有限公司 2016-06-16 10:10:21 8 中国地质科学院地球物理地球化学勘查研究所 3 17,000.00 北京大恒鼎芯科技有限公司 2016-06-12 11:22:59 9 中国科学院物理研究所 1 12,340.00 北京亿豪永信科技有限公司 2016-05-03 14:28:36 10 中国科学院计算技术研究所 1 11,402.00 曙光信息产业（北京）有限公司 2016-04-20 16:52:15 11 国家计算机网络与信息安全管理中心四川分中心 1 39,600.00 北京众和永业科技发展有限公司 2016-03-04 10:06:25
3919335 序号 采购单位 购买数量 购买单价 供应商 成交日期 1 浙江大学 1 22,880.00 浙江同力信息科技有限公司 2016-06-23 11:08:17 2 浙江大学 1 22,880.00 浙江同力信息科技有限公司 2016-06-23 10:54:45 3 工业和信息化部电子工业标准化研究院 10 22,880.00 北京美承互联数码科技发展有限公司 2016-03-01 14:23:49
3919319 序号 采购单位 购买数量 购买单价 供应商 成交日期 1 中国科学院上海应用物理研究所 1 15,215.00 北京众和永业科技发展有限公司 2016-08-15 10:16:38
3919099 序号 采购单位 购买数量 购买单价 供应商 成交日期
3919093 序号 采购单位 购买数量 购买单价 供应商 成交日期
3918607 序号 采购单位 购买数量 购买单价 供应商 成交日期 1 中国科学院生态环境研究中心 1 17,900.00 北京天和志业科技发展有限公司 2016-04-28 08:27:52
3918572 序号 采购单位 购买数量 购买单价 供应商 成交日期 1 中国科学院地理科学与资源研究所 1 39,580.00 北京网信未来信息技术有限公司 2016-07-08 09:57:13 2 四川出入境检验检疫局 1 39,500.00 四川新环佳科技发展有限公司 2016-07-07 10:09:05 3 长江水利委员会水文局 1 39,580.00 武汉创新协力电脑有限公司 2016-06-22 14:58:45 4 中国地质调查局水文地质环境地质调查中心 2 36,136.00 河北慷派电子科技有限公司 2016-06-22 09:23:09 5 中国科学院地理科学与资源研究所 1 39,580.00 北京网信未来信息技术有限公司 2016-06-22 09:22:40 6 中国疾病预防控制中心环境与健康相关产品安全所 1 39,580.00 北京嘉运达科技开发股份有限公司 2016-06-14 08:34:07 7 中国农业科学院郑州果树研究所 1 39,500.00 河南省高校新技术有限公司 2016-06-06 17:47:43 8 中国矿业大学 1 39,580.00 江苏微蓝信息工程有限公司 2016-05-23 09:41:27 9 工业和信息化部电子科学技术情报研究所 1 39,580.00 北京北方怡合信息技术有限公司 2016-05-19 16:45:15 10 西北地区空中交通管理局甘肃分局 2 39,580.00 甘肃伟业电子技术有限公司 2016-05-09 13:09:25
3918571 序号 采购单位 购买数量 购买单价 供应商 成交日期 1 中国地质调查局成都地质调查中心 3 30,301.00 成都全码特网络有限公司 2016-08-08 15:19:01 2 华北电力大学 1 30,301.00 北京嘉运达科技开发股份有限公司 2016-06-30 16:40:11 3 中国银行业监督管理委员会通辽监管分局 1 30,301.00 内蒙古万德系统集成有限责任公司 2016-05-30 14:55:45 4 工业和信息化部电子科学技术情报研究所 1 30,301.00 北京北方怡合信息技术有限公司 2016-05-19 16:45:15 5 人力资源和社会保障部人事考试中心 2 30,301.00 北京长得万众信息技术有限公司 2016-05-11 11:20:57 6 国家图书馆 1 30,301.00 北京鼎盛嘉业科贸有限责任公司 2016-04-26 15:37:20 7 中华全国妇女联合会 1 30,301.00 北京正群欣世信息技术有限公司 2016-03-14 11:11:14
3917912 序号 采购单位 购买数量 购买单价 供应商 成交日期 1 中国科学院遥感与数字地球研究所 1 12,800.00 北京华睿恒远信息技术有限公司 2016-08-04 15:31:19
3917913 序号 采购单位 购买数量 购买单价 供应商 成交日期
3917888 序号 采购单位 购买数量 购买单价 供应商 成交日期 1 东北师范大学 2 38,427.00 长春知行科技有限公司 2016-07-14 14:00:28 2 中国科学院高能物理研究所 1 38,427.00 北京开莱兴业科技有限公司 2016-06-27 14:26:55 3 南京航空航天大学(十六院） 1 38,427.00 南京信同诚信息技术有限公司 2016-06-22 17:06:30 4 长安大学 2 38,427.00 西安云格电子信息技术有限公司 2016-06-14 11:42:15 5 南京理工大学 1 38,427.00 南京信同诚信息技术有限公司 2016-05-31 14:48:50 6 西南民族大学 2 37,950.00 成都景晨电子信息有限公司 2016-05-20 12:36:00 7 特会室 1 38,427.00 北京开莱兴业科技有限公司 2016-05-16 11:36:34 8 中国银行业监督管理委员会阿拉善监管分局 1 38,427.00 内蒙古万德系统集成有限责任公司 2016-05-12 11:41:00 9 国家纳米科学中心 1 38,427.00 北京嘉运达科技开发有限公司 2016-04-28 10:11:36 10 北京理工大学 2 38,427.00 北京华航创新科技有限责任公司 2016-03-25 09:20:11
3917887 序号 采购单位 购买数量 购买单价 供应商 成交日期 1 浙江大学 1 29,418.00 浙江同力信息科技有限公司 2016-07-12 13:49:41 2 兴安县气象局 1 29,000.00 广西佳宁智能科技有限公司 2016-06-29 09:43:06 3 长安大学 3 29,418.00 西安云格电子信息技术有限公司 2016-06-07 18:46:32 4 北京航空航天大学 1 29,418.00 北京嘉运达科技开发股份有限公司 2016-06-01 15:15:20 5 北京邮电大学 2 29,418.00 北京嘉运达科技开发股份有限公司 2016-05-18 15:05:14 6 福建省气候中心 2 29,418.00 翰林汇力（福建）信息技术有限公司 2016-05-17 10:19:22 7 福建省气候中心 1 29,418.00 翰林汇力（福建）信息技术有限公司 2016-05-04 16:18:58 8 西南财经大学 2 29,418.00 成都景晨电子信息有限公司 2016-05-04 15:22:56 9 国家海洋技术中心 1 29,418.00 北京银联合力科技有限公司 2016-04-06 10:31:55 10 东北大学 1 29,418.00 沈阳新联高科电子有限公司 2016-03-14 15:07:20 11 中国科学院武汉岩土力学研究所 1 29,418.00 武汉市科达计算机应用技术有限公司 2016-02-23 13:22:02 12 长江水利委员会水文局长江上游水文水资源勘测局 1 29,418.00 重庆千星汇科技有限公司 2016-02-19 16:24:08
3917168 序号 采购单位 购买数量 购买单价 供应商 成交日期 1 黄河水利委员会三门峡库区水文水资源局 1 27,437.00 河南金铭科技有限责任公司 2016-07-25 10:45:31 2 国家体育总局青岛航海运动学校 1 27,437.00 北京康迈世纪科技发展有限公司 2016-06-27 17:16:34 3 浙江大学 1 27,437.00 杭州孚莲信息科技有限公司 2016-06-22 15:20:44
3917167 序号 采购单位 购买数量 购买单价 供应商 成交日期 1 中央美术学院 1 28,937.00 北京众和永业科技发展有限公司 2016-06-22 09:48:47 2 中国科学院国家天文台 1 28,937.00 北京华氏未来信息技术有限公司 2016-06-17 10:28:59 3 中国民用航空华北地区空中交通管理局山西分局 1 28,937.00 山西德恩普科技有限公司 2016-06-16 10:58:02 4 北京师范大学 1 28,937.00 北京众和永业科技发展有限公司 2016-05-26 15:39:26 5 中国科学院大气物理研究所 1 28,937.00 北京众和永业科技发展有限公司 2016-04-29 15:29:35 6 大连海事大学 1 27,000.00 大连高新园区恒新电脑网络有限公司 2016-04-28 15:45:49 7 西南民族大学 8 28,550.00 成都商惠计算机系统有限公司 2016-04-22 11:16:36 8 中国科学院城市环境研究所 1 28,937.00 厦门泛德科技开发有限公司 2016-04-06 12:32:57 9 北京1318单位 3 28,937.00 北京美承互联数码科技发展有限公司 2016-03-29 12:40:18 10 北京1318单位 3 28,937.00 北京美承互联数码科技发展有限公司 2016-03-29 12:39:59 11 北京科技大学 1 28,937.00 北京中达恒业科技发展有限公司 2016-03-07 11:24:22 12 宁夏回族自治区气象科学研究所 1 28,937.00 宁夏成联科技有限公司 2016-01-22 16:45:16 13 西安交通大学医学部 1 28,937.00 西安埔和科技有限公司 2016-01-22 10:04:00
3916852 序号 采购单位 购买数量 购买单价 供应商 成交日期 1 中国科学院深圳先进技术研究院 1 83,309.00 深圳市华科博创信息科技有限公司 2016-05-16 14:57:41 2 中国科学院深圳先进技术研究院 1 70,900.00 深圳市华科博创信息科技有限公司 2016-05-16 14:12:20 3 中国科学院深圳先进技术研究院 1 83,309.00 深圳市华科博创信息科技有限公司 2016-05-13 11:55:57 4 中国疾病预防控制中心慢性非传染性疾病预防控制中心 1 85,263.00 北京开莱兴业科技有限公司 2016-04-20 09:59:52 5 深圳先进技术研究院 1 83,200.00 深圳市华科博创信息科技有限公司 2016-03-15 17:03:55 6 中国科学院力学研究所 1 58,430.00 联众集群（北京）科技有限责任公司 2016-01-19 16:00:29
3921669 序号 采购单位 购买数量 购买单价 供应商 成交日期 1 北京邮电大学 1 19,850.00 北京恒润浩远科技发展有限公司 2016-07-11 15:39:36 2 北京邮电大学 2 22,750.00 北京恒润浩远科技发展有限公司 2016-06-21 16:40:32 3 北京一三一八单位 1 28,267.50 北京北纬机电技术有限公司 2016-06-15 10:04:09 4 中国农业大学 1 28,267.50 北京传奇天地科技有限公司 2016-03-11 10:31:40
3921668 序号 采购单位 购买数量 购买单价 供应商 成交日期 1 北京理工大学 1 33,615.00 北京华文基业科技有限公司 2016-06-24 15:05:52 2 北京邮电大学 1 30,950.00 北京恒润浩远科技发展有限公司 2016-06-16 18:33:49 3 北京邮电大学 1 33,000.00 北京正诚立世科技发展有限公司 2016-06-12 12:15:16 4 中国农业科学院农田灌溉研究所 1 33,615.00 郑州嘉运达科技有限公司 2016-06-01 15:43:55 5 北京三达经济技术合作开发中心 1 33,615.00 北京良源鼎鑫科技有限公司 2016-05-10 15:20:12
3921557 序号 采购单位 购买数量 购买单价 供应商 成交日期 1 中国社会科学院财经战略研究院 1 20,200.00 北京万达时业科技发展有限公司 2016-04-20 15:31:25
3921439 序号 采购单位 购买数量 购买单价 供应商 成交日期
3921331 序号 采购单位 购买数量 购买单价 供应商 成交日期 1 中国第二历史档案馆 1 16,296.00 江苏依迪科技发展有限公司 2016-08-11 11:17:15 2 中国气象局成都高原气象研究所 1 16,296.00 北京网信未来信息技术有限公司成都分公司 2016-07-27 17:11:36 3 国家纳米科学中心 1 16,296.00 北京趋势未来科技发展有限公司 2016-07-22 15:48:37 4 国家海洋局东海预报中心 1 16,296.00 上海承蓝科技股份有限公司 2016-07-14 11:04:42 5 环境保护部卫星环境应用中心 2 16,296.00 北京亿海扬天科技有限公司 2016-07-04 17:17:53 6 环境保护部卫星环境应用中心 1 16,296.00 北京亿海扬天科技有限公司 2016-07-04 15:02:27 7 北京市市政工程研究院 1 16,296.00 北京科源众力科技有限公司 2016-06-24 15:29:08 8 宁夏回族自治区雷电防护技术中心 1 16,296.00 宁夏纽泰电子科技有限公司 2016-06-17 08:45:37 9 中国人民大学 2 16,296.00 北京康邦科技有限公司 2016-06-15 09:22:34 10 北京航空航天大学 1 16,296.00 北京众和永业科技发展有限公司 2016-05-18 10:31:05 11 国家海洋技术中心 1 16,296.00 天津创元立信科技发展有限公司 2016-05-17 11:51:35 12 厦门市气象台 8 15,600.00 厦门市领航科技有限公司 2016-05-11 10:57:40 13 中央民族歌舞团 1 16,296.00 北京浩普诚华科技有限公司 2016-05-10 16:45:03 14 华侨大学 1 16,296.00 厦门市领航科技有限公司 2016-05-09 10:33:32 15 北京交通大学 1 16,296.00 北京友邦佳通电子科技有限公司 2016-05-04 11:21:29 16 东北大学秦皇岛分校 2 16,296.00 北京众和永业科技发展有限公司 2016-04-27 09:39:04 17 浙江大学 1 16,296.00 浙江同力信息科技有限公司 2016-04-26 15:56:33 18 中国科学院力学研究所 1 16,296.00 北京众和永业科技发展有限公司 2016-04-26 15:11:51 19 中国科学院国家天文台 1 16,296.00 北京瑞科远东科技有限公司 2016-04-26 09:01:30 20 浙江大学 1 16,296.00 浙江同力信息科技有限公司 2016-04-20 11:41:58
3921332 序号 采购单位 购买数量 购买单价 供应商 成交日期 1 国家新闻出版广电总局广播科学研究院 4 22,414.00 北京航远信达科技有限公司 2016-08-12 10:11:13 2 国家海洋局第三海洋研究所 1 20,000.00 厦门市领航科技有限公司 2016-07-21 11:01:41 3 中国人民外交学会 1 22,414.00 北京嘉华宏志科技有限公司 2016-06-29 15:51:12 4 中国科学院地质与地球物理研究所 1 22,414.00 北京毅嘉世纪网络技术有限公司 2016-06-24 09:16:21 5 北京1318单位 1 22,414.00 北京美承互联数码科技发展有限公司 2016-06-23 13:29:58 6 中国地质大学计算机学院 1 22,414.00 武汉同鑫志和科技有限公司 2016-06-14 09:27:28 7 中国科学技术大学 1 22,414.00 合肥佳思特信息技术有限公司 2016-06-13 15:55:59 8 中国科学院大气物理研究所 1 22,414.00 北京嘉华宏志科技有限公司 2016-06-03 14:49:56 9 中国科学技术大学 1 22,414.00 合肥佳思特信息技术有限公司 2016-05-27 08:45:14 10 中国石油大学（北京） 1 22,414.00 北京众和永业科技发展有限公司 2016-05-25 11:01:08 11 中国科学院合肥物质科学研究院 1 22,414.00 合肥佳思特信息技术有限公司 2016-05-16 14:00:19 12 新疆维吾尔自治区地震局 1 22,414.00 乌鲁木齐市久诚电子有限公司 2016-05-12 10:34:28 13 中国石油大学（北京） 1 22,414.00 北京航远信达科技有限公司 2016-05-11 15:45:36 14 中国石油大学（北京） 1 22,414.00 北京航远信达科技有限公司 2016-05-11 15:45:21 15 中国科学院大气物理研究所 1 22,414.00 北京航远信达科技有限公司 2016-05-10 11:24:09 16 南京航空航天大学 1 22,284.00 南京杰世欣计算机科技有限公司 2016-05-10 08:55:47 17 中国科学院南京土壤研究所 1 22,414.00 南京崇典信息科技有限公司 2016-05-03 12:28:51 18 浙江大学 1 22,414.00 浙江同力信息科技有限公司 2016-04-26 15:18:55 19 山东省潍坊市气象局 2 22,414.00 山东思行信息技术有限公司 2016-04-25 15:56:37 20 九江海关机关后勤服务中心 1 22,400.00 江西沪鑫数码科技有限公司 2016-04-22 13:41:51
3920830 序号 采购单位 购买数量 购买单价 供应商 成交日期
3919338 序号 采购单位 购买数量 购买单价 供应商 成交日期 1 中国地质调查局沈阳地质调查中心 1 12,480.00 鑫长德科技技术有限公司 2016-06-17 16:12:37 2 北京师范大学 1 12,480.00 北京维深思远科技有限公司 2016-05-31 13:52:39
3919337 序号 采购单位 购买数量 购买单价 供应商 成交日期
3919318 序号 采购单位 购买数量 购买单价 供应商 成交日期
3919119 序号 采购单位 购买数量 购买单价 供应商 成交日期
3919106 序号 采购单位 购买数量 购买单价 供应商 成交日期 1 东北大学 3 24,020.00 沈阳新联高科电子有限公司 2016-07-08 10:35:42 2 北京理工大学 1 24,020.00 北京华航创新科技有限责任公司 2016-06-22 14:05:57
3918608 序号 采购单位 购买数量 购买单价 供应商 成交日期 1 中国科学院地理科学与资源研究所 1 12,400.00 北京天和志业科技发展有限公司 2016-07-12 09:08:33 2 中国农业科学院农业资源与农业区划研究所 1 12,400.00 北京天和志业科技发展有限公司 2016-04-20 16:21:23
3918573 序号 采购单位 购买数量 购买单价 供应商 成交日期 1 南京理工大学 1 28,239.00 南京苏创汇网络有限公司 2016-07-21 12:03:11 2 北京航空航天大学 3 28,239.00 北京中天瑞达科技发展有限公司 2016-06-21 09:28:45 3 国际关系学院 2 27,815.00 北京网信未来信息技术有限公司 2016-06-07 14:40:49 4 国家海洋局天津海水淡化与综合利用研究所 1 28,239.00 北京华诚联合设备安装工程有限公司 2016-04-19 15:13:40 5 海洋出版社 1 28,239.00 北京兴润佳源科技有限公司 2016-04-18 14:33:32 6 桂林市气象局 1 28,239.00 广西佳宁智能科技有限公司 2016-03-31 11:31:06
3918574 序号 采购单位 购买数量 购买单价 供应商 成交日期 1 工业和信息化部电子工业标准化研究院 1 30,033.00 北京网信未来信息技术有限公司 2016-04-28 09:24:20 2 商务部办公厅 1 30,033.00 北京嘉运达科技开发有限公司 2016-04-21 10:01:43
3917915 序号 采购单位 购买数量 购买单价 供应商 成交日期 1 中国科学院深圳先进技术研究院 2 13,600.00 深圳市云海麒麟计算机系统有限公司 2016-05-11 11:10:07
3917914 序号 采购单位 购买数量 购买单价 供应商 成交日期
3917889 序号 采购单位 购买数量 购买单价 供应商 成交日期 1 中国科学院遥感与数字地球研究所 1 27,417.00 北京华航创新科技有限责任公司 2016-07-01 08:49:32 2 中国银行业监督管理委员会周口监管分局 1 27,417.00 河南中豫电子有限公司 2016-06-27 11:37:26 3 中南民族大学 1 27,417.00 武汉市科达计算机应用技术有限公司 2016-04-02 15:57:36 4 中南民族大学 1 27,417.00 武汉市科达计算机应用技术有限公司 2016-03-31 09:31:40 5 中国地质大学(北京) 1 27,417.00 北京嘉运达科技开发有限公司 2016-03-07 14:54:39 6 教育部基础教育课程教材发展中心 1 27,417.00 北京开莱兴业科技有限公司 2016-01-19 11:14:38
3917890 序号 采购单位 购买数量 购买单价 供应商 成交日期 1 桂林市气象局 1 29,158.00 广西佳宁智能科技有限公司 2016-07-28 10:49:49 2 中国地质科学院矿产资源研究所 1 29,158.00 北京开莱兴业科技有限公司 2016-07-05 16:54:57 3 中国地质科学院矿产资源研究所 1 29,158.00 北京开莱兴业科技有限公司 2016-07-05 16:42:48 4 中国科学院东北地理与农业生态研究所 1 29,158.00 长春市颐和科技有限责任公司 2016-06-21 15:28:22 5 外交部档案馆 1 29,158.00 北京海石花实业开发公司 2016-06-15 10:24:40 6 北京航空航天大学 1 29,158.00 北京银联合力科技有限公司 2016-06-07 15:37:35 7 中国民用航空飞行学院 2 29,158.00 成都景晨电子信息有限公司 2016-05-17 13:17:01
3917169 序号 采购单位 购买数量 购买单价 供应商 成交日期 1 陕西省气象科学研究所 2 19,737.00 西安恒点信息技术有限公司 2016-07-27 11:59:12 2 中国科学院上海天文台 1 19,737.00 上海汇策电子系统集成有限公司 2016-07-19 12:04:29 3 中国物品编码中心 1 19,737.00 北京慧点数码科技有限公司 2016-07-15 15:41:57 4 北京1318单位 1 19,737.00 北京美承互联数码科技发展有限公司 2016-07-05 13:52:53 5 西安交通大学管理学院 2 19,737.00 陕西网联未来科技有限公司 2016-06-21 15:36:04 6 南京理工大学 1 19,737.00 南京惠众立系统工程有限公司 2016-06-16 09:12:35 7 黄河水利委员会黄河水利科学研究院 1 19,737.00 河南汇创佳和科贸有限公司 2016-06-08 15:06:02 8 东北大学 2 19,737.00 沈阳东大奥科电子工程有限公司 2016-06-07 09:19:34 9 安徽省气象台 1 19,737.00 安徽群彩互联网络有限公司 2016-05-26 12:01:47 10 北京航空航天大学 1 19,737.00 北京嘉诚致和科技有限公司 2016-05-24 15:40:16 11 北京科技大学 1 19,737.00 北京众和永业科技发展有限公司 2016-05-13 08:33:57 12 中国环境监测总站 2 19,737.00 北京慧博世纪科技有限公司 2016-04-28 14:25:07 13 陕西省气象科学研究所 1 19,737.00 西安恒点信息技术有限公司 2016-04-21 10:37:19 14 国家林业局大兴安岭林业勘察设计院 2 19,737.00 哈尔滨基士得耶数码科技股份有限公司 2016-03-17 10:57:12 15 国家气象中心 1 19,737.00 北京逸点智欣科技有限公司 2016-03-03 10:40:58 16 北京医院 1 19,737.00 北京慧点数码科技有限公司 2016-03-01 11:42:17 17 太原师范学院 1 14,141.00 山西德恩普科技有限公司 2016-02-25 14:50:48 18 中国科学院信息工程研究所 1 19,737.00 北京众和永业科技发展有限公司 2016-02-15 08:21:27 19 北京中医药大学东方医院 1 19,737.00 北京众和永业科技发展有限公司 2016-01-29 11:11:13 20 南京理工大学 1 19,737.00 南京惠众立系统工程有限公司 2016-01-25 20:30:03
3916853 序号 采购单位 购买数量 购买单价 供应商 成交日期
3921671 序号 采购单位 购买数量 购买单价 供应商 成交日期 1 水利部交通运输部国家能源局南京水利科学研究院 1 8,200.00 江苏元德信息技术有限公司 2016-07-12 15:21:19 2 四川大学华西口腔医院 1 6,000.00 成都天奥科技开发有限公司 2016-03-30 15:45:48
3921670 序号 采购单位 购买数量 购买单价 供应商 成交日期 1 电信学院 1 8,700.00 西安秦源电子科技有限责任公司 2016-06-28 16:55:46 2 北京大学第六医院 6 8,700.00 北京德康世纪科技有限公司 2016-06-06 11:30:07 3 中国地震局第一监测中心 1 8,700.00 天津腾梁科技发展有限公司 2016-04-15 09:40:04 4 中国科学院国家授时中心 1 8,700.00 西安志诚电子有限责任公司 2016-03-23 16:34:35 5 中国传媒大学 1 8,700.00 北京优士创新科技发展有限公司 2016-03-21 15:29:06 6 中国水利水电科学研究院 1 8,700.00 成都天奥科技开发有限公司 2016-01-05 16:55:59
3921441 序号 采购单位 购买数量 购买单价 供应商 成交日期
3921440 序号 采购单位 购买数量 购买单价 供应商 成交日期
3921334 序号 采购单位 购买数量 购买单价 供应商 成交日期 1 淮南市气象局 1 12,392.00 安徽新美达信息科技有限公司 2016-08-12 11:30:55 2 商洛市气象局 2 12,392.00 西安布瑞信息技术有限公司 2016-08-05 16:04:15 3 北京航空航天大学 1 12,392.00 北京众和永业科技发展有限公司 2016-08-02 09:58:38 4 厦门海关后勤管理中心 1 11,200.00 厦门普菲克网络技术有限公司 2016-08-01 16:46:11 5 淮南市气象局 1 12,392.00 合肥佳思特信息技术有限公司 2016-08-01 11:39:39 6 大连海事大学 1 12,000.00 大连翰林数码网络科技有限公司 2016-07-14 16:26:16 7 太湖流域水文水资源监测中心（太湖流域水环境监测中心） 1 12,392.00 无锡天舜科技有限公司 2016-07-01 09:51:43 8 中国科学院武汉植物园 1 12,392.00 湖北航天信息技术有限公司 2016-06-27 12:11:22 9 浙江大学 2 12,392.00 浙江同力信息科技有限公司 2016-06-24 14:31:39 10 北京1318单位 1 12,392.00 北京美承互联数码科技发展有限公司 2016-06-23 10:20:32 11 上海财经大学 1 12,392.00 上海港讯电子科技有限公司 2016-06-14 10:56:33 12 国家发展改革委基建物业管理中心 1 12,392.00 北京科源众力科技有限公司 2016-06-07 17:07:18 13 北京交通大学 1 12,392.00 北京友邦佳通电子科技有限公司 2016-05-30 09:45:56 14 东华大学（原中国纺织大学） 1 12,392.00 上海惠衡科技发展有限公司 2016-05-11 12:36:03 15 威海市气象局 1 12,392.00 青岛盛信合创电子技术有限公司 2016-04-27 10:02:45 16 中国石油大学（北京） 1 12,392.00 北京核聚瑞增系统科技有限公司 2016-04-26 09:30:14 17 中国石油大学（北京） 1 12,392.00 北京核聚瑞增系统科技有限公司 2016-04-20 08:59:13 18 国家新闻出版广电总局五六四台 2 12,392.00 北京趋势未来科技发展有限公司 2016-04-19 09:37:18 19 南京理工大学 1 12,392.00 南京杰世欣计算机科技有限公司 2016-03-22 10:32:32 20 中国农业科学院植物保护研究所 1 12,392.00 北京网信未来信息技术有限公司 2016-03-09 11:28:37
3921333 序号 采购单位 购买数量 购买单价 供应商 成交日期 1 西安交通大学电信学院电子材料所 1 8,683.00 西安环太科技发展有限公司 2016-08-12 18:51:48 2 中国科学院上海药物研究所 1 8,683.00 萃群实业（上海）有限公司 2016-08-09 17:12:43 3 中国科学院武汉岩土力学研究所 1 8,683.00 武汉盖威尔信息科技有限公司 2016-07-29 09:58:39 4 中国计量科学研究院 1 8,683.00 北京华建德泰商贸有限公司 2016-07-20 17:07:53 5 北京1318单位 1 8,683.00 北京美承互联数码科技发展有限公司 2016-07-05 13:52:37 6 北京师范大学 1 8,683.00 北京网信未来信息技术有限公司 2016-06-29 16:58:47 7 北京1318单位 1 8,683.00 北京美承互联数码科技发展有限公司 2016-06-23 10:20:50 8 浙江大学 1 8,683.00 浙江同力信息科技有限公司 2016-06-22 13:29:08 9 中国科学院武汉岩土力学研究所 1 8,683.00 武汉盖威尔信息科技有限公司 2016-06-21 19:47:11 10 电工学院 1 8,683.00 北京网信未来信息技术有限公司成都分公司 2016-06-13 11:19:10 11 防灾科技学院 1 8,683.00 北京康邦科技有限公司 2016-06-06 15:34:32 12 中国科学院新疆天文台 1 8,683.00 乌鲁木齐市久诚电子有限公司 2016-06-02 17:30:37 13 中国疾病预防控制中心传染病预防控制所 1 8,683.00 北京众和永业科技发展有限公司 2016-05-30 09:59:11 14 中国农业科学院农业资源与农业区划研究所 1 8,683.00 北京众和永业科技发展有限公司 2016-05-19 11:37:32 15 中国科学院测量与地球物理研究所 1 8,683.00 武汉盖威尔信息科技有限公司 2016-05-18 18:23:37 16 国家新闻出版广电总局五六四台 1 8,683.00 北京趋势未来科技发展有限公司 2016-05-16 10:12:21 17 中国民航大学 1 8,683.00 天津创元立信科技发展有限公司 2016-05-09 15:50:42 18 中国科学院地理科学与资源研究所 1 8,683.00 北京众和永业科技发展有限公司 2016-05-09 13:58:53 19 国家计算机网络与信息安全管理中心重庆分中心 1 8,683.00 重庆怡讯网络技术有限公司 2016-04-28 09:48:10 20 人力资源和社会保障部人事考试中心 1 8,683.00 北京趋势未来科技发展有限公司 2016-04-28 08:56:26
3921184 序号 采购单位 购买数量 购买单价 供应商 成交日期
3921185 序号 采购单位 购买数量 购买单价 供应商 成交日期
3920831 序号 采购单位 购买数量 购买单价 供应商 成交日期
3919339 序号 采购单位 购买数量 购买单价 供应商 成交日期 1 南京森林警察学院 1 7,800.00 南京优之杰科技资讯有限公司 2016-08-17 09:54:34 2 中国科学院理化技术研究所 1 7,800.00 北京众和永业科技发展有限公司 2016-04-11 10:47:52
3919340 序号 采购单位 购买数量 购买单价 供应商 成交日期 1 中国科学院紫金山天文台 1 9,355.00 南京优之杰科技资讯有限公司 2016-07-21 10:31:07 2 中国科学院物理研究所 1 7,900.00 北京亿豪永信科技有限公司 2016-05-03 14:28:36
3919317 序号 采购单位 购买数量 购买单价 供应商 成交日期
3919107 序号 采购单位 购买数量 购买单价 供应商 成交日期
3918609 序号 采购单位 购买数量 购买单价 供应商 成交日期 1 北京航空航天大学 1 2,040.00 北京科瑞远东科技有限公司 2016-06-12 08:21:06 2 陕西省宝鸡市气象局 2 6,200.00 北京天和志业科技发展有限公司 2016-03-07 15:07:25 3 国家统计局桂平调查队 1 6,200.00 北京天泰博远科技发展有限公司 2016-02-23 16:22:26 4 国务院国有资产监督管理委员会物资机关服务中心 1 6,200.00 北京天泰博远科技发展有限公司 2016-02-22 16:41:50
3918576 序号 采购单位 购买数量 购买单价 供应商 成交日期 1 中国科学院合肥物质科学研究院 1 12,762.00 合肥维尔思信息发展有限公司 2016-07-11 15:47:33 2 中国极地研究中心 1 12,762.00 上海汇策电子系统集成有限公司 2016-05-23 15:58:57 3 中日友好环境保护中心 1 12,762.00 北京嘉运达科技开发股份有限公司 2016-05-05 15:06:28 4 中国科学院大气物理研究所 1 12,762.00 北京易贝易通信息技术有限公司 2016-05-04 11:21:10 5 辽宁省气象服务中心 1 12,762.00 沈阳新联高科电子有限公司 2016-03-21 14:12:22
3918575 序号 采购单位 购买数量 购买单价 供应商 成交日期 1 黑龙江测绘地理信息局后勤管理中心 1 12,032.00 黑龙江省速达信息产业股份有限公司 2016-04-07 12:20:05
3917917 序号 采购单位 购买数量 购买单价 供应商 成交日期
3917916 序号 采购单位 购买数量 购买单价 供应商 成交日期
3917892 序号 采购单位 购买数量 购买单价 供应商 成交日期 1 中国科学院武汉岩土力学研究所 1 12,390.00 武汉联钢科技有限公司 2016-08-09 11:36:42 2 华北电力大学 1 12,390.00 北京华航创新科技有限责任公司 2016-07-26 08:57:56 3 国家测绘地理信息局第一航测遥感院 58 12,390.00 西安环太科技发展有限公司 2016-07-08 11:49:29 4 中国纤维检验局 1 12,390.00 北京长得瑞华电子技术有限公司 2016-06-23 11:33:51 5 中华人民共和国三亚海事局 1 12,390.00 海南双联数码通讯有限公司 2016-06-02 15:25:32 6 中国科学院武汉岩土力学研究所 1 12,390.00 武汉联钢科技有限公司 2016-04-27 16:24:13 7 中国科学院武汉岩土力学研究所 1 12,390.00 武汉市科达计算机应用技术有限公司 2016-03-15 16:28:58 8 交通运输部长江口航道管理局 3 12,390.00 上海群立电脑科技有限公司 2016-03-08 14:14:21 9 中国地质大学网络学院 1 12,390.00 武汉市科达计算机应用技术有限公司 2016-01-08 15:57:57
3917891 序号 采购单位 购买数量 购买单价 供应商 成交日期 1 朝阳市气象局 5 11,682.00 沈阳新联高科电子有限公司 2016-07-18 10:10:47 2 宝鸡天宇气象信息服务有限公司 2 11,682.00 西安环太科技发展有限公司 2016-06-24 14:41:46 3 中国科学院福建物质结构研究所 1 11,682.00 翰林汇力（福建）信息技术有限公司 2016-06-13 11:38:10 4 太湖流域水文水资源监测中心（太湖流域水环境监测中心） 4 11,682.00 苏州扬天信息科技有限公司 2016-06-12 14:34:42 5 电子科技大学后勤保障部 1 11,682.00 成都景晨电子信息有限公司 2016-06-06 16:06:29 6 沂源县气象局 2 11,682.00 烟台雷音电子有限公司 2016-06-02 10:13:41 7 福建省气候中心 2 11,682.00 翰林汇力（福建）信息技术有限公司 2016-05-17 10:18:58 8 中国民用航空吉林安全监督管理局 1 11,682.00 沈阳新联高科电子有限公司 2016-05-16 10:32:57 9 中国科学院武汉物理与数学研究所 1 11,682.00 武汉联钢科技有限公司 2016-05-13 10:35:44 10 北京师范大学 2 11,682.00 北京华航创新科技有限责任公司 2016-04-21 09:07:55 11 长江武汉航道工程局 6 5,780.00 武汉市科达计算机应用技术有限公司 2016-03-15 17:46:45 12 长江武汉航道工程局水工工程处 6 5,780.00 武汉市科达计算机应用技术有限公司 2016-03-14 16:30:04 13 长江武汉航道工程局水工工程处 3 11,682.00 武汉市科达计算机应用技术有限公司 2016-03-14 16:24:23 14 中国科学院过程工程研究所 1 11,682.00 北京鑫创思特科技有限公司 2016-03-10 15:16:43
3916854 序号 采购单位 购买数量 购买单价 供应商 成交日期 1 北京化工大学 1 8,539.00 北京思腾合力科技有限公司 2016-06-07 16:45:33 2 北京科技大学 1 8,539.00 北京思腾合力科技有限公司 2016-06-06 17:45:20
3921672 序号 采购单位 购买数量 购买单价 供应商 成交日期 2 住房和城乡建设部信息中心 2 75,052.00 北京优兆科技有限公司 2016-08-16 10:56:44 3 华中科技大学同济医学院附属协和医院 1 75,052.00 武汉大海信息系统科技有限公司 2016-08-15 11:07:11 4 中国气象局上海物资管理处 5 75,000.00 上海赛若福信息科技股份有限公司 2016-08-12 10:36:10 5 国家保密科技测评中心 2 79,002.50 北京众和永业科技发展有限公司 2016-08-11 15:45:11 6 交通运输部科学研究院 1 79,002.50 北京中智博科科技有限公司 2016-08-05 10:40:45 7 国家新闻出版广电总局二0二四台 1 79,002.50 北京趋势未来科技发展有限公司 2016-08-05 09:32:31 8 中国民用航空局信息中心 3 74,900.00 飞蓝（北京）科技有限公司 2016-08-04 16:50:31 9 中国信息安全测评中心 3 79,002.50 北京北纬机电技术有限公司 2016-07-29 17:02:43 10 中国信息安全测评中心 5 79,002.50 北京北纬机电技术有限公司 2016-07-28 16:55:06 11 国家民委舆情中心 2 79,000.00 北京太极信息系统技术有限公司 2016-07-28 10:46:29 12 交通运输部南海航海保障中心 2 79,000.00 广州帝博瑞克系统集成有限公司 2016-07-20 11:03:26 13 财政部驻湖北省财政监察专员办事处 2 65,000.00 武汉联创电脑有限公司 2016-07-12 09:50:16 14 国土资源部土地整治中心 1 79,000.00 北京毅嘉世纪网络技术有限公司 2016-07-05 10:46:04 15 中国财政科学研究院 2 79,002.50 北京德康世纪科技有限公司 2016-07-05 09:54:38 16 民政部信息中心 2 78,994.00 北京九天易创科技有限公司 2016-06-29 16:25:21 17 国家卫生计生委统计信息中心 2 79,002.50 北京传奇天地科技有限公司 2016-06-28 17:22:15 18 国家卫生计生委统计信息中心 2 79,002.50 北京德康世纪科技有限公司 2016-06-28 14:34:45 19 北京航空航天大学 2 79,002.50 北京友邦佳通电子科技有限公司 2016-06-23 16:19:08 20 北京航空航天大学 1 79,002.50 北京友邦佳通电子科技有限公司 2016-06-23 16:11:45
3921647 序号 采购单位 购买数量 购买单价 供应商 成交日期 1 哈尔滨工业大学计算机科学与技术学院 1 169,800.00 哈尔滨蓝易科技有限公司 2016-08-01 09:35:12 2 文化部 1 170,000.00 北京嘉图智峰科技发展有限公司 2016-06-17 19:44:54 3 中国环境监测总站 4 170,000.00 北京传奇天地科技有限公司 2016-06-16 16:51:11 4 国家中医药管理局 1 170,000.00 北京正元伟业科技发展有限公司 2016-03-25 10:24:14
3921559 序号 采购单位 购买数量 购买单价 供应商 成交日期
3921560 序号 采购单位 购买数量 购买单价 供应商 成交日期
3921514 序号 采购单位 购买数量 购买单价 供应商 成交日期
3921523 序号 采购单位 购买数量 购买单价 供应商 成交日期
3921487 序号 采购单位 购买数量 购买单价 供应商 成交日期
3921488 序号 采购单位 购买数量 购买单价 供应商 成交日期
3921444 序号 采购单位 购买数量 购买单价 供应商 成交日期
3921336 序号 采购单位 购买数量 购买单价 供应商 成交日期 1 中国科学院空间应用工程与技术中心 1 62,200.00 北京瑞科远东科技有限公司 2016-08-12 10:35:32 2 江门总关 5 62,200.00 江门市江海区金辉办公设备总汇 2016-08-11 17:00:27 3 武汉中心气象台 1 62,200.00 武汉瑞玛科技有限责任公司 2016-08-10 13:12:40 4 武汉中心气象台 1 62,200.00 武汉瑞玛科技有限责任公司 2016-08-10 13:12:26 5 中国科学院昆明动物研究所 1 60,900.00 云南群林科技有限公司 2016-08-05 15:26:06 6 国家测绘地理信息局第三地理信息制图院（四川省第二测绘地理信息工程院） 1 62,200.00 四川普瑞赛斯信息技术咨询有限公司 2016-08-04 11:43:26 7 福建省气象服务中心 1 61,325.00 福建中灵信息科技有限公司 2016-08-02 13:16:13 8 水利部发展研究中心 1 62,200.00 北京网信未来信息技术有限公司 2016-08-01 14:11:37 9 中国科学院成都生物研究所 1 62,200.00 北京网信未来信息技术有限公司成都分公司 2016-08-01 11:09:44 10 北京化工大学 1 62,200.00 北京友邦佳通电子科技有限公司 2016-07-28 10:23:28 11 审计署审计干部教育学院 1 62,200.00 南京杰世欣计算机科技有限公司 2016-07-27 16:04:51 12 中国疾病预防控制中心性病艾滋病预防控制中心 1 62,200.00 北京众和永业科技发展有限公司 2016-07-26 16:51:46 13 北京化工大学 1 62,200.00 北京友邦佳通电子科技有限公司 2016-07-26 16:17:53 14 中华人民共和国天津出入境检验检疫局 1 62,200.00 天津海泰天功系统工程科技有限公司 2016-07-22 14:24:47 15 中国电影科学技术研究所 1 62,200.00 北京胜创致远科技有限公司 2016-07-22 09:56:45 16 水利部珠江水利委员会水文局 2 62,000.00 广州市嘉图科技有限公司 2016-07-26 09:19:22 17 中华人民共和国北仑海关 4 62,200.00 宁波市中欣数码科技有限公司 2016-07-19 15:35:02 18 江南大学机械学院 1 62,200.00 无锡市双舟信息科技有限公司 2016-07-14 15:54:15 19 工业和信息化部电信研究院 1 62,200.00 北京众和永业科技发展有限公司 2016-07-13 14:45:42 20 中国科学院昆明动物研究所 1 62,200.00 云南群林科技有限公司 2016-07-13 12:08:54
3921335 序号 采购单位 购买数量 购买单价 供应商 成交日期 1 吉林省气象信息网络中心 2 47,433.00 吉林科高经贸有限公司 2016-08-05 09:12:54 2 中国传媒大学 1 47,433.00 北京成众世纪科技有限责任公司 2016-08-04 14:43:02 3 中国地质图书馆 2 47,433.00 北京航远信达科技有限公司 2016-08-04 11:33:57 4 四川省宜宾市气象局 1 47,433.00 北京网信未来信息技术有限公司成都分公司 2016-08-02 11:12:48 5 中北大学 1 47,433.00 山西集创科技有限公司 2016-07-06 10:28:42 6 中北大学 1 47,433.00 山西集创科技有限公司 2016-07-06 10:24:30 7 国家卫生计生委卫生发展研究中心 1 47,433.00 北京趋势未来科技发展有限公司 2016-06-23 11:19:32 8 国家卫生计生委统计信息中心 2 47,433.00 北京众和永业科技发展有限公司 2016-06-14 14:32:55 9 四川大学生命科学学院 1 47,420.00 四川普瑞赛斯信息技术咨询有限公司 2016-06-13 14:39:32 10 中国国土资源经济研究院 1 47,433.00 北京胜创致远科技有限公司 2016-06-13 11:01:19 11 山东省气象信息中心 2 47,433.00 山东云量信息技术有限公司 2016-06-08 08:48:23 12 陕西师范大学 1 47,433.00 西安环太科技发展有限公司 2016-06-02 11:58:45 13 广西壮族自治区气象服务中心 2 47,433.00 广西佳宁智能科技有限公司 2016-05-25 17:06:06 14 中国传媒大学 1 47,433.00 北京康邦科技有限公司 2016-05-25 10:10:39 15 吴江出入境检验检疫局 1 47,400.00 江苏依迪科技发展有限公司 2016-05-09 16:31:18 16 上海出入境边防检查总站 12 47,433.00 上海合联电子科技有限公司 2016-04-26 14:58:18 17 北京师范大学 3 47,433.00 北京友邦佳通电子科技有限公司 2016-04-06 09:40:23 18 中国科学院地理科学与资源研究所 1 47,433.00 北京航远信达科技有限公司 2016-03-31 14:02:51 19 中国科学院水生生物研究所 1 47,433.00 武汉盖威尔信息科技有限公司 2016-03-29 15:36:11 20 中国科学院水生生物研究所 1 47,433.00 武汉盖威尔信息科技有限公司 2016-03-29 15:35:47
3920861 序号 采购单位 购买数量 购买单价 供应商 成交日期
3920680 序号 采购单位 购买数量 购买单价 供应商 成交日期 1 中国科学院遥感与数字地球研究所 1 62,590.00 北京金品高端科技有限公司 2016-08-11 17:22:09 2 北京航空航天大学 1 63,530.00 北京金品高端科技有限公司 2016-07-28 15:42:48 3 中国地震局地球物理研究所 1 63,530.00 北京金品高端科技有限公司 2016-06-01 11:45:12 4 中国地震局地球物理研究所 1 63,530.00 北京金品高端科技有限公司 2016-06-01 11:44:39 5 北京理工大学 2 63,530.00 北京金品高端科技有限公司 2016-01-27 16:10:17
3919359 序号 采购单位 购买数量 购买单价 供应商 成交日期 1 水利部中国科学院水工程生态研究所 1 62,825.00 武汉市天鸿在线科技有限责任公司 2016-07-28 11:28:00 2 国家海洋局东海标准计量中心 2 62,920.00 萃群实业（上海）有限公司 2016-07-04 14:22:29 3 中国科学技术大学 1 62,920.00 安徽时代中佳科贸有限责任公司 2016-05-23 09:49:07 4 青岛海洋地质研究所 2 62,920.00 北京富通东方科技有限公司 2016-04-27 09:24:07 5 中国科学技术大学 1 62,920.00 安徽时代中佳科贸有限责任公司 2016-04-22 13:47:15 6 全国组织机构代码管理中心 4 62,920.00 北京青腾数码科技有限公司 2016-02-22 15:07:45
3919358 序号 采购单位 购买数量 购买单价 供应商 成交日期 1 工业和信息化部计算机与微电子发展研究中心（中国软件评测中心） 4 55,507.00 北京三维荣创科技有限责任公司 2016-08-16 14:30:01 2 中国科学院信息工程研究所 3 59,020.00 曙光信息产业（北京）有限公司 2016-06-28 10:25:39 3 长江水利委员会网络与信息中心 1 49,020.00 武汉市挚诚计算机系统工程有限公司 2016-06-23 11:37:01 4 工业和信息化部电信研究院 4 59,020.00 北京众和永业科技发展有限公司 2016-06-16 13:31:32 5 中国科学院计算技术研究所 3 59,020.00 曙光信息产业（北京）有限公司 2016-06-15 13:56:13 6 工业和信息化部电信研究院 2 59,020.00 北京瑞海合创科技有限责任公司 2016-05-25 11:32:43 7 工业和信息化部电信研究院 1 59,020.00 北京瑞海合创科技有限责任公司 2016-05-25 11:26:13 8 工业和信息化部电信研究院 4 59,020.00 北京瑞海合创科技有限责任公司 2016-05-25 11:18:28 9 工业和信息化部电信研究院 4 59,020.00 北京瑞海合创科技有限责任公司 2016-05-25 11:06:59 10 中国科学技术大学 1 59,020.00 安徽时代中佳科贸有限责任公司 2016-05-16 11:18:58 11 南京理工大学 1 58,710.00 南京优之杰科技资讯有限公司 2016-05-13 15:39:31 12 中华版权代理中心 2 59,020.00 北京广和科技有限公司 2016-05-11 11:35:56 13 南京航空航天大学 1 58,100.00 南京优之杰科技资讯有限公司 2016-05-11 10:12:52 14 工业和信息化部电子工业标准化研究院 1 59,020.00 北京美承互联数码科技发展有限公司 2016-04-19 18:52:56 15 中国科学技术大学 4 59,020.00 安徽时代中佳科贸有限责任公司 2016-04-06 09:17:55 16 司法部信息中心 3 54,480.00 北京信安博瑞科技有限公司 2016-03-03 15:33:50
3919321 序号 采购单位 购买数量 购买单价 供应商 成交日期
3919320 序号 采购单位 购买数量 购买单价 供应商 成交日期 1 工业和信息化部电信研究院 4 42,000.00 联泰集群（北京）科技有限责任公司 2016-04-01 16:55:38 2 中国科学院过程工程研究所 2 49,000.00 联泰集群（北京）科技有限责任公司 2016-01-20 09:30:17
3919102 序号 采购单位 购买数量 购买单价 供应商 成交日期
3919104 序号 采购单位 购买数量 购买单价 供应商 成交日期 1 中华人民共和国重庆出入境检验检疫局 2 97,200.00 重庆友道科技有限公司 2016-08-11 14:22:38 2 工业和信息化部电信研究院 1 102,313.00 北京瑞海合创科技有限责任公司 2016-06-21 17:16:02 3 中华人民共和国重庆出入境检验检疫局 1 102,313.00 重庆友道科技有限公司 2016-04-22 14:31:30
3918927 序号 采购单位 购买数量 购买单价 供应商 成交日期
3918951 序号 采购单位 购买数量 购买单价 供应商 成交日期
3918928 序号 采购单位 购买数量 购买单价 供应商 成交日期
3918859 序号 采购单位 购买数量 购买单价 供应商 成交日期
3918858 序号 采购单位 购买数量 购买单价 供应商 成交日期
3918697 序号 采购单位 购买数量 购买单价 供应商 成交日期
3918610 序号 采购单位 购买数量 购买单价 供应商 成交日期 1 华北电力大学 5 60,600.00 北京康邦科技有限公司 2016-05-19 08:44:01
3918578 序号 采购单位 购买数量 购买单价 供应商 成交日期 1 中国电子口岸数据中心杭州分中心 2 105,482.00 浙江天健远见科技有限公司 2016-08-16 16:29:20 2 国家海洋局南海标准计量中心 3 111,034.00 广州爱联科技有限公司 2016-08-11 09:45:53 3 中国气象局公共气象服务中心 3 111,034.00 北京华诚联合设备安装工程有限公司 2016-07-25 14:27:16 4 国家图书馆 1 111,034.00 北京辉蓝保盈科技发展有限公司 2016-07-25 10:18:40 5 中国农业科学院烟草研究所 2 111,034.00 北京嘉运达科技开发股份有限公司 2016-06-29 09:47:45 6 中华人民共和国扬州出入境检验检疫局 1 111,034.00 南京信同诚信息技术有限公司 2016-06-23 15:55:55 7 中国科学院软件研究所 2 111,034.00 北京辉蓝保盈科技发展有限公司 2016-06-23 09:44:58 8 中华人民共和国湖北出入境检验检疫局 2 111,034.00 武汉四通信息服务有限公司 2016-06-21 16:54:56 9 中华人民共和国湖北出入境检验检疫局 1 111,034.00 武汉四通信息服务有限公司 2016-06-21 16:31:13 10 中国测绘科学研究院 1 111,034.00 北京鑫创思特科技有限公司 2016-06-21 16:08:12 11 中华人民共和国厦门出入境检验检疫局 3 111,034.00 翰林汇力（福建）信息技术有限公司 2016-06-17 11:35:35 12 北京一三一八单位 1 111,034.00 北京北纬机电技术有限公司 2016-06-15 17:35:31 13 中国疾病预防控制中心性病艾滋病预防控制中心 1 111,034.00 北京润成恒信科技有限公司 2016-06-15 15:12:38 14 中国科学技术信息研究所 2 111,034.00 北京嘉运达科技开发股份有限公司 2016-06-14 15:35:50 15 江苏省气象信息中心 1 111,034.00 上海群立电脑科技有限公司 2016-06-08 16:32:54 16 农业部农药检定所 1 111,034.00 北京润成恒信科技有限公司 2016-05-17 09:47:55 17 农业部环境保护科研监测所 1 111,034.00 天津开源科技股份有限公司 2016-05-06 16:28:27 18 最高人民检察院计划财务装备局器材装备处 2 111,034.00 北京鼎盛嘉业科贸有限责任公司 2016-05-04 10:05:51 19 江苏出入境检验检疫局 4 111,034.00 南京信同诚信息技术有限公司 2016-04-29 17:22:05 20 中华人民共和国上海海事局 3 111,034.00 上海汇策电子系统集成有限公司 2016-04-27 15:03:29
3918577 序号 采购单位 购买数量 购买单价 供应商 成交日期 1 中国民航空中警察总队三支队 2 85,471.00 广州爱联科技有限公司 2016-08-16 14:38:06 2 中国电子口岸数据中心杭州分中心 2 89,969.00 浙江天健远见科技有限公司 2016-08-11 12:36:22 3 海南省气象信息中心 4 89,969.00 海南蓝点计算机网络工程有限公司 2016-08-10 18:21:14 4 海南省气象信息中心 4 89,969.00 海南蓝点计算机网络工程有限公司 2016-08-10 17:58:01 5 中华人民共和国广东出入境检验检疫局 1 89,960.00 广州成翔计算机有限公司 2016-08-10 11:48:43 7 国家海洋局青岛海洋预报台 1 89,969.00 北京华诚联合设备安装工程有限公司 2016-07-26 09:53:49 8 国家图书馆 2 89,969.00 北京长得万众信息技术有限公司 2016-07-18 15:03:26 9 中国医学科学院肿瘤医院 1 89,969.00 北京网信未来信息技术有限公司 2016-07-13 13:21:31 10 天津出入境边防检查站 1 89,969.00 联合国际商务（天津）有限公司 2016-07-11 10:03:02 11 中国传媒大学 1 89,969.00 北京联德成科技有限公司 2016-07-01 12:18:24 12 中华人民共和国二连海关 1 89,969.00 北京嘉运达科技开发股份有限公司 2016-06-29 10:24:09 13 上海市浦东新区气象局 3 89,969.00 北京中天瑞达科技发展有限公司 2016-06-29 10:03:09 14 黄河流域水土保持生态环境监测中心 1 89,969.00 西安志诚电子有限责任公司 2016-06-24 16:00:03 15 黄河水利委员会黄河上中游管理局 1 89,969.00 西安志诚电子有限责任公司 2016-06-24 13:06:09 16 中国科学院软件研究所 1 89,969.00 北京辉蓝保盈科技发展有限公司 2016-06-23 09:44:43 17 国家卫生计生委卫生和计划生育监督中心 6 89,969.00 北京嘉运达科技开发股份有限公司 2016-06-20 11:08:35 18 福建出入境检验检疫局信息中心 5 89,969.00 翰林汇力（福建）信息技术有限公司 2016-06-17 15:57:55 19 中华人民共和国天津出入境检验检疫局 2 89,969.00 天津开源科技股份有限公司 2016-06-15 12:54:39 20 交通运输部东海航海保障中心厦门航标处 3 89,900.00 翰林汇力（福建）信息技术有限公司 2016-06-14 15:08:47
3918532 序号 采购单位 购买数量 购买单价 供应商 成交日期
3918531 序号 采购单位 购买数量 购买单价 供应商 成交日期 1 北京理工大学 1 251,998.00 北京嘉运达科技开发有限公司 2016-02-29 11:36:53
3918481 序号 采购单位 购买数量 购买单价 供应商 成交日期 1 北京师范大学 1 33,100.00 北京思腾合力科技有限公司 2016-07-29 11:30:32 2 北京邮电大学 1 33,100.00 北京思腾合力科技有限公司 2016-05-16 15:43:01
3918289 序号 采购单位 购买数量 购买单价 供应商 成交日期
3918288 序号 采购单位 购买数量 购买单价 供应商 成交日期
3917919 序号 采购单位 购买数量 购买单价 供应商 成交日期
3917918 序号 采购单位 购买数量 购买单价 供应商 成交日期
3917588 序号 采购单位 购买数量 购买单价 供应商 成交日期
3917504 序号 采购单位 购买数量 购买单价 供应商 成交日期 1 中华人民共和国广州海关 3 92,650.00 深圳市金东康电子技术有限公司 2016-08-16 09:47:33 2 大连海事大学 1 90,820.00 大连誉诚科技有限公司 2016-07-22 16:51:58 3 国家海洋局海岛研究中心 3 93,208.55 翰林汇力（福建）信息技术有限公司 2016-07-20 17:34:45 4 中国科学院南海海洋研究所 1 93,208.55 广州宇拓信息科技有限公司 2016-07-18 12:18:49 5 北京国家会计学院 1 93,208.55 北京优兆科技有限公司 2016-07-14 10:20:07 6 国土资源部信息中心 2 93,208.55 北京信驿科技有限公司 2016-07-13 17:02:56 7 青海省地震局 1 93,208.55 青海新和逸电子科技有限公司 2016-07-11 10:58:26 8 国家药典委员会 2 93,208.55 北京兴海云达科技有限公司 2016-06-24 14:12:36 9 工业和信息化部电信研究院 2 93,208.55 北京优兆科技有限公司 2016-06-22 09:42:56 10 国土资源部信息中心 2 93,208.55 北京信驿科技有限公司 2016-06-21 15:32:19 11 国家新闻出版广电总局五五三台 2 93,208.00 北京耀华伟业科技有限公司 2016-06-17 15:17:10 12 防灾科技学院 2 93,208.50 北京开莱兴业科技有限公司 2016-06-03 17:10:59 13 中华人民共和国广州海关 1 92,680.00 深圳市金东康电子技术有限公司 2016-06-03 13:34:35 14 国土资源实物地质资料中心 3 93,208.55 北京众和永业科技发展有限公司 2016-06-01 16:53:30 15 中华人民共和国广州海关 4 92,680.00 深圳市金东康电子技术有限公司 2016-06-01 16:40:46 16 工业和信息化部电信研究院 2 93,208.55 北京众和永业科技发展有限公司 2016-05-24 13:27:52 17 大连海事大学 6 93,208.55 大连联创世纪信息系统有限公司 2016-05-16 17:01:18 18 工业和信息化部电子工业标准化研究院 8 93,208.55 北京科源众力科技有限公司 2016-05-11 09:55:45 19 长江水利委员会水文局 2 93,208.55 武汉市德发电子信息有限责任公司 2016-05-06 12:56:46 20 工业和信息化部电子工业标准化研究院 8 93,208.55 北京科源众力科技有限公司 2016-05-04 16:51:47
3917503 序号 采购单位 购买数量 购买单价 供应商 成交日期
3917173 序号 采购单位 购买数量 购买单价 供应商 成交日期 1 中华人民共和国重庆出入境检验检疫局 2 184,800.00 重庆创想科技发展有限公司 2016-08-12 15:30:09 2 中华人民共和国宁波海关（本级） 1 193,800.00 宁波华力信息系统工程有限公司 2016-08-11 14:46:36 3 中国林业科学研究院林业科技信息研究所 1 194,561.00 北京华氏未来信息技术有限公司 2016-08-10 11:14:57 4 人民交通出版社股份有限公司 3 194,561.00 北京锐网时代科技发展有限公司 2016-07-29 12:33:01 5 工业和信息化部电信研究院 1 194,561.00 北京众和永业科技发展有限公司 2016-07-13 14:50:16 6 国家新闻出版广电总局二0二四台 2 194,561.00 北京天泰博远科技发展有限公司 2016-06-28 16:32:42 7 农业部食物与营养发展研究所 2 194,561.00 北京华氏未来信息技术有限公司 2016-06-24 12:30:15 8 陕西测绘地理信息局 1 194,561.00 西安恒点信息技术有限公司 2016-06-08 14:36:23 9 中华人民共和国宁波海关（本级） 3 193,800.00 宁波华力信息系统工程有限公司 2016-06-06 16:32:11 10 国家海洋局东海信息中心 1 194,561.00 上海蕊心信息科技有限公司 2016-05-26 11:20:21 11 国家海洋局东海信息中心 2 194,561.00 上海蕊心信息科技有限公司 2016-05-26 11:19:15 12 中华人民共和国内蒙古出入境检验检疫局 3 194,561.00 北京普华路通科技发展有限公司 2016-05-25 16:28:01 13 长江水利委员会网络与信息中心 1 194,561.00 武汉瑞桥科技有限公司 2016-05-25 15:23:04 14 长江水利委员会水文局 1 194,561.00 武汉三佳科技发展有限责任公司 2016-05-24 09:21:26 15 中华人民共和国重庆出入境检验检疫局 4 194,561.00 重庆悟空科技有限公司 2016-05-16 16:09:26 16 中山大学附属肿瘤医院 2 194,561.00 广州市嘉图科技有限公司 2016-05-12 15:45:08 17 农业部农药检定所 2 194,561.00 北京康迈世纪科技发展有限公司 2016-05-10 10:03:03 18 中国银行业监督管理委员会江苏监管局 1 194,500.00 江苏得凯瑞科技有限公司 2016-05-05 11:11:11 19 厦门地震勘测研究中心 2 194,561.00 北京慧点数码科技有限公司 2016-04-29 12:50:42 20 北京体育大学 1 194,561.00 北京美承互联数码科技发展有限公司 2016-04-25 13:26:29
3916859 序号 采购单位 购买数量 购买单价 供应商 成交日期
3916860 序号 采购单位 购买数量 购买单价 供应商 成交日期 1 大连海事大学 7 54,000.00 大连高捷施科技有限公司 2016-05-12 09:13:35 2 中国人口宣传教育中心 1 59,500.00 太极计算机股份有限公司 2016-04-06 15:17:11 3 中国科学院深圳先进技术研究院 1 48,700.00 深圳市华科博创信息科技有限公司 2016-03-15 17:04:16
3916608 序号 采购单位 购买数量 购买单价 供应商 成交日期
3916607 序号 采购单位 购买数量 购买单价 供应商 成交日期 1 河北省气象学校 2 93,260.00 河北正博瑞恒电子科技有限公司 2016-07-14 10:39:00 2 大连海事大学 2 80,000.00 大连联创世纪信息系统有限公司 2016-06-03 11:16:40
3921674 序号 采购单位 购买数量 购买单价 供应商 成交日期 1 黄河水文勘察测绘局 1 25,000.00 河南英明电子科技有限公司 2016-07-29 14:51:29 2 工业和信息化部电信研究院 2 25,627.50 北京众和永业科技发展有限公司 2016-07-20 11:14:15 3 工业和信息化部电信研究院 9 25,627.50 北京众和永业科技发展有限公司 2016-07-20 11:13:23 4 工业和信息化部电信研究院 11 25,627.50 北京众和永业科技发展有限公司 2016-06-29 09:02:26 5 工业和信息化部电信研究院 6 25,627.50 北京众和永业科技发展有限公司 2016-06-25 08:55:12 6 国家计算机网络与信息安全管理中心山东分中心 2 25,100.00 浪潮电子信息产业股份有限公司 2016-06-16 15:50:20 7 国家计算机网络与信息安全管理中心 2 25,100.00 浪潮电子信息产业股份有限公司 2016-06-16 15:01:35 8 国家外国专家局国外人才信息研究中心 3 25,627.50 北京德康世纪科技有限公司 2016-06-14 10:47:34 9 工业和信息化部电信研究院 6 25,627.50 北京众和永业科技发展有限公司 2016-06-07 11:49:27 10 工业和信息化部电信研究院 11 25,627.50 北京众和永业科技发展有限公司 2016-06-07 11:49:27 11 民政部信息中心 2 25,627.50 北京开莱兴业科技有限公司 2016-05-31 10:51:05 12 新华网股份有限公司 10 20,223.50 北京传奇天地科技有限公司 2016-05-19 09:16:14 13 北京大学信息科学技术学院 2 25,627.50 北京美承互联数码科技发展有限公司 2016-05-10 13:01:57 14 国土资源部人力资源开发中心 2 25,627.50 北京华诚联合设备安装工程有限公司 2016-02-25 15:12:37
3921673 序号 采购单位 购买数量 购买单价 供应商 成交日期 1 西安交通大学口腔医院 5 27,000.00 陕西合创翼联网络技术服务有限公司 2016-08-17 17:43:13 5 中国人民银行德阳市中心支行 4 12,600.00 四川百诚信息技术有限公司 2016-08-17 08:53:35 6 中国民用航空局中南地区空中交通管理局湖南分局 2 27,440.00 长沙江丰信息技术有限公司 2016-08-16 14:42:00 7 中国民用航空局中南地区空中交通管理局湖南分局 1 27,440.00 长沙江丰信息技术有限公司 2016-08-16 14:30:54 8 住房和城乡建设部信息中心 2 27,440.00 北京优兆科技有限公司 2016-08-16 10:55:49 9 住房和城乡建设部信息中心 1 27,440.00 北京优兆科技有限公司 2016-08-16 10:54:45 10 住房和城乡建设部信息中心 1 27,440.00 北京优兆科技有限公司 2016-08-16 10:52:18 11 住房和城乡建设部信息中心 1 27,440.00 北京优兆科技有限公司 2016-08-16 10:51:28 12 国家卫生计生委统计信息中心 2 27,440.00 北京传奇天地科技有限公司 2016-08-16 10:50:23 13 北京师范大学 6 27,440.00 瀚澜特（北京）科技有限公司 2016-08-15 16:26:13 14 中国建筑材料工业规划研究院 1 27,440.00 北京科源众力科技有限公司 2016-08-15 15:58:24 15 长江南京航道局九江航道管理处 1 28,885.00 江西时励数码科技有限公司 2016-08-15 15:32:55 16 上海铁路公安局上海公安处 2 27,440.00 上海华胄网络科技有限公司 2016-08-12 15:38:23 17 天津市信息化建设投资管理局 1 28,885.00 天津英信科技有限公司 2016-08-11 10:44:50 18 最高人民检察院检察技术信息研究中心 1 28,885.00 北京傲腾基业科技有限公司 2016-08-09 09:12:07 19 国家新闻出版广电总局监测数据处理中心 7 28,885.00 北京众和永业科技发展有限公司 2016-08-08 19:22:06 20 国家新闻出版广电总局监测数据处理中心 3 28,885.00 北京众和永业科技发展有限公司 2016-08-08 13:51:26
3921562 序号 采购单位 购买数量 购买单价 供应商 成交日期 1 中国社会科学院财经战略研究院 1 20,000.00 北京万达时业科技发展有限公司 2016-04-20 15:29:25
3921561 序号 采购单位 购买数量 购买单价 供应商 成交日期
3921516 序号 采购单位 购买数量 购买单价 供应商 成交日期
3921515 序号 采购单位 购买数量 购买单价 供应商 成交日期
3921489 序号 采购单位 购买数量 购买单价 供应商 成交日期
3921443 序号 采购单位 购买数量 购买单价 供应商 成交日期
3921442 序号 采购单位 购买数量 购买单价 供应商 成交日期
3921338 序号 采购单位 购买数量 购买单价 供应商 成交日期 1 北京邮电大学 1 15,735.00 北京趋势未来科技发展有限公司 2016-08-10 10:03:26 2 北京邮电大学 1 15,735.00 北京业成达科贸有限公司 2016-08-09 17:19:26 3 山西省人口计生委科学研究所 1 15,735.00 山西金奥达伟业科贸有限责任公司 2016-08-08 12:00:52 4 中国证券监督管理委员会上海监管局 1 15,735.00 萃群实业（上海）有限公司 2016-08-05 16:14:54 5 中国证券监督管理委员会上海监管局 4 15,735.00 萃群实业（上海）有限公司 2016-08-05 16:03:38 6 中国银行业监督管理委员会连云港监管分局 1 15,735.00 江苏依迪科技发展有限公司 2016-08-05 15:55:02 7 国家新闻出版广电总局五五二台 1 15,735.00 北京趋势未来科技发展有限公司 2016-08-05 11:25:49 8 东北大学 1 15,735.00 沈阳合众诚科贸有限公司 2016-08-05 10:38:06 9 青岛海关 2 15,735.00 青岛盛信合创电子技术有限公司 2016-08-04 21:16:12 10 青岛海关 1 15,735.00 青岛盛信合创电子技术有限公司 2016-08-04 21:16:12 11 北京市地震局 1 15,735.00 北京网信未来信息技术有限公司 2016-08-04 10:20:49 12 黄河水利委员会河南水文水资源局 1 15,735.00 郑州瑞强伟业信息技术有限公司 2016-08-04 10:01:10 13 北京市地震局 1 15,735.00 北京网信未来信息技术有限公司 2016-08-04 09:50:52 14 北京市地震局 1 15,735.00 北京网信未来信息技术有限公司 2016-08-04 09:50:05 15 中国地质图书馆 2 15,735.00 北京航远信达科技有限公司 2016-08-03 17:16:22 16 上海市气象科学研究所 3 15,735.00 上海港讯电子科技有限公司 2016-08-02 17:01:01 17 福建省气象服务中心 1 15,735.00 福建中灵信息科技有限公司 2016-08-02 13:15:50 18 国家图书馆出版社 4 15,735.00 北京久合科技有限公司 2016-07-29 16:14:54 19 浙江大学 1 15,735.00 浙江同力信息科技有限公司 2016-07-29 14:12:26 20 中国水稻研究所 1 15,735.00 浙江同力信息科技有限公司 2016-07-28 13:06:25
3921337 序号 采购单位 购买数量 购买单价 供应商 成交日期 1 中国科学院地理科学与资源研究所 1 16,913.00 北京网信未来信息技术有限公司 2016-08-09 11:35:27 2 中华人民共和国汕尾海事局 1 16,913.00 广州盛富和科技有限公司 2016-08-05 09:18:02 3 中国医学科学院肿瘤医院 1 16,913.00 北京众和永业科技发展有限公司 2016-07-28 15:01:03 4 中国残疾人联合会信息中心 4 16,913.00 北京网信未来信息技术有限公司 2016-07-26 16:02:49 5 中国银行业监督管理委员会佛山监管分局 2 16,913.00 广州盛富和科技有限公司 2016-07-20 11:11:37 6 国家基础地理信息中心 8 16,913.00 北京尚华尚美信息技术有限公司 2016-07-13 10:49:37 7 浙江大学 1 16,913.00 浙江同力信息科技有限公司 2016-07-12 14:18:05 9 中国民航大学 1 16,913.00 天津创元立信科技发展有限公司 2016-07-04 10:19:31 10 北京1318单位 1 16,913.00 北京美承互联数码科技发展有限公司 2016-06-23 10:21:07 11 哈尔滨工业大学 13 16,913.00 哈尔滨康明新网络科技开发有限公司 2016-06-22 16:26:46 12 厦门国际旅行卫生保健中心 1 16,913.00 厦门市领航科技有限公司 2016-06-01 13:37:39 13 大连海事大学 1 16,913.00 大连睿信达信息技术有限公司 2016-06-01 12:34:07 14 中国船级社广州分社 1 16,913.00 广州盛富和科技有限公司 2016-05-30 14:11:12 15 中国科学院高能物理研究所 2 16,913.00 深圳市长城网信息科技股份有限公司 2016-05-27 16:10:10 16 中国科学院东北地理与农业生态研究所 1 16,913.00 长春市天地恒业系统集成有限公司 2016-05-25 08:09:23 17 新疆维吾尔自治区地震局 1 16,913.00 乌鲁木齐市久诚电子有限公司 2016-05-24 18:25:50 18 中国科学院大连化学物理研究所 1 16,913.00 大连翰林数码网络科技有限公司 2016-05-13 15:05:32 19 济南铁路公安局 2 16,913.00 山东云量信息技术有限公司 2016-05-13 11:37:41 20 吉林省气象信息网络中心 1 16,913.00 吉林科高经贸有限公司 2016-05-12 11:39:57
3921187 序号 采购单位 购买数量 购买单价 供应商 成交日期
3921186 序号 采购单位 购买数量 购买单价 供应商 成交日期
3920857 序号 采购单位 购买数量 购买单价 供应商 成交日期
3920856 序号 采购单位 购买数量 购买单价 供应商 成交日期
3920683 序号 采购单位 购买数量 购买单价 供应商 成交日期 1 北京邮电大学 1 10,000.00 北京亿通博联科技有限公司 2016-06-29 17:17:11
3920682 序号 采购单位 购买数量 购买单价 供应商 成交日期 1 中国科学院高能物理研究所 2 13,080.00 北京金品高端科技有限公司 2016-03-02 16:55:40
3919361 序号 采购单位 购买数量 购买单价 供应商 成交日期 1 四川大学华西口腔医院 1 16,000.00 成都天觉科技有限公司 2016-08-16 14:54:33 2 工业和信息化部电信研究院 2 16,380.00 北京瑞海合创科技有限责任公司 2016-07-27 10:16:22 3 中国科学技术大学 4 16,380.00 安徽喜悦信息科技有限公司 2016-06-23 15:11:13 4 中国地质调查局沈阳地质调查中心 8 16,380.00 鑫长德科技技术有限公司 2016-06-17 16:13:08
3919360 序号 采购单位 购买数量 购买单价 供应商 成交日期 1 中国科学院计算技术研究所 5 16,382.00 北京富通东方科技有限公司 2016-08-17 17:19:19 2 中国信息安全测评中心 8 16,382.00 北京赛得亿科技发展有限公司 2016-08-17 15:28:37 3 北京科技大学 1 16,382.00 北京维深思远科技有限公司 2016-08-12 23:29:01 4 国家信息技术安全研究中心 1 17,420.00 北京众和永业科技发展有限公司 2016-07-26 10:39:50 5 工业和信息化部电信研究院 1 17,420.00 北京瑞海合创科技有限责任公司 2016-07-25 17:56:14 6 上海中心气象台 1 17,420.00 上海盛举信息科技有限公司 2016-07-22 12:53:39 7 北京一三一八单位 8 17,420.00 北京新伟佳业科技有限公司 2016-07-12 20:17:06 8 中国科学院半导体研究所 1 17,420.00 北京中达恒业科技发展有限公司 2016-07-08 16:39:40 11 中国科学院合肥物质科学研究院 1 17,000.00 安徽富骥信息科技有限公司 2016-07-07 10:53:27 12 中国气象局上海台风研究所 5 17,420.00 上海盛举信息科技有限公司 2016-06-29 20:16:52 13 中国气象局上海台风研究所 6 17,420.00 上海盛举信息科技有限公司 2016-06-29 20:15:46 14 中国气象局上海台风研究所 1 17,420.00 上海盛举信息科技有限公司 2016-06-29 20:14:00 15 中国科学院海洋研究所 1 17,420.00 青岛盛信合创电子技术有限公司 2016-06-29 09:30:41 16 中国科学院海洋研究所 1 17,420.00 青岛盛信合创电子技术有限公司 2016-06-29 09:30:21 17 北京科技大学 1 17,420.00 曙光信息产业（北京）有限公司 2016-06-28 10:12:20 18 工业和信息化部电信研究院 1 17,420.00 北京瑞海合创科技有限责任公司 2016-06-23 10:30:28 19 国家计算机网络与信息安全管理中心 3 17,420.00 北京安迪普科技有限公司 2016-06-22 16:47:08 20 中国科学院深圳先进技术研究院 20 17,420.00 深圳市赛威特实业有限公司 2016-06-22 16:36:17
3919322 序号 采购单位 购买数量 购买单价 供应商 成交日期 1 学工部 12 10,000.00 四川强民科技有限公司 2016-07-08 18:05:13
3919103 序号 采购单位 购买数量 购买单价 供应商 成交日期 1 广州铁路监督管理局 2 35,214.00 北京中科金茂科技有限公司 2016-05-25 14:21:41 2 中国科学院上海有机化学研究所 17 35,214.00 上海极有网络科技有限公司 2016-05-05 16:54:37 3 中国科学院化学研究所 1 35,214.00 北京中科金茂科技有限公司 2016-03-08 18:14:30
3919100 序号 采购单位 购买数量 购买单价 供应商 成交日期 1 中国科学院深圳先进技术研究院 1 47,110.00 深圳市红歌网络科技有限公司 2016-07-13 14:57:37 2 中国地质大学地空学院 1 47,110.00 武汉新启迪信息技术有限公司 2016-06-14 11:53:19 3 中国科学院上海有机化学研究所 2 47,110.00 上海极有网络科技有限公司 2016-05-05 16:54:37 4 中国矿业大学 1 47,000.00 北京天泰博远科技发展有限公司 2016-04-25 16:59:53 5 中华人民共和国重庆出入境检验检疫局 1 47,110.00 重庆友道科技有限公司 2016-04-22 14:31:30 6 山西省投资促进局 1 47,110.00 山西太行鸿业信息技术有限公司 2016-03-30 16:59:02
3918926 序号 采购单位 购买数量 购买单价 供应商 成交日期
3918952 序号 采购单位 购买数量 购买单价 供应商 成交日期 1 山西省林业厅会计核算中心 1 19,057.00 山西数腾科技有限公司 2016-03-31 15:52:03
3918925 序号 采购单位 购买数量 购买单价 供应商 成交日期
3918772 序号 采购单位 购买数量 购买单价 供应商 成交日期
3918861 序号 采购单位 购买数量 购买单价 供应商 成交日期
3918771 序号 采购单位 购买数量 购买单价 供应商 成交日期
3918860 序号 采购单位 购买数量 购买单价 供应商 成交日期 1 环境保护部环境工程评估中心 1 21,500.00 北京传奇天地科技有限公司 2016-05-27 15:54:16 2 环境保护部环境工程评估中心 3 21,500.00 北京传奇天地科技有限公司 2016-05-27 15:53:16
3918727 序号 采购单位 购买数量 购买单价 供应商 成交日期
3918726 序号 采购单位 购买数量 购买单价 供应商 成交日期
3918611 序号 采购单位 购买数量 购买单价 供应商 成交日期 1 教育部职业技术教育中心研究所 8 16,900.00 北京瀚森基业科技有限公司 2016-06-16 18:03:28 2 北京航空航天大学 1 2,046.00 北京科瑞远东科技有限公司 2016-06-12 08:32:25
3918580 序号 采购单位 购买数量 购买单价 供应商 成交日期 1 中国海监第六支队 1 24,038.00 北京华诚联合设备安装工程有限公司 2016-07-07 10:43:33 2 中国疾病预防控制中心性病艾滋病预防控制中心 6 24,038.00 北京润成恒信科技有限公司 2016-06-15 15:12:38 3 教育部学位与研究生教育发展中心 4 24,038.00 北京鼎盛嘉业科贸有限责任公司 2016-06-13 16:04:27 4 国家海洋环境监测中心 1 24,038.00 沈阳新联高科电子有限公司 2016-04-11 09:33:34 5 国家海洋环境监测中心 1 24,038.00 沈阳新联高科电子有限公司 2016-04-11 09:33:10 6 国家海洋环境监测中心 1 24,038.00 沈阳新联高科电子有限公司 2016-04-11 09:32:07 7 国家海洋环境监测中心 1 24,038.00 沈阳新联高科电子有限公司 2016-04-11 09:31:45 8 国家图书馆 2 24,038.00 北京正群欣世信息技术有限公司 2016-04-07 15:33:02 9 国家卫星海洋应用中心 1 24,038.00 北京嘉运达科技开发有限公司 2016-02-19 16:16:46 10 内蒙古自治区锡林郭勒盟气象局 1 24,038.00 内蒙古万德系统集成有限责任公司 2016-01-07 17:25:53
3918534 序号 采购单位 购买数量 购买单价 供应商 成交日期
3918579 序号 采购单位 购买数量 购买单价 供应商 成交日期 1 中国医学科学院皮肤病医院 3 24,484.00 南京信同诚信息技术有限公司 2016-08-18 11:07:45 2 华中科技大学同济医学院附属协和医院 2 25,773.00 武汉四通信息服务有限公司 2016-08-16 17:01:34 3 中国科学院上海天文台 1 24,484.00 上海合联电子科技有限公司 2016-08-16 16:04:33 4 中国地质调查局天津地质调查中心 1 24,484.00 天津开源科技股份有限公司 2016-08-12 11:26:16 5 中国中医科学院广安门医院 4 25,773.00 北京辉蓝保盈科技发展有限公司 2016-08-10 11:28:05 6 国家质检总局信息中心 2 25,773.00 北京华诚联合设备安装工程有限公司 2016-08-09 15:39:06 7 海关总署广州教育培训中心 1 25,773.00 广州爱联科技有限公司 2016-08-09 13:17:06 8 中国疾病预防控制中心 2 25,773.00 北京正群欣世信息技术有限公司 2016-08-08 15:38:51 9 国家图书馆 2 25,773.00 北京嘉运达科技开发股份有限公司 2016-08-08 14:35:56 10 黄河水利委员会三门峡库区水文水资源局 2 25,773.00 河南中豫电子有限公司 2016-08-08 11:28:47 12 中共中央纪委信息中心 1 22,139.00 北京天地迅达信息技术开发中心 2016-07-27 14:36:29 13 中国地质调查局油气资源调查中心 2 25,773.00 北京鼎盛嘉业科贸有限责任公司 2016-07-22 18:02:46 14 中华人民共和国天津出入境检验检疫局 3 25,773.00 天津开源科技股份有限公司 2016-07-22 17:51:19 15 中国地质调查局油气资源调查中心 2 25,773.00 北京长得万众信息技术有限公司 2016-07-21 10:56:58 16 中国水产科学研究院淡水渔业研究中心 1 25,773.00 南京苏创汇网络有限公司 2016-07-19 16:30:28 17 国家图书馆 2 25,773.00 北京长得万众信息技术有限公司 2016-07-18 15:04:10 18 国家图书馆 2 25,773.00 北京长得万众信息技术有限公司 2016-07-18 15:03:50 19 华北电力大学（保定） 3 25,773.00 河北宇易电子科技有限公司 2016-07-18 08:18:40 20 华北电力大学 1 25,773.00 北京嘉运达科技开发股份有限公司 2016-07-15 15:40:00
3918483 序号 采购单位 购买数量 购买单价 供应商 成交日期 1 同济大学 1 18,680.00 北京思腾合力科技有限公司 2016-07-06 09:12:48 2 同济大学 1 18,680.00 北京思腾合力科技有限公司 2016-07-05 18:11:52 3 中国科学院工程热物理研究所 5 18,680.00 北京思腾合力科技有限公司 2016-04-13 11:29:06
3918482 序号 采购单位 购买数量 购买单价 供应商 成交日期 1 同济大学 4 11,860.00 北京思腾合力科技有限公司 2016-07-06 14:32:57 2 北京航空航天大学 1 11,860.00 北京思腾合力科技有限公司 2016-04-14 17:21:46 3 北京航空航天大学 1 11,860.00 北京思腾合力科技有限公司 2016-04-14 17:21:27
3918378 序号 采购单位 购买数量 购买单价 供应商 成交日期
3918377 序号 采购单位 购买数量 购买单价 供应商 成交日期
3918287 序号 采购单位 购买数量 购买单价 供应商 成交日期
3918286 序号 采购单位 购买数量 购买单价 供应商 成交日期
3917921 序号 采购单位 购买数量 购买单价 供应商 成交日期 1 中国疾病预防控制中心传染病预防控制所 1 14,000.00 北京万邦正泰科技有限公司 2016-08-10 13:50:04 2 中华人民共和国河北出入境检验检疫局京唐港办事处 1 14,500.00 北京卓越睿新科技发展有限公司 2016-08-05 12:44:02 3 铁道警察学院 1 14,500.00 北京天泰博远科技发展有限公司 2016-05-03 09:15:57 4 中国科学院长春光学精密机械与物理研究所 1 14,500.00 哈尔滨秀景科技有限公司 2016-02-23 18:41:48
3917920 序号 采购单位 购买数量 购买单价 供应商 成交日期
3917894 序号 采购单位 购买数量 购买单价 供应商 成交日期 1 武威市气象局 1 22,171.00 甘肃伟业电子技术有限公司 2016-08-15 09:23:48 2 国家统计局张掖调查队 1 23,338.00 甘肃伟业电子技术有限公司 2016-08-10 17:39:03 3 长春海关缉私局 1 23,338.00 长春市颐和科技有限责任公司 2016-07-27 10:49:30 4 中国人民银行贵阳中心支行 2 21,696.00 贵州宏志数码科技工程有限公司 2016-07-20 16:17:58 5 山西省监狱管理局 7 23,338.00 山西昌兴伟业科技开发有限公司 2016-07-14 11:59:18 6 天津市信息化建设投资管理局 1 23,338.00 天津市盛达志为电子技术有限公司 2016-07-12 11:23:12 7 工业和信息化部电子第五研究所 1 23,338.00 广州爱联科技有限公司 2016-07-05 09:35:11 8 北京科技大学 1 23,338.00 北京华航创新科技有限责任公司 2016-05-31 08:53:32 9 中国林业科学研究院亚热带林业研究所 2 22,203.00 浙江天健远见科技有限公司 2016-05-30 12:32:24 10 广西壮族自治区气象服务中心 4 23,338.00 广西佳宁智能科技有限公司 2016-05-25 17:06:06 11 外交部离退休干部局 1 23,338.00 北京海石花实业开发公司 2016-05-12 08:18:33 12 长江水利委员会长江流域水土保持监测中心站 3 23,338.00 河南泽润电子科技有限公司 2016-05-10 15:27:35 13 中华人民共和国荆州海事局 2 23,338.00 武汉联钢科技有限公司 2016-05-09 16:07:36 14 华北电力大学 1 23,338.00 北京华航创新科技有限责任公司 2016-05-04 17:00:30 15 华北电力大学 1 23,338.00 北京华航创新科技有限责任公司 2016-05-04 17:00:07 16 中国科学院软件研究所 1 23,338.00 北京开莱兴业科技有限公司 2016-05-04 11:11:58 17 教育部学校规划建设发展中心 2 23,338.00 北京华航创新科技有限责任公司 2016-04-29 16:24:27 18 中央办公厅电子科技学院 4 23,338.00 北京开莱兴业科技有限公司 2016-04-28 13:15:20 19 中央办公厅电子科技学院 4 23,338.00 北京开莱兴业科技有限公司 2016-04-28 12:57:17 20 国家外国专家局培训中心 1 23,338.00 北京嘉运达科技开发有限公司 2016-04-27 09:56:46
3917893 序号 采购单位 购买数量 购买单价 供应商 成交日期 1 山西省公安厅交通警察总队高速三支队 1 23,771.00 山西世纪创想电子有限公司 2016-08-17 18:09:26 2 中国科学技术大学 1 23,771.00 安徽时代中佳科贸有限责任公司 2016-08-17 16:57:12 3 浙江省气象局机关 2 23,771.00 浙江浙大网新图灵信息科技有限公司 2016-08-16 13:14:47 4 天津市信息化建设投资管理局 4 25,022.00 天津市盛达志为电子技术有限公司 2016-08-09 17:33:38 5 国家互联网信息办公室 10 25,022.00 北京开莱兴业科技有限公司 2016-08-09 13:02:56 6 国家质量监督检验检疫总局机关 1 25,022.00 北京嘉运达科技开发股份有限公司 2016-08-05 17:23:06 7 国家质量监督检验检疫总局机关 2 25,022.00 北京嘉运达科技开发股份有限公司 2016-08-05 17:23:06 8 国家质量监督检验检疫总局机关 1 25,022.00 北京嘉运达科技开发股份有限公司 2016-08-05 17:23:06 9 中国科学院信息工程研究所 10 25,022.00 时代远想(北京)科技有限公司 2016-07-28 15:05:12 10 北京一三一八单位 2 25,022.00 北京奇点宏业科技有限公司 2016-07-28 10:20:16 11 北京一三一八单位 2 25,022.00 北京北纬机电技术有限公司 2016-07-28 09:55:17 12 中国水产科学研究院东海水产研究所 1 25,022.00 上海汇策电子系统集成有限公司 2016-07-26 12:47:41 13 中国人民银行贵阳中心支行 6 24,089.00 贵州宏志数码科技工程有限公司 2016-07-20 16:17:58 14 华北电力大学（保定） 1 25,022.00 河北宇易电子科技有限公司 2016-07-20 14:10:13 15 北京一三一八单位 5 25,022.00 北京北纬机电技术有限公司 2016-07-19 16:18:03 16 华北电力大学（保定） 8 25,022.00 河北宇易电子科技有限公司 2016-07-18 08:18:12 17 水利部珠江水利委员会西江局 2 25,022.00 广西佳宁智能科技有限公司 2016-07-05 14:54:50 18 国家统计局内蒙古调查总队 1 25,022.00 内蒙古万德系统集成有限责任公司 2016-07-04 09:31:46 19 国家统计局内蒙古调查总队 1 25,022.00 内蒙古万德系统集成有限责任公司 2016-07-04 09:25:16 20 同济大学 1 25,022.00 上海群立电脑科技有限公司 2016-07-01 10:53:12
3917589 序号 采购单位 购买数量 购买单价 供应商 成交日期
3917506 序号 采购单位 购买数量 购买单价 供应商 成交日期 1 国家信息技术安全研究中心 2 19,001.56 北京众和永业科技发展有限公司 2016-08-09 16:00:38 2 水利部海河水利委员会漳卫南运河管理局 1 18,900.00 山东美承数码科技有限公司 2016-07-27 17:22:02 3 中共山西省委办公厅信息化管理中心 1 19,001.56 山西晋捷信网络工程有限公司 2016-07-27 15:03:38 4 中共山西省委办公厅信息化管理中心 1 19,001.56 山西晋捷信网络工程有限公司 2016-07-14 17:55:34 5 工业和信息化部电信研究院 1 19,001.56 北京众和永业科技发展有限公司 2016-06-01 13:53:28 6 国家外国专家局 4 19,001.56 北京中科金财科技股份有限公司 2016-05-25 19:41:26 7 北京航空航天大学 1 19,001.56 北京正群欣世信息技术有限公司 2016-04-19 12:26:25 8 岳普湖县气象局 2 19,001.56 新疆亿网科技有限责任公司 2016-01-26 12:34:34
3917505 序号 采购单位 购买数量 购买单价 供应商 成交日期 1 国家信息技术安全研究中心 4 26,970.26 北京众和永业科技发展有限公司 2016-08-09 16:00:38 2 武汉铁路公安局襄阳公安处 3 26,970.26 武汉众联恒兴科技有限公司 2016-08-09 12:15:48 3 国家新闻出版广电总局监测数据处理中心 2 26,970.26 北京众和永业科技发展有限公司 2016-08-08 19:22:06 4 人力资源和社会保障部信息中心 1 26,970.00 北京趋势未来科技发展有限公司 2016-08-04 15:24:11 5 中国搜索信息科技股份有限公司 30 26,970.26 北京中昊云天信息科技有限公司 2016-08-04 13:29:18 6 国家图书馆 1 26,970.26 北京优兆科技有限公司 2016-08-04 11:06:23 7 北京1318单位 8 26,970.26 北京博雅智学软件有限公司 2016-08-02 11:24:33 8 中共山西省委办公厅信息化管理中心 1 26,970.26 山西晋捷信网络工程有限公司 2016-07-27 15:03:38 9 中华人民共和国南宁海事局 1 26,970.26 广西巨拓电子科技有限公司 2016-07-26 09:20:40 10 新闻出版总署信息中心 2 26,970.26 北京科源众力科技有限公司 2016-07-25 16:44:46 11 国家测绘地理信息局陕西基础地理信息中心 1 26,970.00 陕西和生科技有限公司 2016-07-22 16:12:18 12 中国科学院南海海洋研究所 1 26,970.26 广州宇拓信息科技有限公司 2016-07-22 12:50:14 13 武汉铁路公安局 3 26,970.26 武汉无为广域网络技术有限公司 2016-07-20 11:34:51 14 中华人民共和国黑龙江海事局 1 26,970.26 黑龙江省速达信息产业股份有限公司 2016-07-19 11:16:55 15 甘肃省地震局 3 26,900.00 兰州凯越信息技术有限公司 2016-07-18 11:08:18 16 中共山西省委办公厅信息化管理中心 1 26,970.26 山西晋捷信网络工程有限公司 2016-07-14 17:55:34 17 国土资源部信息中心 1 26,970.26 北京信驿科技有限公司 2016-07-13 17:02:56 18 国家海洋局第三海洋研究所 1 26,800.00 福州中海信息技术有限公司 2016-07-13 16:23:25 19 国家广播电影电视总局机关服务局 2 26,970.26 北京开莱兴业科技有限公司 2016-07-13 15:24:36 20 交通运输部公路科学研究所 5 26,970.00 北京开莱兴业科技有限公司 2016-07-13 10:28:32
3917175 序号 采购单位 购买数量 购买单价 供应商 成交日期 1 中国康复研究中心 1 23,800.00 北京康迈世纪科技发展有限公司 2016-08-18 15:29:30 2 中国康复研究中心 1 23,800.00 北京康迈世纪科技发展有限公司 2016-08-17 16:38:01 3 中国科学院上海光学精密机械研究所 1 25,030.00 上海今明科技有限公司 2016-08-09 15:18:06 4 国家新闻出版广电总局七八三台 1 25,000.00 北京嘉诚致和科技有限公司 2016-06-24 16:35:27 5 中华人民共和国黄埔海关缉私局 1 19,700.00 广州铭升信息科技有限公司 2016-06-24 11:11:07 6 中国科学院理化技术研究所 1 25,030.00 北京众和永业科技发展有限公司 2016-06-20 16:33:52 7 中国银行业监督管理委员会常州监管分局 1 25,030.00 上海汇策电子系统集成有限公司 2016-06-14 12:10:30 8 中国农业科学院生物技术研究所 1 24,030.00 北京博创纪元科技有限公司 2016-05-05 17:47:50 9 中国科学院高能物理研究所 2 25,030.00 北京中达恒业科技发展有限公司 2016-04-22 17:32:09 10 水利部水利信息中心 3 25,030.00 北京美承互联数码科技发展有限公司 2016-03-30 13:47:48 11 东北大学秦皇岛分校 1 25,030.00 石家庄赛迪信息科技有限公司 2016-03-25 17:42:45 12 中国水运报社 5 23,200.00 武汉四通创新信息技术有限公司 2016-03-21 16:40:35 13 北京首都国际机场公安分局 2 23,846.00 北京逸点智欣科技有限公司 2016-01-20 11:31:45
3917174 序号 采购单位 购买数量 购买单价 供应商 成交日期 1 国家新闻出版广电总局五五四台 4 25,000.00 郑州三康电子科技有限公司 2016-08-18 09:18:31 2 中国海事服务中心 2 25,500.00 北京逸点智欣科技有限公司 2016-08-16 17:20:45 3 台州市气象局 1 25,500.00 杭州亚明威计算机有限公司 2016-08-15 09:54:10 4 国家新闻出版广电总局九五三台 2 25,500.00 长春嘉邦科技有限公司 2016-08-12 11:15:04 5 中国银行业监督管理委员会滨州监管分局 1 25,500.00 济南程远天旭科技有限公司 2016-08-12 10:48:52 6 中华人民共和国营口海事局 1 25,500.00 沈阳龙盛泰达系统集成有限公司 2016-08-12 09:42:03 7 中央人民广播电台 7 28,203.00 北京中达恒业科技发展有限公司 2016-08-11 14:52:15 8 青岛海关 8 28,000.00 青岛世纪黄河电子工程有限公司 2016-08-11 11:30:12 9 全国高等学校学生信息咨询与就业指导中心 4 28,203.00 北京金鼎九州科技发展有限公司 2016-08-08 16:17:34 10 中国电影科学技术研究所 1 28,203.00 北京众和永业科技发展有限公司 2016-08-04 14:48:57 11 青岛海关 2 24,990.00 威海至强奔腾信息技术有限公司 2016-08-04 10:20:42 12 中国气象局气象干部培训学院湖南分院 1 28,203.00 湖南新浪潮信息科技有限公司 2016-08-01 17:40:45 13 中国现代文学馆 1 28,203.00 北京慧点数码科技有限公司 2016-08-01 11:26:25 14 国家广播电影电视总局五九四台 2 28,203.00 西安恒点信息技术有限公司 2016-07-26 10:23:09 15 新闻出版总署信息中心 2 28,203.00 北京科源众力科技有限公司 2016-07-25 16:44:46 16 国家新闻出版广电总局二0二四台 4 28,203.00 北京博创纪元科技有限公司 2016-07-25 15:58:01 17 中日友好医院 1 28,203.00 北京慧博世纪科技有限公司 2016-07-25 15:50:23 18 国家新闻出版广电总局海南监测台 8 28,203.00 北京荀博科技有限公司 2016-07-21 17:28:21 19 中国科学院高能物理研究所 2 28,203.00 北京中达恒业科技发展有限公司 2016-07-21 11:16:29 20 中国科学院高能物理研究所 2 28,203.00 北京中达恒业科技发展有限公司 2016-07-21 11:16:00
3916858 序号 采购单位 购买数量 购买单价 供应商 成交日期 1 深圳先进技术研究院 3 66,107.00 北京天地超云科技有限公司 2016-01-20 11:25:54 2 中国科学院深圳先进技术研究院 4 76,589.00 北京天地超云科技有限公司 2016-01-20 11:25:06
3916857 序号 采购单位 购买数量 购买单价 供应商 成交日期 1 中国科学院深圳先进技术研究院 2 18,703.00 北京天地超云科技有限公司 2016-07-21 11:46:47 2 中国科学院深圳先进技术研究院 9 18,703.00 北京天地超云科技有限公司 2016-07-21 11:42:03 3 中国科学院深圳先进技术研究院 25 18,703.00 北京天地超云科技有限公司 2016-07-21 11:36:22 4 华北电力大学 4 18,703.00 北京中天瑞合科技有限公司 2016-07-11 10:51:16 5 华北电力大学 4 18,703.00 北京中天瑞合科技有限公司 2016-07-07 08:43:15 6 中国林业科学研究院林业新技术研究所 1 18,703.00 天云晶龙（北京）科技有限公司 2016-04-26 10:21:37 7 中国科学院力学研究所 1 18,703.00 北京德瑞天成科技有限公司 2016-02-01 14:41:33
3916651 序号 采购单位 购买数量 购买单价 供应商 成交日期
3916609 序号 采购单位 购买数量 购买单价 供应商 成交日期 1 黄河水利委员会上游水文水资源局 1 24,100.00 兰州四通电子技术有限公司 2016-07-13 08:46:14 2 中国科学院武汉岩土力学研究所 1 22,100.00 武汉四通信息服务有限公司 2016-01-28 15:40:46
3916610 序号 采购单位 购买数量 购买单价 供应商 成交日期 1 中国科学院数据与通信保护研究教育中心 1 29,013.00 北京北宇电通通信技术有限公司 2016-08-17 14:23:01 2 四川省荥经县气象局 1 30,540.00 四川创立信息科技有限责任公司 2016-06-22 14:31:31 3 中华人民共和国昆山出入境检验检疫局 2 29,150.00 江苏依迪科技发展有限公司 2016-06-06 15:34:18 4 中国环境科学研究院 1 30,540.00 北京扬帆伟业科技有限公司 2016-05-24 14:57:25 5 四川省荥经县气象局 1 30,540.00 四川创立信息科技有限责任公司 2016-05-06 12:55:19 6 四川省宝兴县气象局 1 30,540.00 四川创立信息科技有限责任公司 2016-05-06 12:55:07 7 四川省芦山县气象局 1 30,540.00 四川创立信息科技有限责任公司 2016-05-06 12:54:48 8 雅安市名山区气象局 1 30,540.00 四川创立信息科技有限责任公司 2016-05-06 12:54:35 9 华中科技大学同济医学院附属协和医院 1 30,540.00 武汉大海信息系统科技有限公司 2016-04-28 17:39:37 10 长江水利委员会水文局长江上游水文水资源勘测局 1 30,540.00 重庆千星汇科技有限公司 2016-04-26 10:22:31 11 海河流域水资源保护局 2 30,000.00 北京天泰博远科技发展有限公司 2016-03-01 11:16:19 12 中国科学院城市环境研究所 1 30,540.00 厦门泛德科技开发有限公司 2016-01-15 15:14:00
3916278 序号 采购单位 购买数量 购买单价 供应商 成交日期
3916277 序号 采购单位 购买数量 购买单价 供应商 成交日期
3921517 序号 采购单位 购买数量 购买单价 供应商 成交日期
3921339 序号 采购单位 购买数量 购买单价 供应商 成交日期 1 四川大学华西医院 6 37,096.00 四川普瑞赛斯信息技术咨询有限公司 2016-05-05 14:01:53
3921340 序号 采购单位 购买数量 购买单价 供应商 成交日期 1 国家基础地理信息中心 8 40,689.00 北京嘉华宏志科技有限公司 2016-06-02 09:55:23 2 北京航空航天大学 1 40,689.00 北京至成恒业科技发展有限公司 2016-05-16 16:38:14
3919352 序号 采购单位 购买数量 购买单价 供应商 成交日期 1 中国科学院地球环境研究所 5 80,000.00 西安海望网络科技有限公司 2016-04-12 11:14:58
3919114 序号 采购单位 购买数量 购买单价 供应商 成交日期
3918953 序号 采购单位 购买数量 购买单价 供应商 成交日期
3918615 序号 采购单位 购买数量 购买单价 供应商 成交日期
3918582 序号 采购单位 购买数量 购买单价 供应商 成交日期
3918581 序号 采购单位 购买数量 购买单价 供应商 成交日期 1 京津冀环境气象预报预警中心 1 83,267.00 北京嘉运达科技开发股份有限公司 2016-08-09 14:31:27 2 松辽流域水资源保护局 3 83,267.00 长春市颐和科技有限责任公司 2016-07-18 15:14:31 3 中国质量认证中心 1 83,267.00 北京正群欣世信息技术有限公司 2016-07-13 13:39:49 4 中国科学技术大学 6 83,267.00 安徽时代中佳科贸有限责任公司 2016-03-29 12:37:53 5 中国科学技术大学 6 83,267.00 安徽时代中佳科贸有限责任公司 2016-03-14 12:19:49
3917923 序号 采购单位 购买数量 购买单价 供应商 成交日期
3917922 序号 采购单位 购买数量 购买单价 供应商 成交日期
3917508 序号 采购单位 购买数量 购买单价 供应商 成交日期 1 人力资源和社会保障部 3 110,188.00 北京胜世嘉业科技有限责任公司 2016-07-07 10:30:12
3917507 序号 采购单位 购买数量 购买单价 供应商 成交日期 1 农业部规划设计研究院 2 98,151.48 北京数码地带科技有限责任公司 2016-07-21 15:22:42 2 农业部规划设计研究院 2 98,151.48 北京开莱兴业科技有限公司 2016-07-06 13:00:39 3 人力资源和社会保障部 1 98,000.00 北京胜世嘉业科技有限责任公司 2016-04-19 16:32:49 4 中国科协信息中心 8 98,151.48 北京恒胜科技有限公司 2016-03-28 16:36:04
3916616 序号 采购单位 购买数量 购买单价 供应商 成交日期
3916617 序号 采购单位 购买数量 购买单价 供应商 成交日期
3921677 序号 采购单位 购买数量 购买单价 供应商 成交日期 1 工业和信息化部电子工业标准化研究院 4 31,625.00 北京美承互联数码科技发展有限公司 2016-02-25 16:45:23
3921678 序号 采购单位 购买数量 购买单价 供应商 成交日期
3921518 序号 采购单位 购买数量 购买单价 供应商 成交日期
3921446 序号 采购单位 购买数量 购买单价 供应商 成交日期
3921342 序号 采购单位 购买数量 购买单价 供应商 成交日期 1 长安大学 1 15,401.00 西安环太科技发展有限公司 2016-04-12 18:11:53
3921341 序号 采购单位 购买数量 购买单价 供应商 成交日期 1 中国电影科学技术研究所 8 23,313.00 北京胜创致远科技有限公司 2016-07-21 14:24:03 2 中国科学技术大学 1 23,313.00 合肥佳思特信息技术有限公司 2016-07-04 16:34:36 3 资环学院 8 23,313.00 四川普瑞赛斯信息技术咨询有限公司 2016-06-30 16:23:04 4 资环学院 6 23,313.00 四川普瑞赛斯信息技术咨询有限公司 2016-06-30 16:16:57 5 上海财经大学 8 23,313.00 上海中隽电子科技发展有限公司 2016-06-24 13:57:32 6 中国科学院大学 8 23,313.00 北京网信未来信息技术有限公司 2016-06-12 15:15:48 7 同济大学 5 23,313.00 上海仪电鑫森科技发展有限公司 2016-05-18 17:04:06 8 中国科学院国家天文台 16 23,313.00 北京瑞科远东科技有限公司 2016-05-04 12:00:16 9 中国科学院国家天文台 16 23,313.00 北京迅驰动力科技有限公司 2016-03-28 09:48:07
3919354 序号 采购单位 购买数量 购买单价 供应商 成交日期 1 中国科学院理化技术研究所 14 44,200.00 北京众和永业科技发展有限公司 2016-04-11 10:47:52
3919323 序号 采购单位 购买数量 购买单价 供应商 成交日期
3918954 序号 采购单位 购买数量 购买单价 供应商 成交日期
3918814 序号 采购单位 购买数量 购买单价 供应商 成交日期
3918815 序号 采购单位 购买数量 购买单价 供应商 成交日期
3918728 序号 采购单位 购买数量 购买单价 供应商 成交日期
3918616 序号 采购单位 购买数量 购买单价 供应商 成交日期
3918584 序号 采购单位 购买数量 购买单价 供应商 成交日期 1 国家新闻出版广电总局广播电视卫星直播管理中心 4 28,142.00 北京嘉运达科技开发股份有限公司 2016-07-28 09:36:56 2 南京理工大学 3 28,146.00 南京苏创汇网络有限公司 2016-06-30 08:37:11 3 中国土地勘测规划院 5 28,146.00 北京华诚联合设备安装工程有限公司 2016-05-31 10:01:52 4 中国土地勘测规划院 5 28,146.00 北京华诚联合设备安装工程有限公司 2016-05-31 10:01:23 5 中国科学技术大学 6 28,146.00 安徽时代中佳科贸有限责任公司 2016-03-18 15:32:12 6 中国科学技术大学 3 28,146.00 安徽时代中佳科贸有限责任公司 2016-03-18 15:31:51 7 中国科学技术大学 17 28,146.00 安徽时代中佳科贸有限责任公司 2016-03-14 12:20:11
3918583 序号 采购单位 购买数量 购买单价 供应商 成交日期 1 中国科学技术大学 3 26,250.00 安徽时代中佳科贸有限责任公司 2016-07-22 09:08:02 2 国家海洋环境预报中心 12 26,250.00 北京辉蓝保盈科技发展有限公司 2016-06-28 10:10:57 3 上海交通大学 8 25,620.00 上海鑫湛信息科技有限公司 2016-05-30 17:54:16
3917924 序号 采购单位 购买数量 购买单价 供应商 成交日期
3917925 序号 采购单位 购买数量 购买单价 供应商 成交日期
3917509 序号 采购单位 购买数量 购买单价 供应商 成交日期 1 广州铁路公安局 4 28,688.78 广州盛富和科技有限公司 2016-08-15 08:54:52 2 广州铁路公安局 2 28,688.78 广州盛富和科技有限公司 2016-08-11 09:56:44
3917510 序号 采购单位 购买数量 购买单价 供应商 成交日期 1 北京航空航天大学 8 32,210.87 北京思达睿智系统集成有限公司 2016-05-04 09:55:57
3916619 序号 采购单位 购买数量 购买单价 供应商 成交日期 1 中国地震台网中心 3 30,311.00 北京开莱兴业科技有限公司 2016-07-28 15:34:17 2 中央美术学院 1 30,311.00 北京开莱兴业科技有限公司 2016-05-17 14:24:54
3916618 序号 采购单位 购买数量 购买单价 供应商 成交日期 1 山西省疾病預防控制中心 1 26,002.00 太原百益众赢科技有限公司 2016-08-15 10:36:43
3921679 序号 采购单位 购买数量 购买单价 供应商 成交日期 1 西安交大核科学与技术学院 5 24,645.00 西安秦源电子科技有限责任公司 2016-07-06 11:09:43 2 中国美术馆 4 24,645.00 北京英信未来科技有限公司 2016-06-14 15:26:37
3921680 序号 采购单位 购买数量 购买单价 供应商 成交日期
3921519 序号 采购单位 购买数量 购买单价 供应商 成交日期
3921445 序号 采购单位 购买数量 购买单价 供应商 成交日期
3921343 序号 采购单位 购买数量 购买单价 供应商 成交日期 1 上海国家会计学院 2 12,845.00 上海中隽电子科技发展有限公司 2016-06-16 13:47:20 2 大连海事大学 10 12,845.00 大连睿信达信息技术有限公司 2016-06-01 12:33:30 3 中国科学院生物物理研究所 4 12,845.00 北京众和永业科技发展有限公司 2016-05-18 11:28:25 4 深圳先进技术研究院 1 12,845.00 深圳市长城网电脑科技开发有限公司 2016-04-11 11:26:51
3921344 序号 采购单位 购买数量 购买单价 供应商 成交日期 1 中国石油大学（北京） 3 16,730.00 北京成众世纪科技有限责任公司 2016-06-27 10:57:09 2 中国科学院合肥物质科学研究院 2 16,730.00 安徽新美达信息科技有限公司 2016-05-11 13:17:29 3 中国科学院微生物研究所 1 16,730.00 北京众和永业科技发展有限公司 2016-04-21 16:09:08
3919357 序号 采购单位 购买数量 购买单价 供应商 成交日期 1 中国科学院信息工程研究所 2 16,138.00 曙光信息产业（北京）有限公司 2016-08-15 13:20:09 2 北京科技大学 24 16,988.00 曙光信息产业（北京）有限公司 2016-06-28 10:12:20 3 中国气象局上海台风研究所 6 17,160.00 上海盛举信息科技有限公司 2016-06-27 10:59:47 4 中国地质调查局沈阳地质调查中心 7 17,160.00 鑫长德科技技术有限公司 2016-06-17 16:10:52 5 南京航空航天大学 1 17,160.00 南京优之杰科技资讯有限公司 2016-06-08 13:25:21 6 中国科学技术大学 9 17,160.00 安徽新博智能科技有限公司 2016-06-06 16:01:56 7 浙江大学 2 17,160.00 浙江同力信息科技有限公司 2016-05-17 15:22:32 8 浙江大学 1 17,160.00 浙江同力信息科技有限公司 2016-05-17 14:06:23 9 浙江大学 1 17,160.00 浙江同力信息科技有限公司 2016-05-12 13:26:26 10 中国科学技术大学 6 17,160.00 安徽时代中佳科贸有限责任公司 2016-04-29 17:40:16 11 中国科学院大气物理研究所 7 17,160.00 北京广和科技有限公司 2016-04-28 12:38:41
3919324 序号 采购单位 购买数量 购买单价 供应商 成交日期 1 北京航空航天大学 1 13,200.00 联泰集群（北京）科技有限责任公司 2016-07-29 11:46:42
3918955 序号 采购单位 购买数量 购买单价 供应商 成交日期
3918813 序号 采购单位 购买数量 购买单价 供应商 成交日期
3918812 序号 采购单位 购买数量 购买单价 供应商 成交日期
3918617 序号 采购单位 购买数量 购买单价 供应商 成交日期
3918585 序号 采购单位 购买数量 购买单价 供应商 成交日期
3918586 序号 采购单位 购买数量 购买单价 供应商 成交日期
3917929 序号 采购单位 购买数量 购买单价 供应商 成交日期
3917930 序号 采购单位 购买数量 购买单价 供应商 成交日期
3917512 序号 采购单位 购买数量 购买单价 供应商 成交日期 1 水利部海河水利委员会漳卫南运河管理局 2 25,520.00 山东美承数码科技有限公司 2016-07-27 17:22:02 2 农业部规划设计研究院 2 25,670.38 北京数码地带科技有限责任公司 2016-07-21 15:22:42 3 工业和信息化部电子工业标准化研究院 11 25,670.38 北京科源众力科技有限公司 2016-07-12 09:28:59 4 农业部规划设计研究院 2 25,670.38 北京开莱兴业科技有限公司 2016-07-06 13:00:20 5 国土资源部土地整治中心 4 25,670.00 北京毅嘉世纪网络技术有限公司 2016-07-05 19:41:22 6 西南民族大学 8 25,670.00 成都建文科技发展有限公司 2016-06-20 15:47:09 7 南京出入境检验检疫局 1 23,102.00 南京云赛软件有限公司 2016-05-20 10:19:27 8 西南民族大学 6 23,000.00 成都建文科技发展有限公司 2016-04-19 17:49:58 9 人力资源和社会保障部 2 25,600.00 北京胜世嘉业科技有限责任公司 2016-04-19 16:32:49 10 人力资源和社会保障部 1 25,600.00 北京胜世嘉业科技有限责任公司 2016-04-19 16:32:49
3917514 序号 采购单位 购买数量 购买单价 供应商 成交日期 1 水利部海河水利委员会漳卫南运河管理局 1 108,750.00 山东美承数码科技有限公司 2016-07-27 17:22:02 2 工业和信息化部电子工业标准化研究院 1 108,850.67 北京科源众力科技有限公司 2016-07-12 09:28:59 3 人力资源和社会保障部 1 108,850.00 北京胜世嘉业科技有限责任公司 2016-07-07 10:30:12 4 国土资源部土地整治中心 1 108,850.00 北京毅嘉世纪网络技术有限公司 2016-07-05 19:41:22 5 南京出入境检验检疫局 1 108,849.00 南京云赛软件有限公司 2016-05-20 10:19:27 6 北京航空航天大学 1 108,850.67 北京思达睿智系统集成有限公司 2016-05-16 14:29:29 7 中国信息安全测评中心 1 108,850.67 北京胜世嘉业科技有限责任公司 2016-02-29 11:45:42
3917180 序号 采购单位 购买数量 购买单价 供应商 成交日期 1 中国科学院高能物理研究所 6 22,800.00 北京中达恒业科技发展有限公司 2016-08-16 14:24:17 2 浙江省气象信息网络中心 2 24,034.00 杭州文煦电子科技有限公司 2016-06-24 10:42:19 3 浙江省气象信息网络中心 2 24,034.00 杭州孚莲信息科技有限公司 2016-06-23 14:35:24 4 国家新闻出版广电总局二九二台 3 24,034.00 北京京捷铭阳科技有限公司 2016-05-26 15:58:00 5 中国美术馆 4 24,034.00 北京慧点数码科技有限公司 2016-05-23 10:50:09
3921748 序号 采购单位 购买数量 购买单价 供应商 成交日期 1 浙江大学 1 56,800.00 北京容天汇海科技有限公司 2016-04-26 12:11:17 2 浙江大学 1 56,800.00 北京容天汇海科技有限公司 2016-04-21 11:17:54
3921651 序号 采购单位 购买数量 购买单价 供应商 成交日期 1 北京邮电大学 1 72,480.00 北京恒润浩远科技发展有限公司 2016-06-20 17:24:29 2 北京航空航天大学 2 74,500.00 北京圣邦天麒科技有限公司 2016-05-13 11:31:09 3 北京航空航天大学 2 74,500.00 北京华文基业科技有限公司 2016-05-12 16:43:24 4 中国科学院计算技术研究所 1 74,500.00 北京迎福时代数码科技有限公司 2016-01-13 11:54:02
3921648 序号 采购单位 购买数量 购买单价 供应商 成交日期 1 中国农业科学院蜜蜂研究所 1 241,000.00 北京良源鼎鑫科技有限公司 2016-04-28 18:07:40 2 中国科学技术大学 1 432,000.00 安徽时代中佳科贸有限责任公司 2016-04-20 17:53:49 3 中国科学院国家天文台 1 432,000.00 北京空海科技发展有限公司 2016-03-08 10:48:08
3921346 序号 采购单位 购买数量 购买单价 供应商 成交日期 1 中国艺术研究院 1 38,636.00 北京友邦佳通电子科技有限公司 2016-08-04 09:55:40 2 中国科学院地理科学与资源研究所 1 38,636.00 北京网信未来信息技术有限公司 2016-08-02 11:16:41 3 中国科学院地理科学与资源研究所 1 38,636.00 北京网信未来信息技术有限公司 2016-08-02 10:29:29 4 中国科学院地理科学与资源研究所 1 38,636.00 北京网信未来信息技术有限公司 2016-08-02 10:28:48 5 中国科学院地理科学与资源研究所 1 38,636.00 北京网信未来信息技术有限公司 2016-08-02 10:23:28 6 国家林业局调查规划设计院 1 38,636.00 北京趋势未来科技发展有限公司 2016-08-02 10:06:36 7 中国科学院地理科学与资源研究所 1 38,636.00 北京网信未来信息技术有限公司 2016-07-29 14:33:30 8 中国科学院地理科学与资源研究所 1 38,636.00 北京网信未来信息技术有限公司 2016-07-29 14:32:13 9 中国科学院地理科学与资源研究所 1 38,636.00 北京网信未来信息技术有限公司 2016-07-29 14:28:55 10 中国科学院地理科学与资源研究所 1 38,636.00 北京网信未来信息技术有限公司 2016-07-29 14:20:41 11 北京交通大学 1 38,636.00 北京友邦佳通电子科技有限公司 2016-07-19 10:47:40 12 北京邮电大学 1 38,636.00 北京核聚瑞增系统科技有限公司 2016-07-18 11:10:40 13 北京市密云区气象局 1 38,636.00 北京瑞科远东科技有限公司 2016-07-15 17:08:18 14 中国科学院大气物理研究所 1 38,636.00 北京众和永业科技发展有限公司 2016-07-15 14:48:57 15 大连海事大学 2 38,636.00 大连中讯科技有限公司 2016-07-13 14:13:39 16 大连海事大学 1 38,636.00 大连中讯科技有限公司 2016-07-13 14:12:46 17 大连海事大学 2 38,636.00 大连中讯科技有限公司 2016-07-13 14:11:11 18 财政部驻江苏省财政监察专员办事处 1 38,636.00 江苏依迪科技发展有限公司 2016-07-13 12:21:44 19 华中师范大学 1 38,636.00 武汉盖威尔信息科技有限公司 2016-07-07 15:34:51 20 中国农学会 1 38,636.00 北京网信未来信息技术有限公司 2016-07-06 10:15:52
3921345 序号 采购单位 购买数量 购买单价 供应商 成交日期 1 国家林业局调查规划设计院 1 29,770.00 北京趋势未来科技发展有限公司 2016-08-02 10:06:36 2 中国民用航空华北地区空中交通管理局 1 29,770.00 北京科源众力科技有限公司 2016-07-26 16:07:51 3 地壳运动监测工程研究中心 1 29,770.00 北京众和永业科技发展有限公司 2016-07-19 11:45:01 4 中国科学院计算技术研究所 1 29,770.00 北京迅驰动力科技有限公司 2016-07-13 09:54:27 5 长江南京航道局扬中航道处 1 29,770.00 南京杰世欣计算机科技有限公司 2016-06-23 15:14:02 6 山西省林权服务中心 2 29,770.00 山西指北针科技有限公司 2016-06-21 15:57:07 7 中国矿业大学 2 29,770.00 徐州程辉科技有限公司 2016-06-12 09:10:51 8 国家基础地理信息中心 1 29,770.00 北京嘉华宏志科技有限公司 2016-05-17 17:54:04 9 山西省林权服务中心 2 29,770.00 山西指北针科技有限公司 2016-05-12 10:00:48 10 中国科学技术大学 1 29,770.00 合肥佳思特信息技术有限公司 2016-05-12 09:08:36 11 南京航空航天大学（二院） 1 29,164.00 南京杰世欣计算机科技有限公司 2016-05-11 10:13:02 12 南京航空航天大学(二院） 1 29,164.00 南京杰世欣计算机科技有限公司 2016-05-11 09:26:39 13 山西青年职业学院 3 29,770.00 山西指北针科技有限公司 2016-05-04 10:38:45 14 青海省大气探测技术保障中心 4 29,770.00 北京众和永业科技发展有限公司 2016-04-26 09:46:24 15 中国科学院微生物研究所 1 29,770.00 北京众和永业科技发展有限公司 2016-04-21 16:08:18 16 中国科学院上海药物研究所 1 29,770.00 萃群实业（上海）有限公司 2016-04-15 09:49:47 17 山西青年职业学院 2 29,770.00 山西指北针科技有限公司 2016-04-12 14:17:32 18 中国科学院近代物理研究所 1 29,770.00 甘肃亿佰乐电子科技工程有限公司 2016-04-11 16:54:07 19 山西青年职业学院 2 29,770.00 山西指北针科技有限公司 2016-03-29 12:09:08 20 中国农业科学院农业资源与农业区划研究所 2 25,062.00 北京众和永业科技发展有限公司 2016-03-14 16:09:20
3921296 序号 采购单位 购买数量 购买单价 供应商 成交日期 1 北京理工大学 1 149,179.00 北京瑞科远东科技有限公司 2016-05-04 09:17:17
3919369 序号 采购单位 购买数量 购买单价 供应商 成交日期 1 北京师范大学 1 32,155.00 北京维深思远科技有限公司 2016-08-11 21:33:43 2 中国科学院大气物理研究所 4 34,190.00 北京广和科技有限公司 2016-07-28 15:59:32 3 中国科学院信息工程研究所 3 34,190.00 北京亿豪永信科技有限公司 2016-07-18 13:50:22 5 西安交通大学人居环境与建筑工程学院 1 34,190.00 陕西瑞光自动化仪表有限公司 2016-07-05 10:11:46 6 中国科学院信息工程研究所 8 34,190.00 曙光信息产业（北京）有限公司 2016-06-22 15:58:56 7 中国科学院信息工程研究所 8 34,190.00 曙光信息产业（北京）有限公司 2016-05-16 10:39:47 8 中国科学院信息工程研究所 2 34,190.00 北京亿豪永信科技有限公司 2016-04-28 12:02:03 9 中国科学院信息工程研究所 1 34,190.00 北京亿豪永信科技有限公司 2016-04-27 17:45:56 10 中国科学技术大学 1 34,190.00 安徽时代中佳科贸有限责任公司 2016-04-15 14:38:28
3919368 序号 采购单位 购买数量 购买单价 供应商 成交日期 1 中国科学院声学研究所 2 34,478.00 北京联众友悦科技咨询有限公司 2016-08-15 20:25:04 2 中国科学院声学研究所 2 34,478.00 北京联众友悦科技咨询有限公司 2016-08-15 19:53:22 3 山西省农业科学院畜牧兽医研究所 1 34,478.00 北京众和永业科技发展有限公司 2016-08-15 16:40:19 4 中国科学院声学研究所 2 34,478.00 北京联众友悦科技咨询有限公司 2016-08-12 13:48:59 5 中国科学院声学研究所 2 34,478.00 北京联众友悦科技咨询有限公司 2016-08-12 10:57:26 6 浙江大学 1 36,660.00 浙江同力信息科技有限公司 2016-04-19 14:35:55
3919328 序号 采购单位 购买数量 购买单价 供应商 成交日期
3919325 序号 采购单位 购买数量 购买单价 供应商 成交日期
3919094 序号 采购单位 购买数量 购买单价 供应商 成交日期
3919112 序号 采购单位 购买数量 购买单价 供应商 成交日期
3918819 序号 采购单位 购买数量 购买单价 供应商 成交日期
3918818 序号 采购单位 购买数量 购买单价 供应商 成交日期
3918863 序号 采购单位 购买数量 购买单价 供应商 成交日期
3918862 序号 采购单位 购买数量 购买单价 供应商 成交日期
3918612 序号 采购单位 购买数量 购买单价 供应商 成交日期
3918588 序号 采购单位 购买数量 购买单价 供应商 成交日期 1 中华人民共和国大连海事局 1 32,580.00 大连鸿鹄伟业科技有限公司 2016-07-28 10:39:28 2 华北电力大学 1 32,580.00 北京嘉运达科技开发股份有限公司 2016-07-28 10:38:10 3 中国科学技术信息研究所 8 32,580.00 北京鼎盛嘉业科贸有限责任公司 2016-07-18 15:58:07 4 中国证券监督管理委员会黑龙江监管局 2 32,580.00 黑龙江省速达信息产业股份有限公司 2016-06-29 09:43:11 5 中国农业大学 1 32,580.00 北京嘉运达科技开发股份有限公司 2016-06-27 11:25:57 6 中国农业大学 1 32,580.00 北京嘉运达科技开发股份有限公司 2016-06-27 11:00:49 7 国际关系学院 1 32,000.00 北京网信未来信息技术有限公司 2016-06-12 14:29:10 8 中国信息安全认证中心 6 32,580.00 北京正群欣世信息技术有限公司 2016-04-29 12:23:37 9 中国质检报刊社 5 32,580.00 北京隆华志强科技有限公司 2016-04-20 16:50:09
3918587 序号 采购单位 购买数量 购买单价 供应商 成交日期 1 中国医学科学院肿瘤医院 1 31,797.00 北京网信未来信息技术有限公司 2016-07-13 13:20:51 2 中国医学科学院肿瘤医院 1 31,797.00 北京网信未来信息技术有限公司 2016-07-13 13:20:51 3 水利部水土保持监测中心 1 31,797.00 北京嘉运达科技开发股份有限公司 2016-06-27 09:24:12 4 中国医学科学院肿瘤医院 2 31,797.00 北京嘉运达科技开发股份有限公司 2016-05-20 14:10:07
3917931 序号 采购单位 购买数量 购买单价 供应商 成交日期
3917928 序号 采购单位 购买数量 购买单价 供应商 成交日期
3917518 序号 采购单位 购买数量 购买单价 供应商 成交日期 1 工业和信息化部电信研究院 1 32,200.00 北京天合中亿科技有限公司 2016-08-04 11:47:56 2 国家新闻出版广电总局监管中心 1 32,206.00 北京众和永业科技发展有限公司 2016-07-04 15:55:42 3 浙江大学 2 32,206.11 浙江浙大网新图灵信息科技有限公司 2016-06-24 10:48:36 4 工业和信息化部电信研究院 1 32,206.11 北京众和永业科技发展有限公司 2016-06-13 10:40:55 5 国家新闻出版广电总局监测数据处理中心 1 32,206.00 北京众和永业科技发展有限公司 2016-06-13 09:38:33 6 国家广播电影电视总局五五三台 5 32,200.00 北京耀华伟业科技有限公司 2016-06-02 10:02:30 7 工业和信息化部电信研究院 1 32,206.11 北京众和永业科技发展有限公司 2016-05-23 17:31:50 8 大连海事大学 2 31,044.00 大连联创世纪信息系统有限公司 2016-05-17 08:53:59 9 中国科学院深圳先进技术研究院 4 32,206.00 深圳市龙城网络科技有限公司 2016-05-10 14:37:11 10 中国科学院软件研究所 1 32,206.11 北京开莱兴业科技有限公司 2016-04-26 10:55:37
3917516 序号 采购单位 购买数量 购买单价 供应商 成交日期 1 北京医院 1 105,884.99 北京优兆科技有限公司 2016-07-28 16:05:18 2 工业和信息化部电子工业标准化研究院 2 105,884.99 北京科源众力科技有限公司 2016-06-20 10:55:40
3917183 序号 采购单位 购买数量 购买单价 供应商 成交日期
3916856 序号 采购单位 购买数量 购买单价 供应商 成交日期
3916861 序号 采购单位 购买数量 购买单价 供应商 成交日期
3916611 序号 采购单位 购买数量 购买单价 供应商 成交日期
3916612 序号 采购单位 购买数量 购买单价 供应商 成交日期 1 重庆海事局 1 47,697.00 重庆千星汇科技有限公司 2016-03-17 16:13:50
3921676 序号 采购单位 购买数量 购买单价 供应商 成交日期 1 中国科学院新疆天文台 1 12,200.00 北京世纪森淼科技有限公司 2016-08-17 11:33:43 2 北京一三一八单位 15 22,200.00 北京传奇天地科技有限公司 2016-08-10 10:17:49 3 中国科学院自动化研究所 1 22,209.00 北京新畅海通科技有限公司 2016-08-08 21:46:51 4 水利部交通运输部国家能源局南京水利科学研究院 1 21,850.00 南京华慷孚电子科技有限公司 2016-08-03 15:36:28 7 天津大学 16 22,209.00 天津英信科技有限公司 2016-07-14 11:44:04 8 中山大学附属口腔医院 4 22,209.00 广州帝博瑞克系统集成有限公司 2016-07-11 16:29:22 9 中山大学附属口腔医院 4 22,209.00 广州帝博瑞克系统集成有限公司 2016-07-08 17:15:11 10 中国科学院自动化研究所 1 22,209.00 北京英信未来科技有限公司 2016-07-08 16:08:03 12 交通运输部管理干部学院 1 22,209.00 北京锦程易通科技有限公司 2016-06-12 15:23:32 13 北京一三一八单位 5 20,000.00 北京传奇天地科技有限公司 2016-06-07 14:32:29 14 北京一三一八单位 10 20,000.00 北京传奇天地科技有限公司 2016-06-07 14:32:13 15 中国医学科学院医学实验动物研究所 2 22,209.00 北京九州网域科技发展有限公司 2016-05-12 11:04:54 16 长丰县气象局 1 22,000.00 安徽漠洲信息科技有限公司 2016-05-11 16:42:14 17 中共山西省纪律检查委员会信息中心 2 22,209.00 山西众合达科技有限公司 2016-05-11 14:56:48 18 国家新闻出版广电总局广播科学研究院 1 22,209.00 北京传奇天地科技有限公司 2016-05-10 09:52:50 20 北京一三一八单位 2 22,209.00 北京北纬机电技术有限公司 2016-05-04 16:38:52
3921675 序号 采购单位 购买数量 购买单价 供应商 成交日期 1 西安交通大学口腔医院 2 67,000.00 陕西合创翼联网络技术服务有限公司 2016-08-17 17:43:13 2 教育部考试中心 4 68,895.00 北京亿中景科技发展有限公司 2016-08-17 15:23:57 3 中国艺术研究院 2 68,895.00 北京众和永业科技发展有限公司 2016-08-17 12:17:56 4 教育部考试中心 4 68,895.00 北京亿中景科技发展有限公司 2016-08-15 10:42:27 5 天津市信息化建设投资管理局 1 72,522.00 松合华添科技发展（北京）有限公司 2016-08-04 09:14:40 6 北京一三一八单位 1 72,522.00 北京北纬机电技术有限公司 2016-07-28 16:50:34 7 国际关系学院 6 72,522.00 北京传奇天地科技有限公司 2016-07-22 16:28:57 8 水利部水利信息中心 6 72,522.00 北京趋势未来科技发展有限公司 2016-07-20 11:47:57 9 山西省人口信息发展研究中心 2 71,200.00 山西众合达科技有限公司 2016-06-21 10:47:57 10 民政部 8 72,522.00 北京开莱兴业科技有限公司 2016-06-21 09:48:17 11 国家机关事务管理局办公室 2 72,522.00 北京国科博望科技有限公司 2016-06-17 08:37:08 12 新疆出入境检验检疫局 4 66,200.00 东华软件股份公司 2016-06-08 14:15:32 13 山西省卫生厅信息管理中心 2 72,000.00 山西众合达科技有限公司 2016-06-07 15:14:17 14 中国科学技术大学 1 69,000.00 安徽漠洲信息科技有限公司 2016-06-06 14:56:46 15 国家新闻出版广电总局广播科学研究院 2 72,522.00 北京英信未来科技有限公司 2016-06-03 15:17:21 16 国家土地督察武汉局 1 72,522.00 武汉英信科技有限公司 2016-05-27 09:30:42 17 1038单位 2 72,522.00 北京海石花实业开发公司 2016-05-12 15:35:27 18 黄河水利委员会信息中心 2 72,522.00 郑州苏富特软件有限公司 2016-05-04 17:18:22 19 山西省自动化研究所 1 72,522.00 山西世纪创想电子有限公司 2016-04-28 17:53:23 20 中华人民共和国上海海事局 2 72,522.00 上海汇策电子系统集成有限公司 2016-04-28 14:54:53
3921348 序号 采购单位 购买数量 购买单价 供应商 成交日期 1 国家粮食局 1 23,810.00 北京浩普诚华科技有限公司 2016-07-29 17:19:33 2 审计署审计干部教育学院 2 23,810.00 南京杰世欣计算机科技有限公司 2016-07-27 16:04:14 3 东华大学（原中国纺织大学） 1 23,810.00 上海惠衡科技发展有限公司 2016-07-18 14:00:58 4 北京语言大学 1 23,810.00 北京核聚瑞增系统科技有限公司 2016-07-07 10:57:49 5 中国农业科学院农业资源与农业区划研究所 1 23,810.00 北京众和永业科技发展有限公司 2016-07-04 14:35:32 6 中国地质大学计算机学院 1 23,810.00 武汉宏数信息技术有限责任公司 2016-07-04 11:39:09 7 中国科学院合肥物质科学研究院 1 23,810.00 安徽新美达信息科技有限公司 2016-06-30 16:32:50 8 国家新闻出版广电总局呼和浩特地球站 5 22,800.00 内蒙古誉铭科技发展有限公司 2016-06-16 10:33:30 9 中国人民大学 1 23,810.00 北京友邦佳通电子科技有限公司 2016-05-31 13:45:10 10 新疆维吾尔自治区地震局 2 23,810.00 乌鲁木齐市久诚电子有限公司 2016-05-24 12:32:06 11 南京航空航天大学-二院 1 21,407.00 南京杰世欣计算机科技有限公司 2016-05-13 11:49:39 12 中国科学院上海药物研究所 1 23,810.00 上海港讯电子科技有限公司 2016-05-12 14:27:22 13 中国科学院遥感与数字地球研究所 1 23,810.00 北京嘉华宏志科技有限公司 2016-04-20 12:12:11 14 中国科学院新疆生态与地理研究所 1 23,810.00 乌鲁木齐市久诚电子有限公司 2016-04-06 10:24:15 15 中国科学院计算技术研究所 5 23,810.00 北京瑞科远东科技有限公司 2016-03-29 14:42:08 16 中国农业科学院农业资源与农业区划研究所 1 30,636.00 北京众和永业科技发展有限公司 2016-03-14 17:12:32 17 中国科学院生态环境研究中心 1 23,810.00 北京至成恒业科技发展有限公司 2016-01-14 13:44:19
3921347 序号 采购单位 购买数量 购买单价 供应商 成交日期
3919371 序号 采购单位 购买数量 购买单价 供应商 成交日期
3919370 序号 采购单位 购买数量 购买单价 供应商 成交日期 1 华北电力大学 1 19,500.00 北京胜世嘉业科技有限责任公司 2016-06-29 10:58:45
3919316 序号 采购单位 购买数量 购买单价 供应商 成交日期 1 浙江大学 1 12,530.00 联泰集群（北京）科技有限责任公司 2016-07-29 17:12:45 2 北京交通大学 5 12,530.00 北京康邦科技有限公司 2016-07-08 10:45:25 3 中国矿业大学 1 10,000.00 联泰集群（北京）科技有限责任公司 2016-06-08 10:30:25
3919315 序号 采购单位 购买数量 购买单价 供应商 成交日期 1 中国科学院半导体研究所 1 13,700.00 联泰集群（北京）科技有限责任公司 2016-07-19 10:24:24 2 中国科学院遥感与数字地球研究所 1 13,000.00 联泰集群（北京）科技有限责任公司 2016-06-16 15:07:13
3919115 序号 采购单位 购买数量 购买单价 供应商 成交日期
3919105 序号 采购单位 购买数量 购买单价 供应商 成交日期
3918864 序号 采购单位 购买数量 购买单价 供应商 成交日期
3918817 序号 采购单位 购买数量 购买单价 供应商 成交日期
3918816 序号 采购单位 购买数量 购买单价 供应商 成交日期
3918865 序号 采购单位 购买数量 购买单价 供应商 成交日期
3918613 序号 采购单位 购买数量 购买单价 供应商 成交日期
3918589 序号 采购单位 购买数量 购买单价 供应商 成交日期
3918590 序号 采购单位 购买数量 购买单价 供应商 成交日期
3917933 序号 采购单位 购买数量 购买单价 供应商 成交日期
3917932 序号 采购单位 购买数量 购买单价 供应商 成交日期
3917522 序号 采购单位 购买数量 购买单价 供应商 成交日期
3917519 序号 采购单位 购买数量 购买单价 供应商 成交日期 1 北京医院 3 24,729.60 北京优兆科技有限公司 2016-07-28 16:05:18 2 国家广播电影电视总局机关服务局 10 24,729.60 北京开莱兴业科技有限公司 2016-06-01 09:42:47 3 工业和信息化部电子科学技术情报研究所 7 24,729.00 北京北方怡合信息技术有限公司 2016-05-13 16:53:42 4 北京航空航天大学 4 24,729.60 北京正群欣世信息技术有限公司 2016-04-13 14:52:15
3917184 序号 采购单位 购买数量 购买单价 供应商 成交日期 1 山西省交通科学技术信息中心站 1 69,180.00 山西德恩普科技有限公司 2016-07-29 14:12:21 2 中国科学院自动化研究所 3 76,251.00 北京众和永业科技发展有限公司 2016-06-08 15:47:53 3 浙江大学 1 76,251.00 杭州孚莲信息科技有限公司 2016-05-03 14:55:09
3916855 序号 采购单位 购买数量 购买单价 供应商 成交日期
3916862 序号 采购单位 购买数量 购买单价 供应商 成交日期
3916614 序号 采购单位 购买数量 购买单价 供应商 成交日期 1 重庆市气象信息与技术保障中心 3 28,528.00 重庆千星汇科技有限公司 2016-06-15 18:31:22
3916613 序号 采购单位 购买数量 购买单价 供应商 成交日期 1 西安交通大学口腔医院 2 25,000.00 长城计算机软件与系统有限公司 2016-08-17 16:47:53
3921652 序号 采购单位 购买数量 购买单价 供应商 成交日期 1 中国科学院计算技术研究所 1 70,900.00 北京迎福时代数码科技有限公司 2016-07-25 16:10:50 2 中国科学院自动化研究所 1 70,900.00 北京新畅海通科技有限公司 2016-07-18 19:24:05 3 中国科学院自动化研究所 1 70,900.00 北京新畅海通科技有限公司 2016-07-18 19:23:51 4 中国科学院自动化研究所 1 70,900.00 北京新畅海通科技有限公司 2016-07-18 19:23:35 5 中国科学院自动化研究所 1 70,900.00 北京新畅海通科技有限公司 2016-07-18 19:23:20 6 中国科学院自动化研究所 1 70,900.00 北京新畅海通科技有限公司 2016-07-18 19:22:59 7 中国科学院自动化研究所 5 70,900.00 北京新畅海通科技有限公司 2016-07-11 16:09:36
3921649 序号 采购单位 购买数量 购买单价 供应商 成交日期
3921654 序号 采购单位 购买数量 购买单价 供应商 成交日期 1 中国科学院自动化研究所 1 56,500.00 北京新畅海通科技有限公司 2016-07-22 12:13:47 2 中国科学院自动化研究所 1 56,500.00 北京新畅海通科技有限公司 2016-07-22 11:55:11 3 中国科学院自动化研究所 1 56,500.00 北京新畅海通科技有限公司 2016-07-22 11:54:09 4 水利部交通运输部国家能源局南京水利科学研究院 2 49,900.00 南京华慷孚电子科技有限公司 2016-07-19 10:45:45 5 电子科技大学 8 56,500.00 四川百诚信息技术有限公司 2016-07-07 10:52:16 6 工业和信息化部电信研究院 2 56,500.00 北京众和永业科技发展有限公司 2016-05-25 10:02:34 7 工业和信息化部电信研究院 2 56,500.00 北京众和永业科技发展有限公司 2016-05-24 13:27:52 8 中国科学院合肥物质科学研究院 4 52,600.00 安徽群彩互联网络有限公司 2016-05-20 11:13:31 9 中国矿业大学 2 35,000.00 江苏微蓝信息工程有限公司 2016-05-19 11:52:01 10 国际关系学院 1 33,000.00 龙浩通信公司 2016-05-09 17:43:58 11 国家安全生产监督管理总局通信信息中心 2 51,000.00 北京九川信和科技有限公司 2016-04-22 22:19:24 12 中国科学技术大学 1 56,500.00 安徽时代中佳科贸有限责任公司 2016-04-20 17:53:49 13 中国矿业大学 2 56,500.00 江苏微蓝信息工程有限公司 2016-04-14 09:22:06 15 中国科学院生态环境研究中心 1 39,500.00 北京潇翔万里科技有限公司 2016-03-25 09:47:08 16 教育部考试中心 2 56,500.00 北京亿中景科技发展有限公司 2016-03-08 11:39:00
3921350 序号 采购单位 购买数量 购买单价 供应商 成交日期 1 中国地质大学设备处 4 25,310.00 武汉宏数信息技术有限责任公司 2016-07-04 11:47:31
3921349 序号 采购单位 购买数量 购买单价 供应商 成交日期 1 中国科学院计算机网络信息中心 8 24,036.00 北京趋势未来科技发展有限公司 2016-05-12 09:54:01
3921351 序号 采购单位 购买数量 购买单价 供应商 成交日期 1 中国科学院计算技术研究所 10 29,999.00 北京迅驰动力科技有限公司 2016-08-12 11:21:32 2 中国科学院计算技术研究所 15 29,999.00 北京迅驰动力科技有限公司 2016-08-12 10:44:58 3 北京邮电大学 1 29,999.00 北京华建德泰商贸有限公司 2016-07-22 12:46:03 4 中国科学院计算技术研究所 13 29,999.00 北京迅驰动力科技有限公司 2016-06-29 10:12:47 5 中国科学院计算技术研究所 12 29,999.00 北京迅驰动力科技有限公司 2016-06-29 10:12:21 6 中国测绘科学研究院 1 29,999.00 北京胜创致远科技有限公司 2016-06-21 14:53:50 7 中国科学院信息工程研究所 6 29,999.00 北京瑞昌恒业科技有限公司 2016-06-08 10:36:29 8 中国科学院信息工程研究所 4 29,999.00 北京趋势未来科技发展有限公司 2016-06-08 10:34:22 9 北京邮电大学 2 29,999.00 北京华建德泰商贸有限公司 2016-05-13 18:03:38 10 中国科学院计算机网络信息中心 6 29,999.00 北京趋势未来科技发展有限公司 2016-05-12 09:54:01 11 中国科学技术大学 1 29,999.00 合肥佳思特信息技术有限公司 2016-05-05 16:03:06
3919373 序号 采购单位 购买数量 购买单价 供应商 成交日期
3919372 序号 采购单位 购买数量 购买单价 供应商 成交日期 1 浙江大学 1 43,550.00 浙江同力信息科技有限公司 2016-05-11 11:47:25
3919327 序号 采购单位 购买数量 购买单价 供应商 成交日期
3919326 序号 采购单位 购买数量 购买单价 供应商 成交日期 1 北京邮电大学 1 23,600.00 联泰集群（北京）科技有限责任公司 2016-07-11 15:40:21 2 中国科学院自动化研究所 1 24,600.00 联泰集群（北京）科技有限责任公司 2016-06-27 13:16:07 3 中国科学院力学研究所 1 24,600.00 联泰集群（北京）科技有限责任公司 2016-06-22 16:59:18 4 中国科学院深圳先进技术研究院 1 24,600.00 东莞超博电子科技有限公司 2016-04-27 16:45:50
3919098 序号 采购单位 购买数量 购买单价 供应商 成交日期
3919118 序号 采购单位 购买数量 购买单价 供应商 成交日期
3919116 序号 采购单位 购买数量 购买单价 供应商 成交日期
3918821 序号 采购单位 购买数量 购买单价 供应商 成交日期
3918820 序号 采购单位 购买数量 购买单价 供应商 成交日期
3918867 序号 采购单位 购买数量 购买单价 供应商 成交日期
3918866 序号 采购单位 购买数量 购买单价 供应商 成交日期
3918822 序号 采购单位 购买数量 购买单价 供应商 成交日期
3918884 序号 采购单位 购买数量 购买单价 供应商 成交日期
3918614 序号 采购单位 购买数量 购买单价 供应商 成交日期
3917927 序号 采购单位 购买数量 购买单价 供应商 成交日期
3917939 序号 采购单位 购买数量 购买单价 供应商 成交日期
3917926 序号 采购单位 购买数量 购买单价 供应商 成交日期
3917524 序号 采购单位 购买数量 购买单价 供应商 成交日期
3917530 序号 采购单位 购买数量 购买单价 供应商 成交日期
3917527 序号 采购单位 购买数量 购买单价 供应商 成交日期
3916863 序号 采购单位 购买数量 购买单价 供应商 成交日期 1 中国科学院深圳先进技术研究院 2 120,000.00 北京天地超云科技有限公司 2016-07-21 11:46:47
3916865 序号 采购单位 购买数量 购买单价 供应商 成交日期
3916864 序号 采购单位 购买数量 购买单价 供应商 成交日期
3916615 序号 采购单位 购买数量 购买单价 供应商 成交日期
3921646 序号 采购单位 购买数量 购买单价 供应商 成交日期
3921645 序号 采购单位 购买数量 购买单价 供应商 成交日期
3921644 序号 采购单位 购买数量 购买单价 供应商 成交日期
3921486 序号 采购单位 购买数量 购买单价 供应商 成交日期
3921485 序号 采购单位 购买数量 购买单价 供应商 成交日期 1 北京交通大学 1 734,054.00 北京友邦佳通电子科技有限公司 2016-05-30 10:40:36
3921484 序号 采购单位 购买数量 购买单价 供应商 成交日期 1 国家基础地理信息中心 2 257,075.00 北京北方怡合信息技术有限公司 2016-05-25 15:01:03 2 工业和信息化部电信研究院 2 257,075.00 北京优兆科技有限公司 2016-05-18 15:28:51
3919377 序号 采购单位 购买数量 购买单价 供应商 成交日期
3919375 序号 采购单位 购买数量 购买单价 供应商 成交日期 1 中华全国总工会网络工作部 2 120,430.00 北京俊轶时代电子科技有限公司 2016-08-18 14:45:57
3918592 序号 采购单位 购买数量 购买单价 供应商 成交日期
3918591 序号 采购单位 购买数量 购买单价 供应商 成交日期 1 中国科学院计算机网络信息中心 2 309,362.00 北京华诚联合设备安装工程有限公司 2016-07-14 16:12:36 2 中国科学技术大学 1 309,362.00 安徽时代中佳科贸有限责任公司 2016-07-04 15:05:13
3918593 序号 采购单位 购买数量 购买单价 供应商 成交日期
3917897 序号 采购单位 购买数量 购买单价 供应商 成交日期 1 湖北省气象信息与技术保障中心 1 106,918.00 武汉联钢科技有限公司 2016-06-15 15:09:32 2 太原市气象局 1 106,918.00 山西世纪创想电子有限公司 2016-06-12 18:06:08 3 中国人民银行金融信息中心 8 106,918.00 北京嘉运达科技开发股份有限公司 2016-05-25 09:28:40
3917896 序号 采购单位 购买数量 购买单价 供应商 成交日期 1 科技部科技评估中心 1 105,219.00 北京银联合力科技有限公司 2016-08-18 11:19:16 2 工业和信息化部信息中心 2 110,757.00 北京嘉运达科技开发股份有限公司 2016-05-20 13:52:45
3917895 序号 采购单位 购买数量 购买单价 供应商 成交日期 1 北京一三一八单位 2 165,675.00 北京奇点宏业科技有限公司 2016-05-16 11:04:13 2 北京一三一八单位 2 165,675.00 北京奇点宏业科技有限公司 2016-05-10 10:46:26 3 北京一三一八单位 2 165,675.00 北京奇点宏业科技有限公司 2016-04-05 10:22:48 4 北京一三一八单位 2 165,675.00 北京奇点宏业科技有限公司 2016-04-05 10:22:17 5 北京一三一八单位 1 165,675.00 北京奇点宏业科技有限公司 2016-03-25 14:11:37
3917203 序号 采购单位 购买数量 购买单价 供应商 成交日期
3917202 序号 采购单位 购买数量 购买单价 供应商 成交日期
3917204 序号 采购单位 购买数量 购买单价 供应商 成交日期
