3921667,首页,协议供货,信息类产品,塔式服务器高档
3921666,首页,协议供货,信息类产品,塔式服务器高档
3921438,首页,协议供货,信息类产品,塔式服务器高档
3921329,首页,协议供货,信息类产品,塔式服务器高档
3921330,首页,协议供货,信息类产品,塔式服务器高档
3919336,首页,协议供货,信息类产品,塔式服务器高档
3919335,首页,协议供货,信息类产品,塔式服务器高档
3919319,首页,协议供货,信息类产品,塔式服务器高档
3919099,首页,协议供货,信息类产品,塔式服务器高档
3919093,首页,协议供货,信息类产品,塔式服务器高档
3918607,首页,协议供货,信息类产品,塔式服务器高档
3918572,首页,协议供货,信息类产品,塔式服务器高档
3918571,首页,协议供货,信息类产品,塔式服务器高档
3917912,首页,协议供货,信息类产品,塔式服务器高档
3917913,首页,协议供货,信息类产品,塔式服务器高档
3917888,首页,协议供货,信息类产品,塔式服务器高档
3917887,首页,协议供货,信息类产品,塔式服务器高档
3917168,首页,协议供货,信息类产品,塔式服务器高档
3917167,首页,协议供货,信息类产品,塔式服务器高档
3916852,首页,协议供货,信息类产品,塔式服务器高档
3921669,首页,协议供货,信息类产品,塔式服务器中档
3921668,首页,协议供货,信息类产品,塔式服务器中档
3921557,首页,协议供货,信息类产品,塔式服务器中档
3921439,首页,协议供货,信息类产品,塔式服务器中档
3921331,首页,协议供货,信息类产品,塔式服务器中档
3921332,首页,协议供货,信息类产品,塔式服务器中档
3920830,首页,协议供货,信息类产品,塔式服务器中档
3919338,首页,协议供货,信息类产品,塔式服务器中档
3919337,首页,协议供货,信息类产品,塔式服务器中档
3919318,首页,协议供货,信息类产品,塔式服务器中档
3919119,首页,协议供货,信息类产品,塔式服务器中档
3919106,首页,协议供货,信息类产品,塔式服务器中档
3918608,首页,协议供货,信息类产品,塔式服务器中档
3918573,首页,协议供货,信息类产品,塔式服务器中档
3918574,首页,协议供货,信息类产品,塔式服务器中档
3917915,首页,协议供货,信息类产品,塔式服务器中档
3917914,首页,协议供货,信息类产品,塔式服务器中档
3917889,首页,协议供货,信息类产品,塔式服务器中档
3917890,首页,协议供货,信息类产品,塔式服务器中档
3917169,首页,协议供货,信息类产品,塔式服务器中档
3916853,首页,协议供货,信息类产品,塔式服务器中档
3921671,首页,协议供货,信息类产品,塔式服务器低档
3921670,首页,协议供货,信息类产品,塔式服务器低档
3921441,首页,协议供货,信息类产品,塔式服务器低档
3921440,首页,协议供货,信息类产品,塔式服务器低档
3921334,首页,协议供货,信息类产品,塔式服务器低档
3921333,首页,协议供货,信息类产品,塔式服务器低档
3921184,首页,协议供货,信息类产品,塔式服务器低档
3921185,首页,协议供货,信息类产品,塔式服务器低档
3920831,首页,协议供货,信息类产品,塔式服务器低档
3919339,首页,协议供货,信息类产品,塔式服务器低档
3919340,首页,协议供货,信息类产品,塔式服务器低档
3919317,首页,协议供货,信息类产品,塔式服务器低档
3919107,首页,协议供货,信息类产品,塔式服务器低档
3918609,首页,协议供货,信息类产品,塔式服务器低档
3918576,首页,协议供货,信息类产品,塔式服务器低档
3918575,首页,协议供货,信息类产品,塔式服务器低档
3917917,首页,协议供货,信息类产品,塔式服务器低档
3917916,首页,协议供货,信息类产品,塔式服务器低档
3917892,首页,协议供货,信息类产品,塔式服务器低档
3917891,首页,协议供货,信息类产品,塔式服务器低档
3916854,首页,协议供货,信息类产品,塔式服务器低档
3921672,首页,协议供货,信息类产品,机架式服务器高档
3921647,首页,协议供货,信息类产品,机架式服务器高档
3921559,首页,协议供货,信息类产品,机架式服务器高档
3921560,首页,协议供货,信息类产品,机架式服务器高档
3921514,首页,协议供货,信息类产品,机架式服务器高档
3921523,首页,协议供货,信息类产品,机架式服务器高档
3921487,首页,协议供货,信息类产品,机架式服务器高档
3921488,首页,协议供货,信息类产品,机架式服务器高档
3921444,首页,协议供货,信息类产品,机架式服务器高档
3921336,首页,协议供货,信息类产品,机架式服务器高档
3921335,首页,协议供货,信息类产品,机架式服务器高档
3920861,首页,协议供货,信息类产品,机架式服务器高档
3920680,首页,协议供货,信息类产品,机架式服务器高档
3919359,首页,协议供货,信息类产品,机架式服务器高档
3919358,首页,协议供货,信息类产品,机架式服务器高档
3919321,首页,协议供货,信息类产品,机架式服务器高档
3919320,首页,协议供货,信息类产品,机架式服务器高档
3919102,首页,协议供货,信息类产品,机架式服务器高档
3919104,首页,协议供货,信息类产品,机架式服务器高档
3918927,首页,协议供货,信息类产品,机架式服务器高档
3918951,首页,协议供货,信息类产品,机架式服务器高档
3918928,首页,协议供货,信息类产品,机架式服务器高档
3918859,首页,协议供货,信息类产品,机架式服务器高档
3918858,首页,协议供货,信息类产品,机架式服务器高档
3918697,首页,协议供货,信息类产品,机架式服务器高档
3918610,首页,协议供货,信息类产品,机架式服务器高档
3918578,首页,协议供货,信息类产品,机架式服务器高档
3918577,首页,协议供货,信息类产品,机架式服务器高档
3918532,首页,协议供货,信息类产品,机架式服务器高档
3918531,首页,协议供货,信息类产品,机架式服务器高档
3918481,首页,协议供货,信息类产品,机架式服务器高档
3918289,首页,协议供货,信息类产品,机架式服务器高档
3918288,首页,协议供货,信息类产品,机架式服务器高档
3917919,首页,协议供货,信息类产品,机架式服务器高档
3917918,首页,协议供货,信息类产品,机架式服务器高档
3917588,首页,协议供货,信息类产品,机架式服务器高档
3917504,首页,协议供货,信息类产品,机架式服务器高档
3917503,首页,协议供货,信息类产品,机架式服务器高档
3917173,首页,协议供货,信息类产品,机架式服务器高档
3916859,首页,协议供货,信息类产品,机架式服务器高档
3916860,首页,协议供货,信息类产品,机架式服务器高档
3916608,首页,协议供货,信息类产品,机架式服务器高档
3916607,首页,协议供货,信息类产品,机架式服务器高档
3921674,首页,协议供货,信息类产品,机架式服务器中、低档
3921673,首页,协议供货,信息类产品,机架式服务器中、低档
3921562,首页,协议供货,信息类产品,机架式服务器中、低档
3921561,首页,协议供货,信息类产品,机架式服务器中、低档
3921516,首页,协议供货,信息类产品,机架式服务器中、低档
3921515,首页,协议供货,信息类产品,机架式服务器中、低档
3921489,首页,协议供货,信息类产品,机架式服务器中、低档
3921443,首页,协议供货,信息类产品,机架式服务器中、低档
3921442,首页,协议供货,信息类产品,机架式服务器中、低档
3921338,首页,协议供货,信息类产品,机架式服务器中、低档
3921337,首页,协议供货,信息类产品,机架式服务器中、低档
3921187,首页,协议供货,信息类产品,机架式服务器中、低档
3921186,首页,协议供货,信息类产品,机架式服务器中、低档
3920857,首页,协议供货,信息类产品,机架式服务器中、低档
3920856,首页,协议供货,信息类产品,机架式服务器中、低档
3920683,首页,协议供货,信息类产品,机架式服务器中、低档
3920682,首页,协议供货,信息类产品,机架式服务器中、低档
3919361,首页,协议供货,信息类产品,机架式服务器中、低档
3919360,首页,协议供货,信息类产品,机架式服务器中、低档
3919322,首页,协议供货,信息类产品,机架式服务器中、低档
3919103,首页,协议供货,信息类产品,机架式服务器中、低档
3919100,首页,协议供货,信息类产品,机架式服务器中、低档
3918926,首页,协议供货,信息类产品,机架式服务器中、低档
3918952,首页,协议供货,信息类产品,机架式服务器中、低档
3918925,首页,协议供货,信息类产品,机架式服务器中、低档
3918772,首页,协议供货,信息类产品,机架式服务器中、低档
3918861,首页,协议供货,信息类产品,机架式服务器中、低档
3918771,首页,协议供货,信息类产品,机架式服务器中、低档
3918860,首页,协议供货,信息类产品,机架式服务器中、低档
3918727,首页,协议供货,信息类产品,机架式服务器中、低档
3918726,首页,协议供货,信息类产品,机架式服务器中、低档
3918611,首页,协议供货,信息类产品,机架式服务器中、低档
3918580,首页,协议供货,信息类产品,机架式服务器中、低档
3918534,首页,协议供货,信息类产品,机架式服务器中、低档
3918579,首页,协议供货,信息类产品,机架式服务器中、低档
3918483,首页,协议供货,信息类产品,机架式服务器中、低档
3918482,首页,协议供货,信息类产品,机架式服务器中、低档
3918378,首页,协议供货,信息类产品,机架式服务器中、低档
3918377,首页,协议供货,信息类产品,机架式服务器中、低档
3918287,首页,协议供货,信息类产品,机架式服务器中、低档
3918286,首页,协议供货,信息类产品,机架式服务器中、低档
3917921,首页,协议供货,信息类产品,机架式服务器中、低档
3917920,首页,协议供货,信息类产品,机架式服务器中、低档
3917894,首页,协议供货,信息类产品,机架式服务器中、低档
3917893,首页,协议供货,信息类产品,机架式服务器中、低档
3917589,首页,协议供货,信息类产品,机架式服务器中、低档
3917506,首页,协议供货,信息类产品,机架式服务器中、低档
3917505,首页,协议供货,信息类产品,机架式服务器中、低档
3917175,首页,协议供货,信息类产品,机架式服务器中、低档
3917174,首页,协议供货,信息类产品,机架式服务器中、低档
3916858,首页,协议供货,信息类产品,机架式服务器中、低档
3916857,首页,协议供货,信息类产品,机架式服务器中、低档
3916651,首页,协议供货,信息类产品,机架式服务器中、低档
3916609,首页,协议供货,信息类产品,机架式服务器中、低档
3916610,首页,协议供货,信息类产品,机架式服务器中、低档
3916278,首页,协议供货,信息类产品,机架式服务器中、低档
3916277,首页,协议供货,信息类产品,机架式服务器中、低档
3921517,首页,协议供货,信息类产品,刀片服务器高档
3921339,首页,协议供货,信息类产品,刀片服务器高档
3921340,首页,协议供货,信息类产品,刀片服务器高档
3919352,首页,协议供货,信息类产品,刀片服务器高档
3919114,首页,协议供货,信息类产品,刀片服务器高档
3918953,首页,协议供货,信息类产品,刀片服务器高档
3918615,首页,协议供货,信息类产品,刀片服务器高档
3918582,首页,协议供货,信息类产品,刀片服务器高档
3918581,首页,协议供货,信息类产品,刀片服务器高档
3917923,首页,协议供货,信息类产品,刀片服务器高档
3917922,首页,协议供货,信息类产品,刀片服务器高档
3917508,首页,协议供货,信息类产品,刀片服务器高档
3917507,首页,协议供货,信息类产品,刀片服务器高档
3916616,首页,协议供货,信息类产品,刀片服务器高档
3916617,首页,协议供货,信息类产品,刀片服务器高档
3921677,首页,协议供货,信息类产品,刀片服务器中档
3921678,首页,协议供货,信息类产品,刀片服务器中档
3921518,首页,协议供货,信息类产品,刀片服务器中档
3921446,首页,协议供货,信息类产品,刀片服务器中档
3921342,首页,协议供货,信息类产品,刀片服务器中档
3921341,首页,协议供货,信息类产品,刀片服务器中档
3919354,首页,协议供货,信息类产品,刀片服务器中档
3919323,首页,协议供货,信息类产品,刀片服务器中档
3918954,首页,协议供货,信息类产品,刀片服务器中档
3918814,首页,协议供货,信息类产品,刀片服务器中档
3918815,首页,协议供货,信息类产品,刀片服务器中档
3918728,首页,协议供货,信息类产品,刀片服务器中档
3918616,首页,协议供货,信息类产品,刀片服务器中档
3918584,首页,协议供货,信息类产品,刀片服务器中档
3918583,首页,协议供货,信息类产品,刀片服务器中档
3917924,首页,协议供货,信息类产品,刀片服务器中档
3917925,首页,协议供货,信息类产品,刀片服务器中档
3917509,首页,协议供货,信息类产品,刀片服务器中档
3917510,首页,协议供货,信息类产品,刀片服务器中档
3916619,首页,协议供货,信息类产品,刀片服务器中档
3916618,首页,协议供货,信息类产品,刀片服务器中档
3921679,首页,协议供货,信息类产品,刀片服务器低档
3921680,首页,协议供货,信息类产品,刀片服务器低档
3921519,首页,协议供货,信息类产品,刀片服务器低档
3921445,首页,协议供货,信息类产品,刀片服务器低档
3921343,首页,协议供货,信息类产品,刀片服务器低档
3921344,首页,协议供货,信息类产品,刀片服务器低档
3919357,首页,协议供货,信息类产品,刀片服务器低档
3919324,首页,协议供货,信息类产品,刀片服务器低档
3918955,首页,协议供货,信息类产品,刀片服务器低档
3918813,首页,协议供货,信息类产品,刀片服务器低档
3918812,首页,协议供货,信息类产品,刀片服务器低档
3918617,首页,协议供货,信息类产品,刀片服务器低档
3918585,首页,协议供货,信息类产品,刀片服务器低档
3918586,首页,协议供货,信息类产品,刀片服务器低档
3917929,首页,协议供货,信息类产品,刀片服务器低档
3917930,首页,协议供货,信息类产品,刀片服务器低档
3917512,首页,协议供货,信息类产品,刀片服务器低档
3917514,首页,协议供货,信息类产品,刀片服务器低档
3917180,首页,协议供货,信息类产品,刀片服务器低档
3921748,首页,协议供货,信息类产品,GPU并行运算服务器高档
3921651,首页,协议供货,信息类产品,GPU并行运算服务器高档
3921648,首页,协议供货,信息类产品,GPU并行运算服务器高档
3921346,首页,协议供货,信息类产品,GPU并行运算服务器高档
3921345,首页,协议供货,信息类产品,GPU并行运算服务器高档
3921296,首页,协议供货,信息类产品,GPU并行运算服务器高档
3919369,首页,协议供货,信息类产品,GPU并行运算服务器高档
3919368,首页,协议供货,信息类产品,GPU并行运算服务器高档
3919328,首页,协议供货,信息类产品,GPU并行运算服务器高档
3919325,首页,协议供货,信息类产品,GPU并行运算服务器高档
3919094,首页,协议供货,信息类产品,GPU并行运算服务器高档
3919112,首页,协议供货,信息类产品,GPU并行运算服务器高档
3918819,首页,协议供货,信息类产品,GPU并行运算服务器高档
3918818,首页,协议供货,信息类产品,GPU并行运算服务器高档
3918863,首页,协议供货,信息类产品,GPU并行运算服务器高档
3918862,首页,协议供货,信息类产品,GPU并行运算服务器高档
3918612,首页,协议供货,信息类产品,GPU并行运算服务器高档
3918588,首页,协议供货,信息类产品,GPU并行运算服务器高档
3918587,首页,协议供货,信息类产品,GPU并行运算服务器高档
3917931,首页,协议供货,信息类产品,GPU并行运算服务器高档
3917928,首页,协议供货,信息类产品,GPU并行运算服务器高档
3917518,首页,协议供货,信息类产品,GPU并行运算服务器高档
3917516,首页,协议供货,信息类产品,GPU并行运算服务器高档
3917183,首页,协议供货,信息类产品,GPU并行运算服务器高档
3916856,首页,协议供货,信息类产品,GPU并行运算服务器高档
3916861,首页,协议供货,信息类产品,GPU并行运算服务器高档
3916611,首页,协议供货,信息类产品,GPU并行运算服务器高档
3916612,首页,协议供货,信息类产品,GPU并行运算服务器高档
3921676,首页,协议供货,信息类产品,GPU并行运算服务器中、低档
3921675,首页,协议供货,信息类产品,GPU并行运算服务器中、低档
3921348,首页,协议供货,信息类产品,GPU并行运算服务器中、低档
3921347,首页,协议供货,信息类产品,GPU并行运算服务器中、低档
3919371,首页,协议供货,信息类产品,GPU并行运算服务器中、低档
3919370,首页,协议供货,信息类产品,GPU并行运算服务器中、低档
3919316,首页,协议供货,信息类产品,GPU并行运算服务器中、低档
3919315,首页,协议供货,信息类产品,GPU并行运算服务器中、低档
3919115,首页,协议供货,信息类产品,GPU并行运算服务器中、低档
3919105,首页,协议供货,信息类产品,GPU并行运算服务器中、低档
3918864,首页,协议供货,信息类产品,GPU并行运算服务器中、低档
3918817,首页,协议供货,信息类产品,GPU并行运算服务器中、低档
3918816,首页,协议供货,信息类产品,GPU并行运算服务器中、低档
3918865,首页,协议供货,信息类产品,GPU并行运算服务器中、低档
3918613,首页,协议供货,信息类产品,GPU并行运算服务器中、低档
3918589,首页,协议供货,信息类产品,GPU并行运算服务器中、低档
3918590,首页,协议供货,信息类产品,GPU并行运算服务器中、低档
3917933,首页,协议供货,信息类产品,GPU并行运算服务器中、低档
3917932,首页,协议供货,信息类产品,GPU并行运算服务器中、低档
3917522,首页,协议供货,信息类产品,GPU并行运算服务器中、低档
3917519,首页,协议供货,信息类产品,GPU并行运算服务器中、低档
3917184,首页,协议供货,信息类产品,GPU并行运算服务器中、低档
3916855,首页,协议供货,信息类产品,GPU并行运算服务器中、低档
3916862,首页,协议供货,信息类产品,GPU并行运算服务器中、低档
3916614,首页,协议供货,信息类产品,GPU并行运算服务器中、低档
3916613,首页,协议供货,信息类产品,GPU并行运算服务器中、低档
3921652,首页,协议供货,信息类产品,MIC并行服务器
3921649,首页,协议供货,信息类产品,MIC并行服务器
3921654,首页,协议供货,信息类产品,MIC并行服务器
3921350,首页,协议供货,信息类产品,MIC并行服务器
3921349,首页,协议供货,信息类产品,MIC并行服务器
3921351,首页,协议供货,信息类产品,MIC并行服务器
3919373,首页,协议供货,信息类产品,MIC并行服务器
3919372,首页,协议供货,信息类产品,MIC并行服务器
3919327,首页,协议供货,信息类产品,MIC并行服务器
3919326,首页,协议供货,信息类产品,MIC并行服务器
3919098,首页,协议供货,信息类产品,MIC并行服务器
3919118,首页,协议供货,信息类产品,MIC并行服务器
3919116,首页,协议供货,信息类产品,MIC并行服务器
3918821,首页,协议供货,信息类产品,MIC并行服务器
3918820,首页,协议供货,信息类产品,MIC并行服务器
3918867,首页,协议供货,信息类产品,MIC并行服务器
3918866,首页,协议供货,信息类产品,MIC并行服务器
3918822,首页,协议供货,信息类产品,MIC并行服务器
3918884,首页,协议供货,信息类产品,MIC并行服务器
3918614,首页,协议供货,信息类产品,MIC并行服务器
3917927,首页,协议供货,信息类产品,MIC并行服务器
3917939,首页,协议供货,信息类产品,MIC并行服务器
3917926,首页,协议供货,信息类产品,MIC并行服务器
3917524,首页,协议供货,信息类产品,MIC并行服务器
3917530,首页,协议供货,信息类产品,MIC并行服务器
3917527,首页,协议供货,信息类产品,MIC并行服务器
3916863,首页,协议供货,信息类产品,MIC并行服务器
3916865,首页,协议供货,信息类产品,MIC并行服务器
3916864,首页,协议供货,信息类产品,MIC并行服务器
3916615,首页,协议供货,信息类产品,MIC并行服务器
3921646,首页,协议供货,信息类产品,UNIX服务器
3921645,首页,协议供货,信息类产品,UNIX服务器
3921644,首页,协议供货,信息类产品,UNIX服务器
3921486,首页,协议供货,信息类产品,UNIX服务器
3921485,首页,协议供货,信息类产品,UNIX服务器
3921484,首页,协议供货,信息类产品,UNIX服务器
3919377,首页,协议供货,信息类产品,UNIX服务器
3919375,首页,协议供货,信息类产品,UNIX服务器
3918592,首页,协议供货,信息类产品,UNIX服务器
3918591,首页,协议供货,信息类产品,UNIX服务器
3918593,首页,协议供货,信息类产品,UNIX服务器
3917897,首页,协议供货,信息类产品,UNIX服务器
3917896,首页,协议供货,信息类产品,UNIX服务器
3917895,首页,协议供货,信息类产品,UNIX服务器
3917203,首页,协议供货,信息类产品,UNIX服务器
3917202,首页,协议供货,信息类产品,UNIX服务器
3917204,首页,协议供货,信息类产品,UNIX服务器
