3921650,首页,协议供货,信息类产品,磁盘阵列高档
3921520,首页,协议供货,信息类产品,磁盘阵列高档
3921449,首页,协议供货,信息类产品,磁盘阵列高档
3921424,首页,协议供货,信息类产品,磁盘阵列高档
3921352,首页,协议供货,信息类产品,磁盘阵列高档
3921303,首页,协议供货,信息类产品,磁盘阵列高档
3921196,首页,协议供货,信息类产品,磁盘阵列高档
3921144,首页,协议供货,信息类产品,磁盘阵列高档
3920919,首页,协议供货,信息类产品,磁盘阵列高档
3920793,首页,协议供货,信息类产品,磁盘阵列高档
3920820,首页,协议供货,信息类产品,磁盘阵列高档
3920609,首页,协议供货,信息类产品,磁盘阵列高档
3919406,首页,协议供货,信息类产品,磁盘阵列高档
3919362,首页,协议供货,信息类产品,磁盘阵列高档
3919163,首页,协议供货,信息类产品,磁盘阵列高档
3919117,首页,协议供货,信息类产品,磁盘阵列高档
3918956,首页,协议供货,信息类产品,磁盘阵列高档
3918744,首页,协议供货,信息类产品,磁盘阵列高档
3918857,首页,协议供货,信息类产品,磁盘阵列高档
3918736,首页,协议供货,信息类产品,磁盘阵列高档
3918729,首页,协议供货,信息类产品,磁盘阵列高档
3918640,首页,协议供货,信息类产品,磁盘阵列高档
3918173,首页,协议供货,信息类产品,磁盘阵列高档
3917934,首页,协议供货,信息类产品,磁盘阵列高档
3917875,首页,协议供货,信息类产品,磁盘阵列高档
3917898,首页,协议供货,信息类产品,磁盘阵列高档
3917733,首页,协议供货,信息类产品,磁盘阵列高档
3917579,首页,协议供货,信息类产品,磁盘阵列高档
3917511,首页,协议供货,信息类产品,磁盘阵列高档
3917188,首页,协议供货,信息类产品,磁盘阵列高档
3916866,首页,协议供货,信息类产品,磁盘阵列高档
3916820,首页,协议供货,信息类产品,磁盘阵列高档
3916440,首页,协议供货,信息类产品,磁盘阵列高档
3916260,首页,协议供货,信息类产品,磁盘阵列高档
3921653,首页,协议供货,信息类产品,磁盘阵列中档
3921521,首页,协议供货,信息类产品,磁盘阵列中档
3921425,首页,协议供货,信息类产品,磁盘阵列中档
3921448,首页,协议供货,信息类产品,磁盘阵列中档
3921353,首页,协议供货,信息类产品,磁盘阵列中档
3921304,首页,协议供货,信息类产品,磁盘阵列中档
3921197,首页,协议供货,信息类产品,磁盘阵列中档
3920946,首页,协议供货,信息类产品,磁盘阵列中档
3920920,首页,协议供货,信息类产品,磁盘阵列中档
3920794,首页,协议供货,信息类产品,磁盘阵列中档
3920821,首页,协议供货,信息类产品,磁盘阵列中档
3920611,首页,协议供货,信息类产品,磁盘阵列中档
3919405,首页,协议供货,信息类产品,磁盘阵列中档
3919363,首页,协议供货,信息类产品,磁盘阵列中档
3919164,首页,协议供货,信息类产品,磁盘阵列中档
3919096,首页,协议供货,信息类产品,磁盘阵列中档
3918957,首页,协议供货,信息类产品,磁盘阵列中档
3918929,首页,协议供货,信息类产品,磁盘阵列中档
3918737,首页,协议供货,信息类产品,磁盘阵列中档
3918856,首页,协议供货,信息类产品,磁盘阵列中档
3918742,首页,协议供货,信息类产品,磁盘阵列中档
3918745,首页,协议供货,信息类产品,磁盘阵列中档
3918730,首页,协议供货,信息类产品,磁盘阵列中档
3918639,首页,协议供货,信息类产品,磁盘阵列中档
3918619,首页,协议供货,信息类产品,磁盘阵列中档
3918174,首页,协议供货,信息类产品,磁盘阵列中档
3917935,首页,协议供货,信息类产品,磁盘阵列中档
3917876,首页,协议供货,信息类产品,磁盘阵列中档
3917899,首页,协议供货,信息类产品,磁盘阵列中档
3917734,首页,协议供货,信息类产品,磁盘阵列中档
3917580,首页,协议供货,信息类产品,磁盘阵列中档
3917513,首页,协议供货,信息类产品,磁盘阵列中档
3917189,首页,协议供货,信息类产品,磁盘阵列中档
3916936,首页,协议供货,信息类产品,磁盘阵列中档
3916867,首页,协议供货,信息类产品,磁盘阵列中档
3916821,首页,协议供货,信息类产品,磁盘阵列中档
3916622,首页,协议供货,信息类产品,磁盘阵列中档
3916441,首页,协议供货,信息类产品,磁盘阵列中档
3916261,首页,协议供货,信息类产品,磁盘阵列中档
3921655,首页,协议供货,信息类产品,磁盘阵列低档
3921522,首页,协议供货,信息类产品,磁盘阵列低档
3921447,首页,协议供货,信息类产品,磁盘阵列低档
3921426,首页,协议供货,信息类产品,磁盘阵列低档
3921354,首页,协议供货,信息类产品,磁盘阵列低档
3921305,首页,协议供货,信息类产品,磁盘阵列低档
3921198,首页,协议供货,信息类产品,磁盘阵列低档
3921142,首页,协议供货,信息类产品,磁盘阵列低档
3920921,首页,协议供货,信息类产品,磁盘阵列低档
3920947,首页,协议供货,信息类产品,磁盘阵列低档
3920824,首页,协议供货,信息类产品,磁盘阵列低档
3920795,首页,协议供货,信息类产品,磁盘阵列低档
3920614,首页,协议供货,信息类产品,磁盘阵列低档
3919404,首页,协议供货,信息类产品,磁盘阵列低档
3919379,首页,协议供货,信息类产品,磁盘阵列低档
3919165,首页,协议供货,信息类产品,磁盘阵列低档
3919111,首页,协议供货,信息类产品,磁盘阵列低档
3918958,首页,协议供货,信息类产品,磁盘阵列低档
3918930,首页,协议供货,信息类产品,磁盘阵列低档
3918743,首页,协议供货,信息类产品,磁盘阵列低档
3918868,首页,协议供货,信息类产品,磁盘阵列低档
3918746,首页,协议供货,信息类产品,磁盘阵列低档
3918738,首页,协议供货,信息类产品,磁盘阵列低档
3918706,首页,协议供货,信息类产品,磁盘阵列低档
3918731,首页,协议供货,信息类产品,磁盘阵列低档
3918638,首页,协议供货,信息类产品,磁盘阵列低档
3918618,首页,协议供货,信息类产品,磁盘阵列低档
3918186,首页,协议供货,信息类产品,磁盘阵列低档
3917936,首页,协议供货,信息类产品,磁盘阵列低档
3917900,首页,协议供货,信息类产品,磁盘阵列低档
3917877,首页,协议供货,信息类产品,磁盘阵列低档
3917735,首页,协议供货,信息类产品,磁盘阵列低档
3917581,首页,协议供货,信息类产品,磁盘阵列低档
3917515,首页,协议供货,信息类产品,磁盘阵列低档
3917190,首页,协议供货,信息类产品,磁盘阵列低档
3916937,首页,协议供货,信息类产品,磁盘阵列低档
3916868,首页,协议供货,信息类产品,磁盘阵列低档
3916822,首页,协议供货,信息类产品,磁盘阵列低档
3916623,首页,协议供货,信息类产品,磁盘阵列低档
3916442,首页,协议供货,信息类产品,磁盘阵列低档
3916262,首页,协议供货,信息类产品,磁盘阵列低档
3921657,首页,协议供货,信息类产品,网络附加存储（NAS）中高档
3921656,首页,协议供货,信息类产品,网络附加存储（NAS）中高档
3921428,首页,协议供货,信息类产品,网络附加存储（NAS）中高档
3921427,首页,协议供货,信息类产品,网络附加存储（NAS）中高档
3921355,首页,协议供货,信息类产品,网络附加存储（NAS）中高档
3921356,首页,协议供货,信息类产品,网络附加存储（NAS）中高档
3921300,首页,协议供货,信息类产品,网络附加存储（NAS）中高档
3921301,首页,协议供货,信息类产品,网络附加存储（NAS）中高档
3921199,首页,协议供货,信息类产品,网络附加存储（NAS）中高档
3921200,首页,协议供货,信息类产品,网络附加存储（NAS）中高档
3921095,首页,协议供货,信息类产品,网络附加存储（NAS）中高档
3921096,首页,协议供货,信息类产品,网络附加存储（NAS）中高档
3920924,首页,协议供货,信息类产品,网络附加存储（NAS）中高档
3920923,首页,协议供货,信息类产品,网络附加存储（NAS）中高档
3920797,首页,协议供货,信息类产品,网络附加存储（NAS）中高档
3920796,首页,协议供货,信息类产品,网络附加存储（NAS）中高档
3920823,首页,协议供货,信息类产品,网络附加存储（NAS）中高档
3920822,首页,协议供货,信息类产品,网络附加存储（NAS）中高档
3920691,首页,协议供货,信息类产品,网络附加存储（NAS）中高档
3920610,首页,协议供货,信息类产品,网络附加存储（NAS）中高档
3920615,首页,协议供货,信息类产品,网络附加存储（NAS）中高档
3919409,首页,协议供货,信息类产品,网络附加存储（NAS）中高档
3919408,首页,协议供货,信息类产品,网络附加存储（NAS）中高档
3919365,首页,协议供货,信息类产品,网络附加存储（NAS）中高档
3919364,首页,协议供货,信息类产品,网络附加存储（NAS）中高档
3919329,首页,协议供货,信息类产品,网络附加存储（NAS）中高档
3919331,首页,协议供货,信息类产品,网络附加存储（NAS）中高档
3919333,首页,协议供货,信息类产品,网络附加存储（NAS）中高档
3919332,首页,协议供货,信息类产品,网络附加存储（NAS）中高档
3919299,首页,协议供货,信息类产品,网络附加存储（NAS）中高档
3919298,首页,协议供货,信息类产品,网络附加存储（NAS）中高档
3919167,首页,协议供货,信息类产品,网络附加存储（NAS）中高档
3919166,首页,协议供货,信息类产品,网络附加存储（NAS）中高档
3919097,首页,协议供货,信息类产品,网络附加存储（NAS）中高档
3919109,首页,协议供货,信息类产品,网络附加存储（NAS）中高档
3919065,首页,协议供货,信息类产品,网络附加存储（NAS）中高档
3918959,首页,协议供货,信息类产品,网络附加存储（NAS）中高档
3918869,首页,协议供货,信息类产品,网络附加存储（NAS）中高档
3918748,首页,协议供货,信息类产品,网络附加存储（NAS）中高档
3918870,首页,协议供货,信息类产品,网络附加存储（NAS）中高档
3918747,首页,协议供货,信息类产品,网络附加存储（NAS）中高档
3918739,首页,协议供货,信息类产品,网络附加存储（NAS）中高档
3918740,首页,协议供货,信息类产品,网络附加存储（NAS）中高档
3918732,首页,协议供货,信息类产品,网络附加存储（NAS）中高档
3918733,首页,协议供货,信息类产品,网络附加存储（NAS）中高档
3918597,首页,协议供货,信息类产品,网络附加存储（NAS）中高档
3918596,首页,协议供货,信息类产品,网络附加存储（NAS）中高档
3918187,首页,协议供货,信息类产品,网络附加存储（NAS）中高档
3918145,首页,协议供货,信息类产品,网络附加存储（NAS）中高档
3917937,首页,协议供货,信息类产品,网络附加存储（NAS）中高档
3917878,首页,协议供货,信息类产品,网络附加存储（NAS）中高档
3917902,首页,协议供货,信息类产品,网络附加存储（NAS）中高档
3917879,首页,协议供货,信息类产品,网络附加存储（NAS）中高档
3917901,首页,协议供货,信息类产品,网络附加存储（NAS）中高档
3917849,首页,协议供货,信息类产品,网络附加存储（NAS）中高档
3917848,首页,协议供货,信息类产品,网络附加存储（NAS）中高档
3917737,首页,协议供货,信息类产品,网络附加存储（NAS）中高档
3917736,首页,协议供货,信息类产品,网络附加存储（NAS）中高档
3917582,首页,协议供货,信息类产品,网络附加存储（NAS）中高档
3917583,首页,协议供货,信息类产品,网络附加存储（NAS）中高档
3917520,首页,协议供货,信息类产品,网络附加存储（NAS）中高档
3917517,首页,协议供货,信息类产品,网络附加存储（NAS）中高档
3917192,首页,协议供货,信息类产品,网络附加存储（NAS）中高档
3917191,首页,协议供货,信息类产品,网络附加存储（NAS）中高档
3916869,首页,协议供货,信息类产品,网络附加存储（NAS）中高档
3916824,首页,协议供货,信息类产品,网络附加存储（NAS）中高档
3916823,首页,协议供货,信息类产品,网络附加存储（NAS）中高档
3916531,首页,协议供货,信息类产品,网络附加存储（NAS）中高档
3916443,首页,协议供货,信息类产品,网络附加存储（NAS）中高档
3916396,首页,协议供货,信息类产品,网络附加存储（NAS）中高档
3916395,首页,协议供货,信息类产品,网络附加存储（NAS）中高档
3916265,首页,协议供货,信息类产品,网络附加存储（NAS）中高档
3916264,首页,协议供货,信息类产品,网络附加存储（NAS）中高档
3921658,首页,协议供货,信息类产品,网络附加存储（NAS）低档
3921429,首页,协议供货,信息类产品,网络附加存储（NAS）低档
3921357,首页,协议供货,信息类产品,网络附加存储（NAS）低档
3921149,首页,协议供货,信息类产品,网络附加存储（NAS）低档
3921201,首页,协议供货,信息类产品,网络附加存储（NAS）低档
3921097,首页,协议供货,信息类产品,网络附加存储（NAS）低档
3920922,首页,协议供货,信息类产品,网络附加存储（NAS）低档
3920966,首页,协议供货,信息类产品,网络附加存储（NAS）低档
3920798,首页,协议供货,信息类产品,网络附加存储（NAS）低档
3920825,首页,协议供货,信息类产品,网络附加存储（NAS）低档
3920829,首页,协议供货,信息类产品,网络附加存储（NAS）低档
3920690,首页,协议供货,信息类产品,网络附加存储（NAS）低档
3920613,首页,协议供货,信息类产品,网络附加存储（NAS）低档
3919407,首页,协议供货,信息类产品,网络附加存储（NAS）低档
3919378,首页,协议供货,信息类产品,网络附加存储（NAS）低档
3919330,首页,协议供货,信息类产品,网络附加存储（NAS）低档
3919334,首页,协议供货,信息类产品,网络附加存储（NAS）低档
3919297,首页,协议供货,信息类产品,网络附加存储（NAS）低档
3919168,首页,协议供货,信息类产品,网络附加存储（NAS）低档
3919095,首页,协议供货,信息类产品,网络附加存储（NAS）低档
3918960,首页,协议供货,信息类产品,网络附加存储（NAS）低档
3918749,首页,协议供货,信息类产品,网络附加存储（NAS）低档
3918871,首页,协议供货,信息类产品,网络附加存储（NAS）低档
3918741,首页,协议供货,信息类产品,网络附加存储（NAS）低档
3918734,首页,协议供货,信息类产品,网络附加存储（NAS）低档
3918598,首页,协议供货,信息类产品,网络附加存储（NAS）低档
3918185,首页,协议供货,信息类产品,网络附加存储（NAS）低档
3917949,首页,协议供货,信息类产品,网络附加存储（NAS）低档
3917938,首页,协议供货,信息类产品,网络附加存储（NAS）低档
3917880,首页,协议供货,信息类产品,网络附加存储（NAS）低档
3917903,首页,协议供货,信息类产品,网络附加存储（NAS）低档
3917738,首页,协议供货,信息类产品,网络附加存储（NAS）低档
3917584,首页,协议供货,信息类产品,网络附加存储（NAS）低档
3917521,首页,协议供货,信息类产品,网络附加存储（NAS）低档
3917193,首页,协议供货,信息类产品,网络附加存储（NAS）低档
3916938,首页,协议供货,信息类产品,网络附加存储（NAS）低档
3916871,首页,协议供货,信息类产品,网络附加存储（NAS）低档
3916825,首页,协议供货,信息类产品,网络附加存储（NAS）低档
3916529,首页,协议供货,信息类产品,网络附加存储（NAS）低档
3916444,首页,协议供货,信息类产品,网络附加存储（NAS）低档
3916397,首页,协议供货,信息类产品,网络附加存储（NAS）低档
3916263,首页,协议供货,信息类产品,网络附加存储（NAS）低档
3921430,首页,协议供货,信息类产品,虚拟磁带库中档及以上
3921376,首页,协议供货,信息类产品,虚拟磁带库中档及以上
3921299,首页,协议供货,信息类产品,虚拟磁带库中档及以上
3921115,首页,协议供货,信息类产品,虚拟磁带库中档及以上
3921116,首页,协议供货,信息类产品,虚拟磁带库中档及以上
3920926,首页,协议供货,信息类产品,虚拟磁带库中档及以上
3920914,首页,协议供货,信息类产品,虚拟磁带库中档及以上
3920612,首页,协议供货,信息类产品,虚拟磁带库中档及以上
3920608,首页,协议供货,信息类产品,虚拟磁带库中档及以上
3919366,首页,协议供货,信息类产品,虚拟磁带库中档及以上
3918961,首页,协议供货,信息类产品,虚拟磁带库中档及以上
3918750,首页,协议供货,信息类产品,虚拟磁带库中档及以上
3917883,首页,协议供货,信息类产品,虚拟磁带库中档及以上
3917525,首页,协议供货,信息类产品,虚拟磁带库中档及以上
3917523,首页,协议供货,信息类产品,虚拟磁带库中档及以上
3917198,首页,协议供货,信息类产品,虚拟磁带库中档及以上
3917197,首页,协议供货,信息类产品,虚拟磁带库中档及以上
3916939,首页,协议供货,信息类产品,虚拟磁带库中档及以上
3916828,首页,协议供货,信息类产品,虚拟磁带库中档及以上
3916827,首页,协议供货,信息类产品,虚拟磁带库中档及以上
3916445,首页,协议供货,信息类产品,虚拟磁带库中档及以上
3921662,首页,协议供货,信息类产品,虚拟磁带库低档
3921377,首页,协议供货,信息类产品,虚拟磁带库低档
3920925,首页,协议供货,信息类产品,虚拟磁带库低档
3920915,首页,协议供货,信息类产品,虚拟磁带库低档
3920607,首页,协议供货,信息类产品,虚拟磁带库低档
3919367,首页,协议供货,信息类产品,虚拟磁带库低档
3918962,首页,协议供货,信息类产品,虚拟磁带库低档
3918735,首页,协议供货,信息类产品,虚拟磁带库低档
3917884,首页,协议供货,信息类产品,虚拟磁带库低档
3917587,首页,协议供货,信息类产品,虚拟磁带库低档
3917526,首页,协议供货,信息类产品,虚拟磁带库低档
3917199,首页,协议供货,信息类产品,虚拟磁带库低档
3916940,首页,协议供货,信息类产品,虚拟磁带库低档
3916826,首页,协议供货,信息类产品,虚拟磁带库低档
3916446,首页,协议供货,信息类产品,虚拟磁带库低档
3921663,首页,协议供货,信息类产品,光纤交换机高档
3921358,首页,协议供货,信息类产品,光纤交换机高档
3920601,首页,协议供货,信息类产品,光纤交换机高档
3919341,首页,协议供货,信息类产品,光纤交换机高档
3917885,首页,协议供货,信息类产品,光纤交换机高档
3917907,首页,协议供货,信息类产品,光纤交换机高档
3917586,首页,协议供货,信息类产品,光纤交换机高档
3917528,首页,协议供货,信息类产品,光纤交换机高档
3916601,首页,协议供货,信息类产品,光纤交换机高档
3916532,首页,协议供货,信息类产品,光纤交换机高档
3921665,首页,协议供货,信息类产品,光纤交换机中低档
3921664,首页,协议供货,信息类产品,光纤交换机中低档
3921359,首页,协议供货,信息类产品,光纤交换机中低档
3921360,首页,协议供货,信息类产品,光纤交换机中低档
3920603,首页,协议供货,信息类产品,光纤交换机中低档
3920602,首页,协议供货,信息类产品,光纤交换机中低档
3919343,首页,协议供货,信息类产品,光纤交换机中低档
3919342,首页,协议供货,信息类产品,光纤交换机中低档
3917909,首页,协议供货,信息类产品,光纤交换机中低档
3917886,首页,协议供货,信息类产品,光纤交换机中低档
3917585,首页,协议供货,信息类产品,光纤交换机中低档
3917529,首页,协议供货,信息类产品,光纤交换机中低档
3917531,首页,协议供货,信息类产品,光纤交换机中低档
3917201,首页,协议供货,信息类产品,光纤交换机中低档
3917200,首页,协议供货,信息类产品,光纤交换机中低档
3916870,首页,协议供货,信息类产品,光纤交换机中低档
3916534,首页,协议供货,信息类产品,光纤交换机中低档
3916533,首页,协议供货,信息类产品,光纤交换机中低档
