3921650 序号 采购单位 购买数量 购买单价 供应商 成交日期 1 北京交通大学 1 977,556.00 北京华航创新科技有限责任公司 2016-03-16 10:03:41
3921520 序号 采购单位 购买数量 购买单价 供应商 成交日期 1 北京一三一八单位 2 115,000.00 北京森泰广信科技有限公司 2016-05-25 19:25:21
3921449 序号 采购单位 购买数量 购买单价 供应商 成交日期
3921424 序号 采购单位 购买数量 购买单价 供应商 成交日期
3921352 序号 采购单位 购买数量 购买单价 供应商 成交日期 1 国家测绘地理信息局第三地理信息制图院（四川省第二测绘地理信息工程院） 1 639,581.00 四川普瑞赛斯信息技术咨询有限公司 2016-08-04 11:43:03 2 上海国家会计学院 1 639,581.00 上海中隽电子科技发展有限公司 2016-06-16 13:47:20 3 四川省遥感信息测绘院 1 639,500.00 四川普瑞赛斯信息技术咨询有限公司 2016-05-27 09:02:22 4 中华人民共和国北京出入境检验检疫局 1 639,581.00 北京众和永业科技发展有限公司 2016-04-21 16:39:07
3921303 序号 采购单位 购买数量 购买单价 供应商 成交日期
3921196 序号 采购单位 购买数量 购买单价 供应商 成交日期
3921144 序号 采购单位 购买数量 购买单价 供应商 成交日期
3920919 序号 采购单位 购买数量 购买单价 供应商 成交日期
3920793 序号 采购单位 购买数量 购买单价 供应商 成交日期
3920820 序号 采购单位 购买数量 购买单价 供应商 成交日期
3920609 序号 采购单位 购买数量 购买单价 供应商 成交日期 1 华东理工大学 1 880,000.00 广东三盟科技股份有限公司 2016-06-08 14:44:35 2 华北电力大学 1 880,000.00 北京友邦佳通电子科技有限公司 2016-05-13 09:18:05
3919406 序号 采购单位 购买数量 购买单价 供应商 成交日期
3919362 序号 采购单位 购买数量 购买单价 供应商 成交日期 1 中国科学院自动化研究所 1 304,980.00 北京众和永业科技发展有限公司 2016-06-08 15:47:53 2 中华版权代理中心 1 304,980.00 北京新伟佳业科技有限公司 2016-05-11 11:32:16 3 中国科学院国家授时中心 1 304,980.00 西安志诚电子有限责任公司 2016-05-10 13:56:08 4 中国科学院微生物研究所 1 124,000.00 北京广和科技有限公司 2016-05-09 12:15:16
3919163 序号 采购单位 购买数量 购买单价 供应商 成交日期 1 中华人民共和国广州海关 1 369,150.00 广州腾方科技有限公司 2016-08-09 17:54:12
3919117 序号 采购单位 购买数量 购买单价 供应商 成交日期
3918956 序号 采购单位 购买数量 购买单价 供应商 成交日期
3918744 序号 采购单位 购买数量 购买单价 供应商 成交日期 1 华东理工大学 1 384,563.00 北京神州数码有限公司-存储事业部-EMC 2016-06-08 14:00:31 2 华北电力大学（保定） 1 384,563.00 河北宇易电子科技有限公司 2016-06-08 09:07:37
3918857 序号 采购单位 购买数量 购买单价 供应商 成交日期
3918736 序号 采购单位 购买数量 购买单价 供应商 成交日期 1 中国科学院自动化研究所 1 74,220.00 北京中宇盛世科技有限公司 2016-08-11 14:08:25 2 中华人民共和国南疆出入境边防检查站 2 75,000.00 天津睿卓科技有限公司 2016-07-13 09:03:03 3 满洲里海关(总关) 1 75,000.00 内蒙古百思通科技有限公司 2016-06-01 09:20:11
3918729 序号 采购单位 购买数量 购买单价 供应商 成交日期
3918640 序号 采购单位 购买数量 购买单价 供应商 成交日期
3918173 序号 采购单位 购买数量 购买单价 供应商 成交日期
3917934 序号 采购单位 购买数量 购买单价 供应商 成交日期
3917875 序号 采购单位 购买数量 购买单价 供应商 成交日期 1 审计署计算机技术中心 3 391,000.00 北京微昂科技有限公司 2016-05-04 14:29:22
3917898 序号 采购单位 购买数量 购买单价 供应商 成交日期
3917733 序号 采购单位 购买数量 购买单价 供应商 成交日期
3917579 序号 采购单位 购买数量 购买单价 供应商 成交日期 1 中国科学院过程工程研究所 1 209,998.00 无锡紫光存储系统有限公司 2016-07-20 11:52:54
3917511 序号 采购单位 购买数量 购买单价 供应商 成交日期 1 中国科学院南海海洋研究所 1 899,385.82 广州宇拓信息科技有限公司 2016-07-20 11:57:56 2 最高人民检察院计划财务装备局器材装备处 1 899,385.82 北京傲腾基业科技有限公司 2016-04-26 14:06:49
3917188 序号 采购单位 购买数量 购买单价 供应商 成交日期 1 中国科学院高能物理研究所 1 569,800.00 北京中达恒业科技发展有限公司 2016-08-16 14:24:17 2 国家海洋局东海信息中心 1 599,800.00 上海蕊心信息科技有限公司 2016-05-26 10:49:53
3916866 序号 采购单位 购买数量 购买单价 供应商 成交日期 1 大连海事大学 1 300,000.00 大连高捷施科技有限公司 2016-05-12 09:18:51
3916820 序号 采购单位 购买数量 购买单价 供应商 成交日期
3916440 序号 采购单位 购买数量 购买单价 供应商 成交日期
3916260 序号 采购单位 购买数量 购买单价 供应商 成交日期 1 华北电力大学 1 314,900.00 北京友邦佳通电子科技有限公司 2016-06-12 14:20:06 2 中国土地勘测规划院 1 314,900.00 北京鑫台华科技有限公司 2016-05-31 13:30:54 3 交通运输部科学研究院 1 314,000.00 深圳市齐普生科技股份有限公司 2016-05-16 09:18:24 4 中国银行业监督管理委员会山西监管局 1 216,000.00 山西锦程永信科技有限公司 2016-05-12 16:49:14
3921653 序号 采购单位 购买数量 购买单价 供应商 成交日期 1 国家留学基金管理委员会 1 320,000.00 北京九州网域科技发展有限公司 2016-06-12 08:48:05
3921521 序号 采购单位 购买数量 购买单价 供应商 成交日期
3921425 序号 采购单位 购买数量 购买单价 供应商 成交日期
3921448 序号 采购单位 购买数量 购买单价 供应商 成交日期
3921353 序号 采购单位 购买数量 购买单价 供应商 成交日期 1 中华人民共和国北仑海关 1 335,164.00 宁波市中欣数码科技有限公司 2016-07-19 15:35:02 2 上海国家会计学院 1 335,164.00 上海中隽电子科技发展有限公司 2016-06-16 13:47:20
3921304 序号 采购单位 购买数量 购买单价 供应商 成交日期
3921197 序号 采购单位 购买数量 购买单价 供应商 成交日期
3920946 序号 采购单位 购买数量 购买单价 供应商 成交日期
3920920 序号 采购单位 购买数量 购买单价 供应商 成交日期
3920794 序号 采购单位 购买数量 购买单价 供应商 成交日期
3920821 序号 采购单位 购买数量 购买单价 供应商 成交日期 1 新华视讯手机电视台有限公司 2 382,600.00 大有祥云（北京）科技有限公司 2016-04-15 13:41:10
3920611 序号 采购单位 购买数量 购买单价 供应商 成交日期
3919405 序号 采购单位 购买数量 购买单价 供应商 成交日期 1 同济大学 1 73,690.00 上海有卅信息科技有限公司 2016-08-02 18:00:20 2 水利部珠江水利委员会西江局 1 78,891.00 广西南宁汉荣创业科技有限公司 2016-06-29 14:53:35 3 中国地质调查局油气资源调查中心 1 78,891.00 北京华诚联合设备安装工程有限公司 2016-06-21 11:38:35 4 中国地质调查局油气资源调查中心 1 78,891.00 北京华诚联合设备安装工程有限公司 2016-06-21 11:38:21 5 中国地质调查局油气资源调查中心 1 78,891.00 北京华诚联合设备安装工程有限公司 2016-06-21 11:11:47 6 中国地质调查局油气资源调查中心 1 78,891.00 北京华诚联合设备安装工程有限公司 2016-06-21 10:26:55 7 中国地质调查局油气资源调查中心 1 78,891.00 北京华诚联合设备安装工程有限公司 2016-06-21 10:08:20
3919363 序号 采购单位 购买数量 购买单价 供应商 成交日期 1 华南理工大学 1 96,000.00 广州粤前信息科技有限公司 2016-06-30 09:42:39 2 中国气象局上海台风研究所 2 113,100.00 上海盛举信息科技有限公司 2016-06-29 20:15:17 3 浙江大学 1 113,100.00 浙江同力信息科技有限公司 2016-05-12 11:52:05 4 安徽省气象台 1 113,100.00 安徽网研科技有限公司 2016-04-27 12:14:44 5 中国科学技术大学 1 102,580.00 安徽奕迪信息科技有限公司 2016-03-14 08:12:17
3919164 序号 采购单位 购买数量 购买单价 供应商 成交日期
3919096 序号 采购单位 购买数量 购买单价 供应商 成交日期 1 中国科学院深圳先进技术研究院 1 72,000.00 深圳市红歌网络科技有限公司 2016-07-13 14:57:37 2 广州铁路监督管理局 2 72,000.00 北京中科金茂科技有限公司 2016-05-25 14:21:41 3 中国科学院化学研究所 1 72,000.00 北京中科金茂科技有限公司 2016-03-08 18:14:30
3918957 序号 采购单位 购买数量 购买单价 供应商 成交日期
3918929 序号 采购单位 购买数量 购买单价 供应商 成交日期
3918737 序号 采购单位 购买数量 购买单价 供应商 成交日期 1 中华人民共和国同益出入境边防检查站 1 42,000.00 厦门捷晟数字科技有限公司 2016-08-09 15:25:16 2 深圳出入境边防检查总站 5 40,000.00 深圳市红歌网络科技有限公司 2016-07-25 15:40:04 3 中华人民共和国二连海关 2 42,000.00 北京美承互联数码科技发展有限公司 2016-07-18 17:48:32 4 天津出入境边防检查总站 3 42,000.00 天津睿卓科技有限公司 2016-07-13 09:03:51 5 厦门出入境边防检查总站 3 41,560.00 厦门兴恒科技有限公司 2016-05-30 11:20:30
3918856 序号 采购单位 购买数量 购买单价 供应商 成交日期
3918742 序号 采购单位 购买数量 购买单价 供应商 成交日期
3918745 序号 采购单位 购买数量 购买单价 供应商 成交日期 1 中华人民共和国青岛出入境检验检疫局 1 229,441.00 北京信城通数码科技有限公司 2016-08-12 11:45:11 2 中华人民共和国山西出入境检验检疫局 1 229,441.00 北京信城通数码科技有限公司 2016-08-10 15:48:26 3 深圳出入境边防检查总站 1 226,800.00 深圳市天锐计算机技术有限公司 2016-07-20 13:52:57 4 中南民族大学 1 228,400.00 深圳市卓优数据科技有限公司 2016-07-18 10:46:45 5 北京大学第一医院 1 205,840.00 北京今锐驰信息技术有限公司 2016-07-11 18:39:07 6 北京体育大学 1 229,441.00 北京开莱兴业科技有限公司 2016-05-30 15:34:17 7 深圳出入境边防检查总站 2 225,000.00 深圳市天锐计算机技术有限公司 2016-05-27 09:17:08 8 中华人民共和国重庆出入境检验检疫局 1 229,441.00 成都龙立可科技有限公司 2016-05-20 11:51:21 9 工业和信息化部电信研究院 1 229,441.00 北京优兆科技有限公司 2016-05-18 15:28:51 10 江苏出入境检验检疫局 2 229,441.00 上海承蓝科技股份有限公司 2016-04-25 11:39:31
3918730 序号 采购单位 购买数量 购买单价 供应商 成交日期
3918639 序号 采购单位 购买数量 购买单价 供应商 成交日期
3918619 序号 采购单位 购买数量 购买单价 供应商 成交日期
3918174 序号 采购单位 购买数量 购买单价 供应商 成交日期
3917935 序号 采购单位 购买数量 购买单价 供应商 成交日期
3917876 序号 采购单位 购买数量 购买单价 供应商 成交日期 1 北京科技大学 1 253,700.00 北京十九科技有限责任公司 2016-06-08 11:29:16
3917899 序号 采购单位 购买数量 购买单价 供应商 成交日期 1 中华人民共和国二连海关 1 625,477.00 北京嘉运达科技开发股份有限公司 2016-06-29 10:24:09 2 外交部档案馆 1 625,477.00 北京海石花实业开发公司 2016-06-15 10:25:17 3 外交部档案馆 1 625,477.00 北京海石花实业开发公司 2016-06-15 10:24:40 4 北京一三一八单位 1 625,477.00 北京奇点宏业科技有限公司 2016-05-16 11:03:20 5 北京一三一八单位 1 625,477.00 北京奇点宏业科技有限公司 2016-04-05 10:23:27
3917734 序号 采购单位 购买数量 购买单价 供应商 成交日期 1 昆明海关机关服务中心 1 221,000.00 云南思酷瑞特科技有限公司 2016-05-11 09:59:42
3917580 序号 采购单位 购买数量 购买单价 供应商 成交日期
3917513 序号 采购单位 购买数量 购买单价 供应商 成交日期 1 工业和信息化部电信研究院 1 324,439.59 北京众和永业科技发展有限公司 2016-08-10 14:09:00 2 工业和信息化部电信研究院 1 324,439.59 北京众和永业科技发展有限公司 2016-08-10 11:26:10 3 国家测绘地理信息局陕西基础地理信息中心 1 324,430.00 陕西和生科技有限公司 2016-07-22 16:51:59 4 中国科学院植物研究所 1 324,439.59 北京数码地带科技有限责任公司 2016-07-01 11:49:02 5 海关总署广东分署 1 324,439.59 深圳市金东康电子技术有限公司 2016-06-27 14:52:42 6 国家药典委员会 1 324,439.59 北京兴海云达科技有限公司 2016-06-24 14:12:20 7 中华人民共和国陕西出入境检验检疫局 1 324,400.00 陕西西华科创软件技术有限公司 2016-06-22 14:28:55 8 中国地质调查局南京地质调查中心 1 324,439.59 南京嘉志德电子科技有限公司 2016-06-14 11:17:52 9 中国残疾人联合会信息中心 1 324,439.59 北京华腾网云科技有限公司 2016-06-06 17:55:12 10 中国科协信息中心 1 324,439.59 北京恒胜科技有限公司 2016-05-27 16:51:26 11 大连海事大学 1 324,439.00 大连联创世纪信息系统有限公司 2016-05-16 17:03:54 12 青岛海洋地质研究所 1 324,439.59 山东美承数码科技有限公司 2016-04-26 16:03:06 13 西南民族大学 1 270,000.00 成都建文科技发展有限公司 2016-04-19 17:49:58 14 中国科协信息中心 1 324,439.59 北京恒胜科技有限公司 2016-03-28 16:34:43 15 北京师范大学 1 324,439.59 北京友邦佳通电子科技有限公司 2016-03-15 15:43:08 16 国家气候中心 1 324,439.59 北京胜世嘉业科技有限责任公司 2016-03-14 09:22:05 17 中国银行业监督管理委员会厦门监管局 1 324,439.00 翰林汇力（福建）信息技术有限公司 2016-03-09 09:55:12
3917189 序号 采购单位 购买数量 购买单价 供应商 成交日期 1 人民交通出版社股份有限公司 1 338,000.00 北京锐网时代科技发展有限公司 2016-08-12 18:27:21 2 中国科学院近代物理研究所 1 290,000.00 兰州宇科数码科技有限责任公司 2016-07-11 17:07:41 3 中国保险监督管理委员会 1 355,860.00 北京嘉诚致和科技有限公司 2016-06-24 16:48:31 4 辽宁省气象信息中心 1 355,860.00 沈阳元利亨通信息技术有限公司 2016-06-20 13:32:20 5 全国工商联 1 355,860.00 北京慧点数码科技有限公司 2016-06-15 16:37:14 6 中华人民共和国黑龙江出入境检验检疫局 1 340,000.00 哈尔滨惠普天地电子有限公司 2016-06-15 15:55:59 7 河南出入境检验检疫局 1 355,800.00 郑州三康电子科技有限公司 2016-06-13 14:45:18 8 中华人民共和国内蒙古出入境检验检疫局 1 355,860.00 北京慧点数码科技有限公司 2016-05-26 11:19:31 9 中华人民共和国黑龙江出入境检验检疫局 1 340,000.00 哈尔滨惠鑫伟业科技开发有限公司 2016-05-24 11:22:17 10 中华人民共和国北仑出入境检验检疫局 1 350,000.00 宁波华力信息系统工程有限公司 2016-05-11 10:18:03 11 上海国际旅行卫生保健中心 1 355,860.00 上海汇策电子系统集成有限公司 2016-04-21 10:50:10 12 山东煤矿安全监察局 1 355,860.00 济南程远天旭科技有限公司 2016-04-19 11:10:47
3916936 序号 采购单位 购买数量 购买单价 供应商 成交日期 1 拉萨海关 1 147,640.00 北京众和永业科技发展有限公司 2016-08-18 10:22:05 2 拉萨海关 1 147,640.00 北京众和永业科技发展有限公司 2016-08-18 10:15:59
3916867 序号 采购单位 购买数量 购买单价 供应商 成交日期
3916821 序号 采购单位 购买数量 购买单价 供应商 成交日期 1 国家海洋环境预报中心 1 292,896.00 北京辉蓝保盈科技发展有限公司 2016-06-28 10:10:57
3916622 序号 采购单位 购买数量 购买单价 供应商 成交日期 1 大连海事大学 1 582,000.00 大连联创世纪信息系统有限公司 2016-06-03 11:17:37
3916441 序号 采购单位 购买数量 购买单价 供应商 成交日期 1 文化部非物质文化遗产司 1 108,000.00 北京建国龙达科技有限公司 2016-08-11 16:34:52
3916261 序号 采购单位 购买数量 购买单价 供应商 成交日期 1 山西省财政厅信息网络中心 1 150,000.00 山西诺和恒通科技有限公司 2016-04-27 11:39:09 2 南昌海关机关服务中心 1 152,800.00 北京和硕立业科技有限公司 2016-04-13 10:14:45
3921655 序号 采购单位 购买数量 购买单价 供应商 成交日期 1 工业和信息化部电信研究院 1 71,302.00 北京众和永业科技发展有限公司 2016-08-12 13:55:16 2 中国博士后科学基金会 1 75,055.00 意诚科技(北京)有限公司 2016-07-14 09:08:09 3 中国博士后科学基金会 1 75,055.00 意诚科技(北京)有限公司 2016-07-14 08:49:09 4 财政部驻湖北省财政监察专员办事处 1 70,000.00 武汉联创电脑有限公司 2016-07-12 09:50:16 5 中国财政科学研究院 1 75,055.00 北京德康世纪科技有限公司 2016-07-05 09:54:38 6 中国地质科学院 1 75,055.00 北京傲腾基业科技有限公司 2016-06-30 14:35:37 7 民政部信息中心 1 75,000.00 北京九天易创科技有限公司 2016-06-29 16:25:21 8 国家卫生计生委统计信息中心 1 75,055.00 北京德康世纪科技有限公司 2016-06-28 14:34:45 9 北京电子技术服务中心 2 75,055.00 北京燕京科技有限公司 2016-06-28 09:38:04 10 北京邮电大学 1 75,055.00 北京恒润浩远科技发展有限公司 2016-06-24 15:55:18 11 北京航空航天大学 1 75,055.00 北京友邦佳通电子科技有限公司 2016-06-23 16:11:45 12 民政部 1 75,000.00 北京开莱兴业科技有限公司 2016-06-23 14:14:45 13 中国科学院信息工程研究所 1 75,055.00 北京开莱兴业科技有限公司 2016-06-21 16:29:00 14 中央机构编制委员会办公室电子政务中心 1 75,000.00 北京英信未来科技有限公司 2016-06-21 15:09:56 15 中国美术馆 1 75,055.00 北京英信未来科技有限公司 2016-06-14 15:26:08 16 国家新闻出版广电总局八七一台 4 75,055.00 海南蓝点计算机网络工程有限公司 2016-06-03 15:33:35 17 国家新闻出版广电总局广播科学研究院 1 75,055.00 北京英信未来科技有限公司 2016-06-03 15:16:55 18 国家气象信息中心 1 35,800.00 北京传奇天地科技有限公司 2016-05-31 11:18:47 19 中央编办电子政务中心 1 59,600.00 北京英信未来科技有限公司 2016-05-27 13:39:05 20 中国人口与发展研究中心 1 72,000.00 北京传奇天地科技有限公司 2016-05-26 16:18:57
3921522 序号 采购单位 购买数量 购买单价 供应商 成交日期
3921447 序号 采购单位 购买数量 购买单价 供应商 成交日期
3921426 序号 采购单位 购买数量 购买单价 供应商 成交日期
3921354 序号 采购单位 购买数量 购买单价 供应商 成交日期 1 国家图书馆出版社 1 70,640.00 北京久合科技有限公司 2016-07-29 16:14:54 2 新闻出版总署信息中心 1 70,640.00 北京科源众力科技有限公司 2016-07-25 16:44:46 3 北京市密云区气象局 1 70,640.00 北京瑞科远东科技有限公司 2016-07-15 17:08:04 4 中国科学院植物研究所 1 70,640.00 北京众和永业科技发展有限公司 2016-07-12 12:34:18 6 中国科学院上海应用物理研究所 1 70,640.00 上海承蓝科技股份有限公司 2016-06-14 10:17:43 7 中国科学院高能物理研究所 1 70,640.00 北京趋势未来科技发展有限公司 2016-06-12 16:26:24 8 陕西师范大学 1 70,640.00 西安环太科技发展有限公司 2016-06-02 11:56:50 9 中国科学院南海海洋研究所 1 70,640.00 广州宇拓信息科技有限公司 2016-05-19 09:42:55 10 工业和信息化部电信研究院 1 70,640.00 北京众和永业科技发展有限公司 2016-05-18 10:20:45 11 中国科学院国家空间科学中心 1 70,640.00 北京瑞科远东科技有限公司 2016-05-12 12:26:45 12 北京中医药大学东直门医院 1 70,640.00 北京众和永业科技发展有限公司 2016-05-04 16:10:39 13 中国科学院水生生物研究所 2 70,640.00 武汉盖威尔信息科技有限公司 2016-04-21 13:57:56 14 北京科技大学 1 70,640.00 北京友邦佳通电子科技有限公司 2016-04-14 09:54:45 15 北京大学第三医院 1 70,640.00 北京众和永业科技发展有限公司 2016-04-06 10:47:47 16 冶金工业信息标准研究院 1 70,640.00 北京迅驰动力科技有限公司 2016-03-31 10:13:25 17 中国科学院合肥物质科学研究院 1 58,200.00 合肥瑞诚智能科技有限公司 2016-03-30 10:36:48 18 中国水产科学研究院南海水产研究所 1 70,640.00 广州盛富和科技有限公司 2016-03-03 11:18:37 19 中国水产科学研究院南海水产研究所 1 70,640.00 广州盛富和科技有限公司 2016-03-03 11:18:18 20 中国科学院大气物理研究所 2 70,640.00 北京网信未来信息技术有限公司 2016-02-26 10:16:36
3921305 序号 采购单位 购买数量 购买单价 供应商 成交日期
3921198 序号 采购单位 购买数量 购买单价 供应商 成交日期
3921142 序号 采购单位 购买数量 购买单价 供应商 成交日期
3920921 序号 采购单位 购买数量 购买单价 供应商 成交日期
3920947 序号 采购单位 购买数量 购买单价 供应商 成交日期
3920824 序号 采购单位 购买数量 购买单价 供应商 成交日期
3920795 序号 采购单位 购买数量 购买单价 供应商 成交日期 1 中国科学院高能物理研究所 1 11,900.00 北京正元伟业科技发展有限公司 2016-06-14 15:24:47 2 中央美术学院 2 11,900.00 北京正元伟业科技发展有限公司 2016-04-07 17:03:01
3920614 序号 采购单位 购买数量 购买单价 供应商 成交日期
3919404 序号 采购单位 购买数量 购买单价 供应商 成交日期 1 同济大学 1 43,900.00 上海有卅信息科技有限公司 2016-08-02 18:00:20 2 中国地质科学院地质力学研究所 2 43,911.00 北京荣誉腾飞科技有限公司 2016-06-20 16:54:47
3919379 序号 采购单位 购买数量 购买单价 供应商 成交日期 1 国家图书馆 1 72,800.00 北京优兆科技有限公司 2016-04-11 15:46:48
3919165 序号 采购单位 购买数量 购买单价 供应商 成交日期
3919111 序号 采购单位 购买数量 购买单价 供应商 成交日期 1 国家气象信息中心 1 46,200.00 北京华建德泰商贸有限公司 2016-06-29 15:10:16
3918958 序号 采购单位 购买数量 购买单价 供应商 成交日期
3918930 序号 采购单位 购买数量 购买单价 供应商 成交日期
3918743 序号 采购单位 购买数量 购买单价 供应商 成交日期 1 中华人民共和国河北出入境检验检疫局 1 450,000.00 北京长得万众信息技术有限公司 2016-08-09 15:01:59 2 中华人民共和国河北出入境检验检疫局 1 450,000.00 北京长得万众信息技术有限公司 2016-05-30 16:23:32 3 农业部渔业渔政管理局 1 450,000.00 北京长得万众信息技术有限公司 2016-03-01 09:55:48
3918868 序号 采购单位 购买数量 购买单价 供应商 成交日期
3918746 序号 采购单位 购买数量 购买单价 供应商 成交日期 1 天水市气象局 1 132,624.00 北京众和永业科技发展有限公司 2016-04-22 10:25:22
3918738 序号 采购单位 购买数量 购买单价 供应商 成交日期
3918706 序号 采购单位 购买数量 购买单价 供应商 成交日期
3918731 序号 采购单位 购买数量 购买单价 供应商 成交日期
3918638 序号 采购单位 购买数量 购买单价 供应商 成交日期 1 中国科学院地质与地球物理研究所 1 8,800.00 北京天泰博远科技发展有限公司 2016-01-22 16:25:14 2 中国科学院地质与地球物理研究所 1 8,800.00 北京天泰博远科技发展有限公司 2016-01-22 16:24:53
3918618 序号 采购单位 购买数量 购买单价 供应商 成交日期
3918186 序号 采购单位 购买数量 购买单价 供应商 成交日期
3917936 序号 采购单位 购买数量 购买单价 供应商 成交日期 1 中华人民共和国河北出入境检验检疫局京唐港办事处 1 43,900.00 北京卓越睿新科技发展有限公司 2016-08-05 12:44:02
3917900 序号 采购单位 购买数量 购买单价 供应商 成交日期 1 中国地质科学院地球物理地球化学勘查研究所 1 121,441.00 北京开莱兴业科技有限公司 2016-06-27 10:20:53 2 中国老龄协会老年人才信息中心 1 121,441.00 北京开莱兴业科技有限公司 2016-06-24 11:13:02 3 国家食品药品监督管理总局药品评价中心 1 121,441.00 北京银联合力科技有限公司 2016-06-23 15:23:26 4 中国科学技术大学 1 121,441.00 安徽时代中佳科贸有限责任公司 2016-06-22 16:16:41 5 中国证券监督管理委员会海南监管局 1 121,441.00 北京嘉运达科技开发股份有限公司 2016-06-20 10:11:39 6 北京交通大学 1 121,441.00 北京华航创新科技有限责任公司 2016-06-20 09:24:05 7 中国疾病预防控制中心性病艾滋病预防控制中心 1 121,441.00 北京润成恒信科技有限公司 2016-06-15 15:12:38 8 北京一三一八单位 1 121,441.00 北京开莱兴业科技有限公司 2016-06-15 13:05:53 9 中国地质调查局发展研究中心 1 121,441.00 北京长得瑞华电子技术有限公司 2016-05-31 15:47:49 10 人民东方出版传媒有限公司 1 121,441.00 北京嘉运达科技开发有限公司 2016-04-26 15:37:44 11 国家林业局昆明勘察设计院 1 121,441.00 昆明迪思软件有限公司 2016-04-12 11:50:58 12 北京一三一八单位 1 121,441.00 北京奇点宏业科技有限公司 2016-03-25 14:10:36 13 中国科学技术大学 1 121,441.00 安徽时代中佳科贸有限责任公司 2016-03-04 14:50:06
3917877 序号 采购单位 购买数量 购买单价 供应商 成交日期 1 中国科学技术大学 2 79,800.00 安徽喜悦信息科技有限公司 2016-07-19 17:00:19 2 中国纤维检验局 1 65,000.00 北京恒峰威视科技有限公司 2016-06-29 15:42:46 3 中国科学技术大学 2 79,800.00 安徽喜悦信息科技有限公司 2016-06-29 11:38:05
3917735 序号 采购单位 购买数量 购买单价 供应商 成交日期 1 中国奶业协会 1 180,000.00 北京意博创联科技发展有限公司 2016-06-28 11:19:44 2 中国地质调查局油气资源调查中心 1 180,000.00 北京傲腾基业科技有限公司 2016-05-27 14:38:16
3917581 序号 采购单位 购买数量 购买单价 供应商 成交日期
3917515 序号 采购单位 购买数量 购买单价 供应商 成交日期 1 北京一三一八单位 1 215,872.00 北京恒远华信息技术有限公司 2016-08-19 14:02:08 2 北京海关 1 227,238.00 北京开莱兴业科技有限公司 2016-08-05 09:37:10 3 中国银行业监督管理委员会江苏监管局 1 227,238.95 江苏巨鸿电子信息技术有限公司 2016-08-04 10:09:36 4 天津出入境边防检查总站 1 227,238.95 天津开发区先特网络系统有限公司 2016-07-07 08:46:27 5 山西省财政厅信息网络中心 1 227,238.95 太原时维科技有限公司 2016-06-23 11:29:07 6 国土资源部信息中心 1 227,238.95 北京信驿科技有限公司 2016-06-21 15:32:19 7 中国轻工业联合会 1 227,238.95 北京瑞华基业科技有限公司 2016-06-17 15:11:19 8 国家海洋局宁德海洋环境监测中心站 1 227,238.00 翰林汇力（福建）信息技术有限公司 2016-06-17 09:07:29 9 国家广播电影电视总局机关服务局 1 227,238.95 北京开莱兴业科技有限公司 2016-06-01 09:43:06 10 厦门出入境边防检查总站 2 227,238.95 厦门市新捷翔信息科技有限公司 2016-05-30 11:36:27 11 交通运输部东海航海保障中心连云港航标处 1 226,800.00 南京云赛软件有限公司 2016-05-24 15:25:32 12 甘肃出入境检验检疫局 1 227,238.00 兰州瑞杰信息科技有限公司 2016-05-19 16:58:57 13 上海海关学院 1 227,238.95 上海龙田数码科技有限公司 2016-04-29 11:13:45 14 北京航空航天大学 2 227,238.95 北京思达睿智系统集成有限公司 2016-04-13 15:52:37 15 中华人民共和国湛江海关 1 227,238.95 深圳市金东康电子技术有限公司 2016-02-26 15:24:22
3917190 序号 采购单位 购买数量 购买单价 供应商 成交日期 1 国家广播电影电视总局五九四台 2 67,100.00 西安恒点信息技术有限公司 2016-07-26 10:39:44 2 国家新闻出版广电总局二0二四台 1 67,100.00 北京博创纪元科技有限公司 2016-07-25 11:28:19 3 孔子学院总部 1 67,100.00 北京华氏未来信息技术有限公司 2016-07-21 09:19:10 4 中华人民共和国嘉兴海事局 1 65,600.00 杭州亚明威计算机有限公司 2016-07-18 12:41:35 5 中国机械工业联合会 1 67,100.00 北京康迈世纪科技发展有限公司 2016-07-15 15:21:35 6 中央人民广播电台 1 67,100.00 北京众和永业科技发展有限公司 2016-07-04 20:08:28 7 大连海事大学 1 67,100.00 大连高新园区恒新电脑网络有限公司 2016-05-12 09:40:53 8 孔子学院总部 1 67,100.00 北京华氏未来信息技术有限公司 2016-05-09 17:17:26 9 北京林业大学 1 67,100.00 北京美承互联数码科技发展有限公司 2016-05-05 13:41:21 10 中国民用航空华东地区空中交通管理局浙江分局 1 67,100.00 杭州亚明威计算机有限公司 2016-04-28 11:40:03 11 中国物品编码中心 1 67,100.00 北京慧点数码科技有限公司 2016-03-25 11:10:14 12 孔子学院总部 1 67,100.00 北京华氏未来信息技术有限公司 2016-01-22 14:35:15
3916937 序号 采购单位 购买数量 购买单价 供应商 成交日期
3916868 序号 采购单位 购买数量 购买单价 供应商 成交日期 1 大连市国家税务局西岗分局 1 49,980.00 大连奥远电子股份有限公司 2016-04-28 16:33:58
3916822 序号 采购单位 购买数量 购买单价 供应商 成交日期 1 工业和信息化部电信研究院 2 138,888.00 北京瑞海合创科技有限责任公司 2016-05-25 16:22:29 2 工业和信息化部电信研究院 2 138,888.00 北京瑞海合创科技有限责任公司 2016-05-25 14:15:36 3 工业和信息化部电信研究院 2 138,888.00 北京瑞海合创科技有限责任公司 2016-05-25 14:00:13
3916623 序号 采购单位 购买数量 购买单价 供应商 成交日期
3916442 序号 采购单位 购买数量 购买单价 供应商 成交日期
3916262 序号 采购单位 购买数量 购买单价 供应商 成交日期 1 交通运输部南海航海保障中心 1 61,400.00 广州帝博瑞克系统集成有限公司 2016-07-29 11:35:37 2 中国地质调查局水文地质环境地质调查中心 1 61,500.00 河北宇易电子科技有限公司 2016-06-28 11:31:47
3921657 序号 采购单位 购买数量 购买单价 供应商 成交日期 1 哈尔滨工业大学计算机科学与技术学院 1 316,900.00 哈尔滨蓝易科技有限公司 2016-08-01 09:42:13 2 国家安全生产监督管理总局通信信息中心 1 455,500.00 北京九川信和科技有限公司 2016-04-22 22:19:24 3 中央文化管理干部学院 1 319,000.00 北京亿中景科技发展有限公司 2016-03-29 11:40:43
3921656 序号 采购单位 购买数量 购买单价 供应商 成交日期 1 中国科学院国家授时中心 1 492,402.00 西安志诚电子有限责任公司 2016-03-07 16:25:46
3921428 序号 采购单位 购买数量 购买单价 供应商 成交日期
3921427 序号 采购单位 购买数量 购买单价 供应商 成交日期
3921355 序号 采购单位 购买数量 购买单价 供应商 成交日期 1 国家自然科学基金委员会 1 242,747.00 北京嘉华宏志科技有限公司 2016-07-07 16:25:09 2 中国地震局工程力学研究所 1 242,747.00 北京奥然达科技有限公司 2016-04-27 12:35:57 3 中华人民共和国浙江出入境检验检疫局 2 242,747.00 杭州祁网科技有限公司 2016-04-27 10:25:53
3921356 序号 采购单位 购买数量 购买单价 供应商 成交日期 1 中国科学院微生物研究所 1 153,428.00 北京众和永业科技发展有限公司 2016-07-14 16:14:33 2 中国科学院高能物理研究所 2 153,428.00 北京趋势未来科技发展有限公司 2016-07-12 12:42:29 3 国家知识产权局专利局专利审查协作北京中心 2 153,428.00 北京瑞海天地科技发展有限公司 2016-05-18 11:43:53 4 中国科学院国家天文台 1 153,428.00 北京迅驰动力科技有限公司 2016-05-04 13:30:57 5 中国科学院国家天文台 1 153,428.00 北京瑞科远东科技有限公司 2016-05-04 11:59:46
3921300 序号 采购单位 购买数量 购买单价 供应商 成交日期
3921301 序号 采购单位 购买数量 购买单价 供应商 成交日期
3921199 序号 采购单位 购买数量 购买单价 供应商 成交日期
3921200 序号 采购单位 购买数量 购买单价 供应商 成交日期
3921095 序号 采购单位 购买数量 购买单价 供应商 成交日期
3921096 序号 采购单位 购买数量 购买单价 供应商 成交日期
3920924 序号 采购单位 购买数量 购买单价 供应商 成交日期
3920923 序号 采购单位 购买数量 购买单价 供应商 成交日期
3920797 序号 采购单位 购买数量 购买单价 供应商 成交日期
3920796 序号 采购单位 购买数量 购买单价 供应商 成交日期
3920823 序号 采购单位 购买数量 购买单价 供应商 成交日期
3920822 序号 采购单位 购买数量 购买单价 供应商 成交日期 1 中央人民广播电台 4 191,300.00 北京胜创致远科技有限公司 2016-08-11 12:40:07
3920691 序号 采购单位 购买数量 购买单价 供应商 成交日期
3920610 序号 采购单位 购买数量 购买单价 供应商 成交日期 1 华北电力大学 1 352,400.00 北京友邦佳通电子科技有限公司 2016-05-11 14:59:19 2 新华网股份有限公司 1 352,400.00 信亦宏达网络存储技术（北京)有限公司 2016-04-15 13:57:20
3920615 序号 采购单位 购买数量 购买单价 供应商 成交日期
3919409 序号 采购单位 购买数量 购买单价 供应商 成交日期
3919408 序号 采购单位 购买数量 购买单价 供应商 成交日期 1 上海市气象科学研究所 1 78,000.00 上海晓轩信息技术有限公司 2016-06-21 16:05:13
3919365 序号 采购单位 购买数量 购买单价 供应商 成交日期 1 中国地质调查局沈阳地质调查中心 1 343,460.00 鑫长德科技技术有限公司 2016-06-17 16:11:58 2 全国组织机构代码管理中心 1 343,460.00 北京先锋时代数码科技有限责任公司 2016-05-30 15:04:00
3919364 序号 采购单位 购买数量 购买单价 供应商 成交日期
3919329 序号 采购单位 购买数量 购买单价 供应商 成交日期 1 中国科学院自动化研究所 1 20,145.00 联泰集群（北京）科技有限责任公司 2016-05-20 11:26:04
3919331 序号 采购单位 购买数量 购买单价 供应商 成交日期
3919333 序号 采购单位 购买数量 购买单价 供应商 成交日期
3919332 序号 采购单位 购买数量 购买单价 供应商 成交日期
3919299 序号 采购单位 购买数量 购买单价 供应商 成交日期
3919298 序号 采购单位 购买数量 购买单价 供应商 成交日期
3919167 序号 采购单位 购买数量 购买单价 供应商 成交日期 1 国家无线电监测中心 1 344,464.00 北京思达睿智系统集成有限公司 2016-05-04 10:45:21
3919166 序号 采购单位 购买数量 购买单价 供应商 成交日期
3919097 序号 采购单位 购买数量 购买单价 供应商 成交日期
3919109 序号 采购单位 购买数量 购买单价 供应商 成交日期
3919065 序号 采购单位 购买数量 购买单价 供应商 成交日期
3918959 序号 采购单位 购买数量 购买单价 供应商 成交日期
3918869 序号 采购单位 购买数量 购买单价 供应商 成交日期
3918748 序号 采购单位 购买数量 购买单价 供应商 成交日期 1 华侨大学 1 433,000.00 深圳市卓优数据科技有限公司 2016-06-13 17:01:15
3918870 序号 采购单位 购买数量 购买单价 供应商 成交日期
3918747 序号 采购单位 购买数量 购买单价 供应商 成交日期
3918739 序号 采购单位 购买数量 购买单价 供应商 成交日期 1 海口出入境边防检查总站 4 34,000.00 海南易建科技股份有限公司 2016-06-14 15:04:05
3918740 序号 采购单位 购买数量 购买单价 供应商 成交日期 1 大连海事大学 9 43,500.00 大连恒泰世纪信息技术有限公司 2016-04-27 11:51:24
3918732 序号 采购单位 购买数量 购买单价 供应商 成交日期
3918733 序号 采购单位 购买数量 购买单价 供应商 成交日期
3918597 序号 采购单位 购买数量 购买单价 供应商 成交日期
3918596 序号 采购单位 购买数量 购买单价 供应商 成交日期
3918187 序号 采购单位 购买数量 购买单价 供应商 成交日期
3918145 序号 采购单位 购买数量 购买单价 供应商 成交日期
3917937 序号 采购单位 购买数量 购买单价 供应商 成交日期
3917878 序号 采购单位 购买数量 购买单价 供应商 成交日期 1 中国食品药品检定研究院 1 480,000.00 捷迅高科（北京）信息技术有限公司 2016-04-28 08:12:09
3917902 序号 采购单位 购买数量 购买单价 供应商 成交日期
3917879 序号 采购单位 购买数量 购买单价 供应商 成交日期
3917901 序号 采购单位 购买数量 购买单价 供应商 成交日期
3917849 序号 采购单位 购买数量 购买单价 供应商 成交日期 1 中国科学院深圳先进技术研究院 1 36,800.00 东莞超博电子科技有限公司 2016-07-21 17:11:56 2 中国科学院深圳先进技术研究院 1 36,800.00 东莞超博电子科技有限公司 2016-05-30 13:14:02
3917848 序号 采购单位 购买数量 购买单价 供应商 成交日期 1 中国科学技术大学 1 35,400.00 安徽时代中佳科贸有限责任公司 2016-07-25 11:47:30 2 浙江大学 1 35,400.00 浙江同力信息科技有限公司 2016-06-03 15:38:29 3 浙江大学 1 35,400.00 浙江同力信息科技有限公司 2016-06-03 15:21:12
3917737 序号 采购单位 购买数量 购买单价 供应商 成交日期
3917736 序号 采购单位 购买数量 购买单价 供应商 成交日期 1 中国银行业监督管理委员会云南监管局 1 430,000.00 云南思酷瑞特科技有限公司 2016-06-22 17:00:03 2 山东大学 1 200,000.00 山东魔方网络科技有限公司 2016-03-22 10:44:36
3917582 序号 采购单位 购买数量 购买单价 供应商 成交日期
3917583 序号 采购单位 购买数量 购买单价 供应商 成交日期
3917520 序号 采购单位 购买数量 购买单价 供应商 成交日期 1 国家测绘地理信息局卫星测绘应用中心 1 421,658.39 北京鑫智盛世科技有限公司 2016-03-28 11:11:16 2 国家测绘地理信息局卫星测绘应用中心 1 421,658.39 北京鑫智盛世科技有限公司 2016-03-28 11:09:16 3 国家测绘地理信息局卫星测绘应用中心 1 421,658.39 北京鑫智盛世科技有限公司 2016-03-28 11:07:18
3917517 序号 采购单位 购买数量 购买单价 供应商 成交日期
3917192 序号 采购单位 购买数量 购买单价 供应商 成交日期 1 中国银行业监督管理委员会徐州监管分局 1 67,000.00 南京汉略信息技术有限公司 2016-07-27 11:45:11 2 泰州出入境检验检疫局 1 67,000.00 北京慧点数码科技有限公司 2016-05-18 17:02:01 3 国家新闻出版广电总局二0二二台 1 67,000.00 北京众和永业科技发展有限公司 2016-03-10 11:38:59
3917191 序号 采购单位 购买数量 购买单价 供应商 成交日期 1 北京大学第三医院 1 53,200.00 北京众和永业科技发展有限公司 2016-08-15 15:13:51
3916869 序号 采购单位 购买数量 购买单价 供应商 成交日期
3916824 序号 采购单位 购买数量 购买单价 供应商 成交日期
3916823 序号 采购单位 购买数量 购买单价 供应商 成交日期
3916531 序号 采购单位 购买数量 购买单价 供应商 成交日期
3916443 序号 采购单位 购买数量 购买单价 供应商 成交日期 1 中国科学技术信息研究所 4 83,000.00 深圳市参盟科技有限公司 2016-07-18 15:06:45 2 中国科学技术信息研究所 1 83,000.00 北京弘信晟达科技有限公司 2016-06-12 10:20:12
3916396 序号 采购单位 购买数量 购买单价 供应商 成交日期
3916395 序号 采购单位 购买数量 购买单价 供应商 成交日期
3916265 序号 采购单位 购买数量 购买单价 供应商 成交日期
3916264 序号 采购单位 购买数量 购买单价 供应商 成交日期 1 北京化工大学 1 143,050.00 北京金商祺科技股份有限公司 2016-05-11 14:36:58
3921658 序号 采购单位 购买数量 购买单价 供应商 成交日期 1 中国环境监测总站 1 78,293.00 北京传奇天地科技有限公司 2016-06-16 16:50:31 2 云南省气候中心 1 78,293.00 昆明鸿致科技有限责任公司 2016-05-10 13:38:58
3921429 序号 采购单位 购买数量 购买单价 供应商 成交日期
3921357 序号 采购单位 购买数量 购买单价 供应商 成交日期 2 黄埔海关驻长安办事处 1 36,515.00 广州盛富和科技有限公司 2016-07-01 09:38:45 3 中国科学院上海应用物理研究所 1 36,515.00 上海承蓝科技股份有限公司 2016-06-14 10:17:43 4 北京航空航天大学 1 36,515.00 北京至成恒业科技发展有限公司 2016-06-13 09:34:53 5 中国科学技术大学 1 36,515.00 安徽新美达信息科技有限公司 2016-04-15 17:17:56 6 中国科学院水生生物研究所 2 36,515.00 武汉盖威尔信息科技有限公司 2016-04-05 14:09:15
3921149 序号 采购单位 购买数量 购买单价 供应商 成交日期
3921201 序号 采购单位 购买数量 购买单价 供应商 成交日期
3921097 序号 采购单位 购买数量 购买单价 供应商 成交日期
3920922 序号 采购单位 购买数量 购买单价 供应商 成交日期
3920966 序号 采购单位 购买数量 购买单价 供应商 成交日期
3920798 序号 采购单位 购买数量 购买单价 供应商 成交日期 1 中国电子口岸数据中心西宁分中心 1 13,800.00 北京新体验数码科技有限公司 2016-06-03 14:03:34
3920825 序号 采购单位 购买数量 购买单价 供应商 成交日期 1 教育部学位与研究生教育发展中心 2 96,500.00 大有祥云（北京）科技有限公司 2016-07-04 15:55:20
3920829 序号 采购单位 购买数量 购买单价 供应商 成交日期 1 国家新闻出版广电总局广播科学研究院 2 43,250.00 量子创新（北京）信息技术有限公司 2016-06-14 11:10:50
3920690 序号 采购单位 购买数量 购买单价 供应商 成交日期
3920613 序号 采购单位 购买数量 购买单价 供应商 成交日期 1 华北电力大学 1 175,000.00 北京友邦佳通电子科技有限公司 2016-05-12 16:46:40
3919407 序号 采购单位 购买数量 购买单价 供应商 成交日期
3919378 序号 采购单位 购买数量 购买单价 供应商 成交日期 1 北京师范大学 1 31,200.00 北京维深思远科技有限公司 2016-06-21 07:01:03 2 浙江大学 2 31,200.00 浙江同力信息科技有限公司 2016-05-10 15:32:38
3919330 序号 采购单位 购买数量 购买单价 供应商 成交日期 1 贵州省六盘水市国家税务局 1 6,795.00 联泰集群（北京）科技有限责任公司 2016-03-28 10:10:29
3919334 序号 采购单位 购买数量 购买单价 供应商 成交日期
3919297 序号 采购单位 购买数量 购买单价 供应商 成交日期 1 中国农业科学院农业资源与农业区划研究所 1 28,214.00 北京太步科技发展有限责任公司 2016-08-17 15:45:06 2 北京师范大学 1 28,214.00 北京众和永业科技发展有限公司 2016-08-16 16:34:21 3 中国气象科学研究院 1 28,214.00 北京鑫维嘉信科技有限公司 2016-08-16 14:45:55 4 中国科学院光电研究院 1 29,800.00 北京瑞易恒源网络科技有限公司 2016-07-22 12:02:56 5 中国气象科学研究院 1 29,800.00 北京海博明科技有限公司 2016-07-20 15:22:33 6 中国证券监督管理委员会上海证券监管专员办事处 1 29,800.00 北京百德科技有限公司 2016-07-19 17:13:46 7 中国科学院生态环境研究中心 1 29,800.00 北京天和志业科技发展有限公司 2016-07-19 12:53:04 8 中国气象科学研究院 3 29,800.00 北京网信未来信息技术有限公司 2016-07-12 16:20:55 9 中华人民共和国北海海关 1 29,800.00 北京百德科技有限公司 2016-06-14 15:37:05 10 浙江大学 1 29,800.00 北京百德科技有限公司 2016-06-08 11:09:35 11 中国疾病预防控制中心辐射防护与核安全医学所 1 29,800.00 北京瑞科远东科技有限公司 2016-06-07 16:18:07 12 中国民用航空新疆空中交通管理局 1 29,800.00 北京百德科技有限公司 2016-06-02 11:46:09 13 中华人民共和国绍兴海关 1 29,800.00 北京百德科技有限公司 2016-05-30 14:56:57 14 中国科学院软件研究所 1 29,800.00 北京海博明科技有限公司 2016-05-16 17:25:32 15 宁波市气象服务中心 1 29,800.00 北京百德科技有限公司 2016-05-16 16:11:04 16 北京师范大学 1 29,800.00 北京海博明科技有限公司 2016-05-04 11:35:09 17 杭州海关机关服务处 1 29,800.00 北京百德科技有限公司 2016-03-18 11:31:42 18 中华全国总工会办公厅 1 29,800.00 北京科望世纪科技发展有限公司 2016-02-24 15:18:22 19 中国国民党革命委员会中央委员会 1 29,800.00 北京优士创新科技发展有限公司 2016-01-25 16:18:06
3919168 序号 采购单位 购买数量 购买单价 供应商 成交日期
3919095 序号 采购单位 购买数量 购买单价 供应商 成交日期 1 中国人民大学出版社有限公司 1 52,800.00 北京海内天地科技有限责任公司 2016-04-22 09:17:32 2 中国银行业监督管理委员会益阳监管分局 1 52,000.00 北京中科金茂科技有限公司 2016-03-30 14:23:39
3918960 序号 采购单位 购买数量 购买单价 供应商 成交日期
3918749 序号 采购单位 购买数量 购买单价 供应商 成交日期 1 深圳出入境边防检查总站 1 360,000.00 深圳市天锐计算机技术有限公司 2016-05-27 09:17:08
3918871 序号 采购单位 购买数量 购买单价 供应商 成交日期
3918741 序号 采购单位 购买数量 购买单价 供应商 成交日期
3918734 序号 采购单位 购买数量 购买单价 供应商 成交日期
3918598 序号 采购单位 购买数量 购买单价 供应商 成交日期
3918185 序号 采购单位 购买数量 购买单价 供应商 成交日期
3917949 序号 采购单位 购买数量 购买单价 供应商 成交日期 1 新华网股份有限公司 1 153,600.00 北京开莱兴业科技有限公司 2016-05-31 09:39:31
3917938 序号 采购单位 购买数量 购买单价 供应商 成交日期
3917880 序号 采购单位 购买数量 购买单价 供应商 成交日期
3917903 序号 采购单位 购买数量 购买单价 供应商 成交日期 1 中国科学技术大学 1 227,810.00 安徽时代中佳科贸有限责任公司 2016-04-07 10:05:37
3917738 序号 采购单位 购买数量 购买单价 供应商 成交日期 1 交通运输部北海救助局 1 218,000.00 烟台思杰网络技术有限公司 2016-08-05 15:04:55 2 财政部驻湖北省财政监察专员办事处 1 185,000.00 武汉宇辰方慧信息科技有限公司 2016-07-12 11:07:17 3 交通运输部东海航海保障中心连云港航标处 1 218,500.00 江苏群立世纪科技发展有限公司 2016-05-24 17:37:44 4 山东大学 1 135,000.00 山东魔方网络科技有限公司 2016-03-22 10:44:36
3917584 序号 采购单位 购买数量 购买单价 供应商 成交日期 1 中国国土资源经济研究院 1 55,000.00 北京天和志业科技发展有限公司 2016-06-28 11:35:42
3917521 序号 采购单位 购买数量 购买单价 供应商 成交日期 1 北京医院 2 248,949.33 北京兴海云达科技有限公司 2016-05-12 15:47:03
3917193 序号 采购单位 购买数量 购买单价 供应商 成交日期 1 中国科学院近代物理研究所 1 46,000.00 兰州宇科数码科技有限责任公司 2016-06-30 11:34:54 2 人力资源和社会保障部人事考试中心 2 47,000.00 北京慧点数码科技有限公司 2016-05-11 11:57:03
3916938 序号 采购单位 购买数量 购买单价 供应商 成交日期 1 中华人民共和国宁波海事局 1 92,050.00 宁波华力信息系统工程有限公司 2016-08-02 15:06:06
3916871 序号 采购单位 购买数量 购买单价 供应商 成交日期
3916825 序号 采购单位 购买数量 购买单价 供应商 成交日期 1 国家气象信息中心 1 38,880.00 北京辉蓝保盈科技发展有限公司 2016-06-08 10:03:22 2 中国地质科学院矿产资源研究所 1 38,880.00 北京易时杰科技发展有限公司 2016-04-22 17:19:47 3 农业部渔业渔政管理局 1 38,880.00 北京长得万众信息技术有限公司 2016-03-16 09:20:29
3916529 序号 采购单位 购买数量 购买单价 供应商 成交日期
3916444 序号 采购单位 购买数量 购买单价 供应商 成交日期
3916397 序号 采购单位 购买数量 购买单价 供应商 成交日期
3916263 序号 采购单位 购买数量 购买单价 供应商 成交日期
3921430 序号 采购单位 购买数量 购买单价 供应商 成交日期
3921376 序号 采购单位 购买数量 购买单价 供应商 成交日期
3921299 序号 采购单位 购买数量 购买单价 供应商 成交日期
3921115 序号 采购单位 购买数量 购买单价 供应商 成交日期
3921116 序号 采购单位 购买数量 购买单价 供应商 成交日期
3920926 序号 采购单位 购买数量 购买单价 供应商 成交日期
3920914 序号 采购单位 购买数量 购买单价 供应商 成交日期
3920612 序号 采购单位 购买数量 购买单价 供应商 成交日期
3920608 序号 采购单位 购买数量 购买单价 供应商 成交日期
3919366 序号 采购单位 购买数量 购买单价 供应商 成交日期 1 江苏省镇江市国家税务局 1 249,500.00 南京优之杰科技资讯有限公司 2016-07-28 12:39:39
3918961 序号 采购单位 购买数量 购买单价 供应商 成交日期
3918750 序号 采购单位 购买数量 购买单价 供应商 成交日期 1 中华人民共和国黑龙江出入境检验检疫局 1 577,500.00 四川长虹佳华数字技术有限公司 2016-06-24 10:15:57
3917883 序号 采购单位 购买数量 购买单价 供应商 成交日期 1 北京大学第三医院 1 429,600.00 北京东海岸技术开发有限责任公司 2016-05-18 10:47:01
3917525 序号 采购单位 购买数量 购买单价 供应商 成交日期 1 国土资源实物地质资料中心 1 390,300.19 北京众和永业科技发展有限公司 2016-06-14 16:08:03
3917523 序号 采购单位 购买数量 购买单价 供应商 成交日期
3917198 序号 采购单位 购买数量 购买单价 供应商 成交日期
3917197 序号 采购单位 购买数量 购买单价 供应商 成交日期
3916939 序号 采购单位 购买数量 购买单价 供应商 成交日期
3916828 序号 采购单位 购买数量 购买单价 供应商 成交日期
3916827 序号 采购单位 购买数量 购买单价 供应商 成交日期
3916445 序号 采购单位 购买数量 购买单价 供应商 成交日期
3921662 序号 采购单位 购买数量 购买单价 供应商 成交日期 1 中国广播影视出版社 1 207,679.00 北京英信未来科技有限公司 2016-05-27 13:36:58 2 大连海事大学 1 207,679.00 大连金河汇达电子有限公司 2016-05-17 16:38:49
3921377 序号 采购单位 购买数量 购买单价 供应商 成交日期
3920925 序号 采购单位 购买数量 购买单价 供应商 成交日期
3920915 序号 采购单位 购买数量 购买单价 供应商 成交日期
3920607 序号 采购单位 购买数量 购买单价 供应商 成交日期
3919367 序号 采购单位 购买数量 购买单价 供应商 成交日期
3918962 序号 采购单位 购买数量 购买单价 供应商 成交日期
3918735 序号 采购单位 购买数量 购买单价 供应商 成交日期
3917884 序号 采购单位 购买数量 购买单价 供应商 成交日期
3917587 序号 采购单位 购买数量 购买单价 供应商 成交日期
3917526 序号 采购单位 购买数量 购买单价 供应商 成交日期
3917199 序号 采购单位 购买数量 购买单价 供应商 成交日期
3916940 序号 采购单位 购买数量 购买单价 供应商 成交日期 1 文化部信息中心 2 188,300.00 北京鼎和时代信息技术有限公司 2016-07-29 18:05:38
3916826 序号 采购单位 购买数量 购买单价 供应商 成交日期
3916446 序号 采购单位 购买数量 购买单价 供应商 成交日期
3921663 序号 采购单位 购买数量 购买单价 供应商 成交日期
3921358 序号 采购单位 购买数量 购买单价 供应商 成交日期
3920601 序号 采购单位 购买数量 购买单价 供应商 成交日期 1 中央人民广播电台 4 142,819.00 北京开莱兴业科技有限公司 2016-08-11 08:56:11 2 海关总署物资装备采购中心 2 184,500.00 北京久钰恒兴科技有限公司 2016-06-20 13:45:42 3 工业和信息化部电信研究院 2 184,500.00 北京众和永业科技发展有限公司 2016-06-07 10:53:28 4 国家无线电监测中心 1 184,500.00 北京远桥科技有限公司 2016-04-27 12:43:09
3919341 序号 采购单位 购买数量 购买单价 供应商 成交日期 1 中国科学院理化技术研究所 1 133,640.00 北京众和永业科技发展有限公司 2016-04-11 10:47:52
3917885 序号 采购单位 购买数量 购买单价 供应商 成交日期
3917907 序号 采购单位 购买数量 购买单价 供应商 成交日期
3917586 序号 采购单位 购买数量 购买单价 供应商 成交日期
3917528 序号 采购单位 购买数量 购买单价 供应商 成交日期 1 国家药典委员会 2 190,965.17 北京兴海云达科技有限公司 2016-06-24 14:12:55 2 国土资源实物地质资料中心 1 190,965.17 北京博泰弘毅科技有限公司 2016-06-02 11:01:25 3 北京交通大学 1 190,965.17 北京博泰弘毅科技有限公司 2016-03-16 11:04:03
3916601 序号 采购单位 购买数量 购买单价 供应商 成交日期
3916532 序号 采购单位 购买数量 购买单价 供应商 成交日期 1 中华人民共和国河北出入境检验检疫局 1 156,819.00 北京华腾网云科技有限公司 2016-07-19 11:30:18 2 孔子学院总部 1 156,819.00 北京华腾网云科技有限公司 2016-06-02 12:23:04 3 中华人民共和国黑龙江出入境检验检疫局 1 156,819.00 北京华腾网云科技有限公司 2016-05-24 09:36:18 4 国家基础地理信息中心 1 156,819.00 北京华腾网云科技有限公司 2016-04-18 10:14:51
3921665 序号 采购单位 购买数量 购买单价 供应商 成交日期 1 交通运输部南海航海保障中心 1 70,000.00 广州帝博瑞克系统集成有限公司 2016-07-29 11:34:41 2 国家卫生计生委统计信息中心 1 70,416.00 北京德康世纪科技有限公司 2016-06-28 14:34:45 3 继教院 1 40,000.00 成都天奥科技开发有限公司 2016-06-21 09:58:21 4 中国广告联合有限责任公司 1 57,800.00 北京轩辕盛世科技有限责任公司 2016-04-28 10:24:21 5 中国社会报社 1 57,000.00 北京良源鼎鑫科技有限公司 2016-04-25 17:38:08 6 国家安全生产监督管理总局通信信息中心 2 57,010.00 北京九川信和科技有限公司 2016-04-22 22:19:24
3921664 序号 采购单位 购买数量 购买单价 供应商 成交日期 1 1038单位 1 133,600.00 北京海石花实业开发公司 2016-05-12 15:35:27
3921359 序号 采购单位 购买数量 购买单价 供应商 成交日期 1 中国科学院南海海洋研究所 1 49,600.00 广州宇拓信息科技有限公司 2016-07-22 11:16:10 2 中华人民共和国北仑海关 1 50,059.00 宁波市中欣数码科技有限公司 2016-07-19 15:35:02 3 故宫博物院 1 50,000.00 北京网信未来信息技术有限公司 2016-06-28 10:26:15 4 中华人民共和国西宁海关 1 49,600.00 甘肃亿佰乐电子科技工程有限公司 2016-06-08 10:17:40 5 化学工业出版社 1 50,059.00 北京胜创致远科技有限公司 2016-04-05 16:43:42
3921360 序号 采购单位 购买数量 购买单价 供应商 成交日期 1 中华人民共和国天津出入境检验检疫局 2 96,506.00 天津海泰天功系统工程科技有限公司 2016-08-08 11:29:58
3920603 序号 采购单位 购买数量 购买单价 供应商 成交日期
3920602 序号 采购单位 购买数量 购买单价 供应商 成交日期
3919343 序号 采购单位 购买数量 购买单价 供应商 成交日期 1 浙江省气象台 1 36,679.00 杭州衢信电子科技有限公司 2016-08-17 08:22:42 2 中国科学院自动化研究所 1 39,000.00 北京众和永业科技发展有限公司 2016-06-08 15:47:53 3 中国科学院地球环境研究所 1 36,731.00 西安海望网络科技有限公司 2016-04-12 11:14:58
3919342 序号 采购单位 购买数量 购买单价 供应商 成交日期 1 中国气象局上海台风研究所 2 72,410.00 上海盛举信息科技有限公司 2016-06-29 20:14:48 2 中华版权代理中心 2 72,410.00 北京新伟佳业科技有限公司 2016-05-11 11:32:16
3917909 序号 采购单位 购买数量 购买单价 供应商 成交日期 1 北京一三一八单位 2 36,406.00 北京奇点宏业科技有限公司 2016-07-22 12:57:00 2 北京交通大学 1 36,406.00 北京华航创新科技有限责任公司 2016-06-20 09:24:05 3 水利部水利水电规划设计总院 2 36,406.00 北京北方怡合信息技术有限公司 2016-06-15 11:20:42 4 北京一三一八单位 2 36,406.00 北京奇点宏业科技有限公司 2016-05-10 10:46:41 5 义乌出入境检验检疫局 1 36,406.00 杭州孚莲信息科技有限公司 2016-04-26 10:11:36 6 北京一三一八单位 2 36,406.00 北京奇点宏业科技有限公司 2016-04-05 10:23:10 7 北京一三一八单位 1 36,406.00 北京奇点宏业科技有限公司 2016-03-31 13:28:59 8 榆林市气象局 2 36,406.00 西安志诚电子有限责任公司 2016-01-27 09:27:08 9 北京科技大学 1 36,406.00 北京开莱兴业科技有限公司 2016-01-21 09:50:41 10 中国康复研究中心 2 36,406.00 北京开莱兴业科技有限公司 2016-01-20 11:45:34 11 中国康复研究中心 2 36,406.00 北京开莱兴业科技有限公司 2016-01-13 14:15:50
3917886 序号 采购单位 购买数量 购买单价 供应商 成交日期
3917585 序号 采购单位 购买数量 购买单价 供应商 成交日期
3917529 序号 采购单位 购买数量 购买单价 供应商 成交日期 1 国家新闻出版广电总局二〇二四台 1 72,498.63 北京趋势未来科技发展有限公司 2016-08-05 09:32:09 2 国家新闻出版广电总局八七一台 1 72,498.00 海南盛荣昊信息工程有限公司 2016-06-23 15:05:55 3 交通运输部东海航海保障中心连云港航标处 2 71,950.00 南京云赛软件有限公司 2016-05-24 15:25:32 4 大连海事大学 2 72,400.00 大连联创世纪信息系统有限公司 2016-05-17 08:19:37 5 青岛海洋地质研究所 1 72,498.63 山东美承数码科技有限公司 2016-04-26 16:03:40 6 北京航空航天大学 1 70,000.00 北京思达睿智系统集成有限公司 2016-04-20 09:32:14 7 国家气候中心 2 72,498.63 北京胜世嘉业科技有限责任公司 2016-03-14 09:21:37
3917531 序号 采购单位 购买数量 购买单价 供应商 成交日期 1 新闻出版总署信息中心 1 29,358.26 北京科源众力科技有限公司 2016-07-25 16:44:46 2 财政部驻湖北省财政监察专员办事处 2 29,358.26 武汉光谷信息技术股份有限公司 2016-07-13 14:01:07 3 中国地质调查局南京地质调查中心 1 29,358.26 南京嘉志德电子科技有限公司 2016-06-14 11:17:52 4 中华人民共和国陕西出入境检验检疫局 2 29,358.26 陕西西华科创软件技术有限公司 2016-05-20 13:34:03 5 国家林业局 2 29,358.00 北京开莱兴业科技有限公司 2016-03-02 15:40:15
3917201 序号 采购单位 购买数量 购买单价 供应商 成交日期 1 人民交通出版社股份有限公司 2 44,450.00 北京锐网时代科技发展有限公司 2016-08-12 18:27:21 2 全国工商联 1 46,800.00 北京开泰创新科技有限公司 2016-06-24 11:40:30 3 中国银行业监督管理委员会山东监管局 2 46,800.00 济南程远天旭科技有限公司 2016-06-15 11:54:26 4 中华人民共和国重庆出入境检验检疫局 2 46,800.00 重庆创想科技发展有限公司 2016-06-13 16:12:44 5 中华人民共和国哈尔滨海关 4 46,800.00 哈尔滨惠鑫伟业科技开发有限公司 2016-06-13 15:40:17 6 山东煤矿安全监察局 1 46,800.00 济南程远天旭科技有限公司 2016-04-19 11:13:29
3917200 序号 采购单位 购买数量 购买单价 供应商 成交日期 1 孔子学院总部 3 62,800.00 北京华氏未来信息技术有限公司 2016-05-09 17:17:02 2 孔子学院总部 1 62,800.00 北京华氏未来信息技术有限公司 2016-02-26 17:44:58
3916870 序号 采购单位 购买数量 购买单价 供应商 成交日期 1 中国科学院深圳先进技术研究院 4 40,000.00 北京天地超云科技有限公司 2016-07-21 11:46:47 2 中国科学院深圳先进技术研究院 4 36,771.00 深圳市华科博创信息科技有限公司 2016-06-06 09:46:20
3916534 序号 采购单位 购买数量 购买单价 供应商 成交日期 1 国家海洋环境监测中心 2 81,350.00 沈阳中晨数字商贸有限公司 2016-07-26 10:12:01 2 中国轻工业联合会 1 81,350.00 北京华腾网云科技有限公司 2016-07-19 17:38:23 3 工业和信息化部电信研究院 1 81,350.00 北京瑞海合创科技有限责任公司 2016-06-21 17:15:34 4 上海出入境检验检疫局 2 81,350.00 北京优兆科技有限公司 2016-06-12 10:18:30 5 国家林业局机关服务中心 2 81,350.00 北京华腾网云科技有限公司 2016-05-31 11:05:56 6 工业和信息化部电信研究院 1 81,350.00 北京瑞海合创科技有限责任公司 2016-05-25 16:22:29 7 工业和信息化部电信研究院 1 81,350.00 北京瑞海合创科技有限责任公司 2016-05-25 14:15:36 8 中国食品药品检定研究院 2 81,350.00 北京华腾网云科技有限公司 2016-05-10 13:44:05 9 大连海事大学 2 80,000.00 金锐同创（北京）科技股份有限公司 2016-04-19 10:11:31 10 大连海事大学 2 80,000.00 金锐同创（北京）科技股份有限公司 2016-04-19 10:10:08
3916533 序号 采购单位 购买数量 购买单价 供应商 成交日期 1 中国兽医药品监察所 1 87,194.00 北京胜世嘉业科技有限责任公司 2016-06-17 10:52:16 2 中华人民共和国河北出入境检验检疫局 2 87,194.00 北京华腾网云科技有限公司 2016-06-07 14:53:27 3 工业和信息化部电信研究院 2 87,194.00 北京优兆科技有限公司 2016-05-18 15:28:51
