3921650,inspur浪潮,AS18000
3921520,长城,MS 3860F
3921449,NEC,M510
3921424,智云创新,US9260
3921352,戴尔,Dell Compellent SC8000
3921303,Oracle（Sun）,fs1-flash
3921196,dahua（大华）,DH-EVS7048D-R
3921144,HDS（日立数据系统）,VSP G1000
3920919,柏科数据（Rorke）,vRD-7300G
3920793,Cenby新邦,SS8036（DAS）直连存储 144TB
3920820,NetApp,FAS8040-R6
3920609,ChangHong,ChangHong FAS8040
3919406,Infortrend（普安）,ESDS 4024
3919362,曙光,DS800-G
3919163,DCN,NCS4700
3919117,PowerLeader（宝德）,GS6324M
3918956,ZTE中兴,ZXCLOUD KU5200
3918744,EMC,VNX5800
3918857,汉柏,OES H3024-F8
3918736,海康威视,DS-A82060D
3918729,云创存储,磁盘阵列存储系统rStor 8016D
3918640,鲸鲨,VS4-24E
3918173,InforCube,IFC3224MS
3917934,云海麒麟,YH-A1610D
3917875,NetStor,NCS7000
3917898,Lenovo（联想）,Lenovo VNX5800
3917733,爱数（eisoo）,VS2000
3917579,紫光,UStor C6816
3917511,华为,OceanStor 18500 V3+512GB 缓存
3917188,惠普,HP StoreServ 8400
3916866,超云,NS5000
3916820,数普（Supool）,DS5600
3916440,DFT（迪菲特）,ES-5300-D
3916260,MacroSAN（宏杉）,MS5520
3921653,inspur浪潮,AS8000-M2
3921521,长城,MS 3820F
3921425,智云创新,US9240
3921448,NEC,M310
3921353,戴尔,Dell Storage SC4020
3921304,Oracle（Sun）,fs1-8TB
3921197,dahua（大华）,DH-EVS7024D-R
3920946,飞杰青云,FS6000-R212
3920920,柏科数据（Rorke）,RD6850
3920794,Cenby新邦,SS8024（DAS）直连存储 96TB
3920821,NetApp,FAS8020-R6
3920611,ChangHong,ChangHong CNX5200
3919405,Infortrend（普安）,ESDS 1024
3919363,曙光,DS600-G
3919164,DCN,NCS4200
3919096,PowerLeader（宝德）,GS5316D
3918957,ZTE中兴,ZXCLOUD KS3200
3918929,智网,US3016FI
3918737,海康威视,DS-A82024D
3918856,汉柏,OES E2024-F8
3918742,IBM,IBM Storwize V7000(2076-524)
3918745,EMC,VNX5400
3918730,云创存储,磁盘阵列存储系统 rStor 7016D
3918639,鲸鲨,VS4-16E
3918619,清华同方,超强MS273T
3918174,InforCube,IFC3216MS
3917935,云海麒麟,YH-F1610D
3917876,NetStor,iSUM790
3917899,Lenovo（联想）,Lenovo VNX5200
3917734,爱数（eisoo）,AS5000
3917580,紫光,UStor N3024
3917513,华为,OceanStor 5500 V3+128GB缓存
3917189,惠普,HP StoreServ 7200C
3916936,天融信,TDSM-DBFW-21049
3916867,超云,SS4000-R16
3916821,数普（Supool）,DS5600
3916622,华三（H3C）,UIS-P8200-2N
3916441,DFT（迪菲特）,ES-3391-D
3916261,MacroSAN（宏杉）,MS3300
3921655,inspur浪潮,AS520E-M1
3921522,长城,MS 3800F
3921447,NEC,M110
3921426,智云创新,US9220-4
3921354,戴尔,Dell Storage SCv2000
3921305,Oracle（Sun）,fs1-300GB
3921198,dahua（大华）,DH-EVS5024S-R
3921142,HDS（日立数据系统）,VSP G200
3920921,柏科数据（Rorke）,BCM-SW
3920947,飞杰青云,FS6000－R316
3920824,NetApp,E5600-SYS-R6
3920795,Cenby新邦,SD828（超高速阵列安全型）桌面存储 16TB
3920614,ChangHong,ChangHong VSP G200
3919404,Infortrend（普安）,ESDS 1012
3919379,曙光,DS200-C20
3919165,DCN,NCS2400
3919111,PowerLeader（宝德）,GS5316S
3918958,ZTE中兴,ZXCLOUD KS3200
3918930,智网,US3016I
3918743,IBM,IBM Storwize V5000(2078-24C)
3918868,汉柏,OES E2016
3918746,EMC,VNXe1600
3918738,海康威视,DS-A80624S
3918706,竞业达,JYD-NSS8016
3918731,云创存储,磁盘阵列存储系统rStor 6016S
3918638,鲸鲨,ES2-16S
3918618,清华同方,超强MS272T
3918186,InforCube,IFC3116IS
3917936,云海麒麟,YH-G1610S
3917900,Lenovo（联想）,Lenovo S3200
3917877,NetStor,iSUM790L
3917735,爱数（eisoo）,S8000
3917581,紫光,UStor L2016
3917515,华为,OceanStor 5300 V3+64GB缓存
3917190,惠普,HP MSA1040 Storage
3916937,天融信,TDSM-DBFW-20509
3916868,超云,SS4000-R12
3916822,数普（Supool）,DS3700
3916623,华三（H3C）,UIS-P8200-2N
3916442,DFT（迪菲特）,ES-5100-S
3916262,MacroSAN（宏杉）,MS2500 G2-12S
3921657,inspur浪潮,AS5600
3921656,inspur浪潮,AS13000
3921428,智云创新,US9220-2
3921427,智云创新,US9220-3
3921355,戴尔,EqualLogic PS6210E
3921356,戴尔,PowerVault MD3860f
3921300,Oracle（Sun）,ZS4-4-24P-900-SINGLE
3921301,Oracle（Sun）,ZS3-2-24C-8T-DUAL
3921199,dahua（大华）,DH-EVS7048S-R
3921200,dahua（大华）,DH-EVS7024S-R
3921095,Klong,X410
3921096,Klong,S210
3920924,柏科数据（Rorke）,ISC3000集群存储应用节点
3920923,柏科数据（Rorke）,CN8800
3920797,Cenby新邦,SW3024（NAS）万兆网络存储 96TB
3920796,Cenby新邦,SW3036（NAS）万兆网络存储 144TB
3920823,NetApp,FAS8060-R6
3920822,NetApp,FAS8020-R6
3920691,金品,KS4024G
3920610,ChangHong,ChangHong FAS8020
3920615,ChangHong,ChangHong HNAS 4040
3919409,Infortrend（普安）,GS 3012
3919408,Infortrend（普安）,NAS 3012R1CN
3919365,曙光,ParaStor200
3919364,曙光,DS900-G10
3919329,LTHPC（联泰集群）,LT- 6048R-E1CR24N
3919331,LTHPC（联泰集群）,LT-6048R-ECR36NF
3919333,DATATOM（德拓）,D500A
3919332,DATATOM（德拓）,D100A
3919299,群晖synology,RC18015XS+
3919298,群晖synology,RC18015XS+（双机）
3919167,DCN,NCS4600
3919166,DCN,NCS-DFS2400
3919097,PowerLeader（宝德）,GS5316X-D
3919109,PowerLeader（宝德）,PR4036RS
3919065,大鱼,ES900
3918959,ZTE中兴,ZXCLOUD KU5200
3918869,汉柏,ODS E2012
3918748,EMC,X210
3918870,汉柏,OES E2024-E10
3918747,EMC,NL410
3918739,海康威视,DS-A71036R
3918740,海康威视,DS-A71048R
3918732,云创存储,迷你云办公存储一体机（服务器） M3100
3918733,云创存储,超低功耗云存储系统 A8000
3918597,旅之星（travelstar）,TS-810(24TB)
3918596,旅之星（travelstar）,TS-1210Ultra(12TB)
3918187,InforCube,IFC4124B
3918145,闪龙科技,USR0424
3917937,云海麒麟,YH-N1610D
3917878,NetStor,NCS5000
3917902,Lenovo（联想）,Lenovo VNX5800-U
3917879,NetStor,NCS3730
3917901,Lenovo（联想）,Lenovo VNX5800-U
3917849,AMAX,Servmax R XG-32301ST
3917848,AMAX,Servmax R XG-22302ST
3917737,爱数（eisoo）,VGP4000
3917736,爱数（eisoo）,VXP2400
3917582,紫光,UStor C6600
3917583,紫光,UStor L2610
3917520,华为,OceanStor 9000 P25+48GB缓存+21.6TB SAS &200GB SSD硬盘
3917517,华为,OceanStor 5800 V3+256GB缓存+12*1.2TB SAS
3917192,惠普,HP StoreEasy 1650 48TB SAS Strg
3917191,惠普,HP StoreEasy 1650 16TB SAS Strg
3916869,超云,SS4000-R24
3916824,数普（Supool）,NS8560
3916823,数普（Supool）,NS8360
3916531,中博,DS2024
3916443,DFT（迪菲特）,NS-1804E-R1E
3916396,酷备,R136H
3916395,酷备,R116H
3916265,MacroSAN（宏杉）,MS2500 G2-16A
3916264,MacroSAN（宏杉）,MS3000 G2
3921658,inspur浪潮,AS530N
3921429,智云创新,US8360
3921357,戴尔,Dell Storage NX3330
3921149,UIT创新科,SV3000G2-L
3921201,dahua（大华）,DH-EVS5000
3921097,Klong,X210
3920922,柏科数据（Rorke）,LX4-12S
3920966,万由,U-NAS NS-410
3920798,Cenby新邦,SNT3508(阵列安全NAS)桌面网络存储 16TB
3920825,NetApp,FAS2500-R6
3920829,量子（ESPAN）,NS-EI36S1
3920690,金品,KS3016G
3920613,ChangHong,ChangHong FAS2552
3919407,Infortrend（普安）,EonNAS 3012T1CN
3919378,曙光,DS600-G
3919330,LTHPC（联泰集群）,LT-5028A-TN4
3919334,DATATOM（德拓）,I120A
3919297,群晖synology,DS1815+
3919168,DCN,NCS2600
3919095,PowerLeader（宝德）,GS9124IS
3918960,ZTE中兴,ZXCLOUD KN3200
3918749,EMC,VNX5600
3918871,汉柏,OES E2016-E1
3918741,海康威视,DS-A81016S
3918734,云创存储,磁盘阵列存储系统rStor NAS 1016
3918598,旅之星（travelstar）,TS-410(8T)
3918185,InforCube,IFC4116B
3917949,i2,i2Box
3917938,云海麒麟,YH-N1610S
3917880,NetStor,NCS3710
3917903,Lenovo（联想）,Lenovo VNX5200-U
3917738,爱数（eisoo）,VXP1200
3917584,紫光,UStor N1016
3917521,华为,OceanStor 9000 P12+32GB缓存+22TB SATA &200GB SSD硬盘
3917193,惠普,HP StoreEasy 1450 8TB SATA Strg
3916938,天融信,TDSM-DBFW-21019
3916871,超云,SS2300-S16
3916825,数普（Supool）,US1700
3916529,中博,NS2016
3916444,DFT（迪菲特）,ES-3351-S
3916397,酷备,R112H
3916263,MacroSAN（宏杉）,MS2500 G2-25S
3921430,安腾普,Tina5000
3921376,戴尔,Dell DR6000
3921299,Oracle（Sun）,Oracle(Sun)oracle exadata-storage server 1Unit
3921115,DCN,NCS-NDP340
3921116,DCN,NCS-NDP330
3920926,柏科数据（Rorke）,DR1300
3920914,云存,MIDAS3016
3920612,ChangHong,ChangHong DD2200
3920608,ChangHong,ChangHong  Dxi6902
3919366,曙光,DBstor100
3918961,ZTE中兴,ZXCOUD VTL6000
3918750,EMC,DD4200
3917883,NetStor,NRS2100
3917525,华为,OceanStor VTL6900(增强版+20TB容量
3917523,华为,OceanStor VTL6900(高级版)+20TB容量
3917198,惠普,StoreOnce 4900
3917197,惠普,StoreOnce 4500
3916939,天融信,TMB-1629DB
3916828,数普（Supool）,VTL备份存储系统（高级）
3916827,数普（Supool）,VTL备份存储系统（中级）
3916445,DFT（迪菲特）,VTL-12F
3921662,inspur浪潮,DP1000-M1
3921377,戴尔,Dell DR4100
3920925,柏科数据（Rorke）,VTL-20
3920915,云存,MIDAS3008
3920607,ChangHong,ChangHong Dxi4701
3919367,曙光,DBstor100L
3918962,ZTE中兴,ZXCOUD VTL6000
3918735,云创存储,cTape云带库系统1001
3917884,NetStor,VTL2100
3917587,紫光,UStor N1516
3917526,华为,OceanStor VTL6900(基础版)+10TB容量
3917199,惠普,StoreOnce 2900
3916940,天融信,TMB-0619-P
3916826,数普（Supool）,VTL备份存储系统
3916446,DFT（迪菲特）,VTL-12I
3921663,inspur浪潮,FS6600
3921358,戴尔,Dell Brocade 6510
3920601,ChangHong,ChangHong BR6510
3919341,曙光,曙光6510光纤交换机
3917885,NetStor,BR6510
3917907,Lenovo（联想）,Lenovo B6510
3917586,紫光,ULSWB48
3917528,华为,OceanStor SNS2248
3916601,华三（H3C）,H3C S5820V2-52QF-U主机+双电源+双风扇
3916532,博科,BR-6510-24-8G-R
3921665,inspur浪潮,FS5900
3921664,inspur浪潮,FS6500
3921359,戴尔,Dell Brocade 300
3921360,戴尔,Dell Brocade 6505
3920603,ChangHong,ChangHong BR300
3920602,ChangHong,ChangHong BR6505
3919343,曙光,曙光300光纤交换机
3919342,曙光,曙光6505光纤交换机
3917909,Lenovo（联想）,Lenovo B300
3917886,NetStor,BR300
3917585,紫光,ULSWB24
3917529,华为,OceanStor SNS2224
3917531,华为,OceanStor SNS2124
3917201,惠普,HP 8/24 Base (16) Full Fabric Ports Enabled SAN Switch
3917200,惠普,HP SN3000B 16Gb 24-port/12-port Active Fibre Channel Switch
3916870,超云,BR-360-0008-A
3916534,博科,BR-360-0008
3916533,博科,BR-6505-12-8G-0R
