3730629,首页,协议供货,信息类产品,移动办公系统
3730625,首页,协议供货,信息类产品,移动办公系统
3730624,首页,协议供货,信息类产品,移动办公系统
3730623,首页,协议供货,信息类产品,移动办公系统
3730622,首页,协议供货,信息类产品,移动办公系统
3730497,首页,协议供货,信息类产品,移动办公系统
3730495,首页,协议供货,信息类产品,移动办公系统
3730494,首页,协议供货,信息类产品,移动办公系统
3730493,首页,协议供货,信息类产品,移动办公系统
3730370,首页,协议供货,信息类产品,移动办公系统
3730361,首页,协议供货,信息类产品,移动办公系统
3730360,首页,协议供货,信息类产品,移动办公系统
3730358,首页,协议供货,信息类产品,移动办公系统
3730207,首页,协议供货,信息类产品,移动办公系统
3727088,首页,协议供货,信息类产品,移动办公系统
3727084,首页,协议供货,信息类产品,移动办公系统
3727083,首页,协议供货,信息类产品,移动办公系统
3730612,首页,协议供货,信息类产品,桌面办公系统
3730611,首页,协议供货,信息类产品,桌面办公系统
3730610,首页,协议供货,信息类产品,桌面办公系统
3730609,首页,协议供货,信息类产品,桌面办公系统
3730608,首页,协议供货,信息类产品,桌面办公系统
3729588,首页,协议供货,信息类产品,桌面办公系统
3728508,首页,协议供货,信息类产品,桌面办公系统
3728495
3727082,首页,协议供货,信息类产品,桌面办公系统
3727081,首页,协议供货,信息类产品,桌面办公系统
3727079,首页,协议供货,信息类产品,桌面办公系统
3727078,首页,协议供货,信息类产品,桌面办公系统
3727077,首页,协议供货,信息类产品,桌面办公系统
3726822,首页,协议供货,信息类产品,桌面办公系统
3722231,首页,协议供货,信息类产品,桌面办公系统
3921653,首页,协议供货,信息类产品,磁盘阵列中档
3921672,首页,协议供货,信息类产品,机架式服务器高档
3921669,首页,协议供货,信息类产品,塔式服务器中档
3921676,首页,协议供货,信息类产品,GPU并行运算服务器中、低档
3921668,首页,协议供货,信息类产品,塔式服务器中档
3921675,首页,协议供货,信息类产品,GPU并行运算服务器中、低档
3921655,首页,协议供货,信息类产品,磁盘阵列低档
3921667,首页,协议供货,信息类产品,塔式服务器高档
3921666,首页,协议供货,信息类产品,塔式服务器高档
3921673,首页,协议供货,信息类产品,机架式服务器中、低档
3921680,首页,协议供货,信息类产品,刀片服务器低档
3921557,首页,协议供货,信息类产品,塔式服务器中档
3921562,首页,协议供货,信息类产品,机架式服务器中、低档
3921559,首页,协议供货,信息类产品,机架式服务器高档
3921560,首页,协议供货,信息类产品,机架式服务器高档
3921487,首页,协议供货,信息类产品,机架式服务器高档
3921486,首页,协议供货,信息类产品,UNIX服务器
3921485,首页,协议供货,信息类产品,UNIX服务器
3921484,首页,协议供货,信息类产品,UNIX服务器
3921488,首页,协议供货,信息类产品,机架式服务器高档
3921355,首页,协议供货,信息类产品,网络附加存储（NAS）中高档
3921372,首页,协议供货,信息类产品,数据中心核心交换机 低档
3921357,首页,协议供货,信息类产品,网络附加存储（NAS）低档
3921369,首页,协议供货,信息类产品,数据中心接入交换机 中档及以上
3921356,首页,协议供货,信息类产品,网络附加存储（NAS）中高档
3921370,首页,协议供货,信息类产品,数据中心接入交换机 中档及以上
3921296,首页,协议供货,信息类产品,GPU并行运算服务器高档
3921144,首页,协议供货,信息类产品,磁盘阵列高档
3921124,首页,协议供货,信息类产品,终端安全管理设备
3921142,首页,协议供货,信息类产品,磁盘阵列低档
3920919,首页,协议供货,信息类产品,磁盘阵列高档
3921024,首页,协议供货,信息类产品,数据中心接入交换机 中档及以上
3921022,首页,协议供货,信息类产品,园区核心交换机 中档及以上
3920865,首页,协议供货,信息类产品,网络安全隔离与信息交换产品
3920797,首页,协议供货,信息类产品,网络附加存储（NAS）中高档
3920796,首页,协议供货,信息类产品,网络附加存储（NAS）中高档
3920828,首页,协议供货,信息类产品,防火墙产品（千兆）
3920614,首页,协议供货,信息类产品,磁盘阵列低档
3919321,首页,协议供货,信息类产品,机架式服务器高档
3919064,首页,协议供货,信息类产品,园区核心交换机 低档
3919063,首页,协议供货,信息类产品,园区核心交换机 中档及以上
3919062,首页,协议供货,信息类产品,园区核心交换机 中档及以上
3918996,首页,协议供货,信息类产品,园区核心交换机 低档
3919002,首页,协议供货,信息类产品,数据中心核心交换机 低档
3919019,首页,协议供货,信息类产品,防火墙产品（千兆）
3919021,首页,协议供货,信息类产品,防火墙产品（万兆）
3918995,首页,协议供货,信息类产品,园区核心交换机 中档及以上
3919020,首页,协议供货,信息类产品,防火墙产品（千兆）
3918951,首页,协议供货,信息类产品,机架式服务器高档
3918956,首页,协议供货,信息类产品,磁盘阵列高档
3918994,首页,协议供货,信息类产品,园区核心交换机 中档及以上
3918999,首页,协议供货,信息类产品,数据中心接入交换机 低档
3919000,首页,协议供货,信息类产品,数据中心核心交换机 高档
3919024,首页,协议供货,信息类产品,网络入侵检测产品（万兆）
3919023,首页,协议供货,信息类产品,网络入侵检测产品（千兆）
3918959,首页,协议供货,信息类产品,网络附加存储（NAS）中高档
3918997,首页,协议供货,信息类产品,数据中心接入交换机 中档及以上
3919022,首页,协议供货,信息类产品,防火墙产品（万兆）
3918794,首页,协议供货,信息类产品,园区核心交换机 低档
3918814,首页,协议供货,信息类产品,刀片服务器中档
3918819,首页,协议供货,信息类产品,GPU并行运算服务器高档
3918821,首页,协议供货,信息类产品,MIC并行服务器
3918857,首页,协议供货,信息类产品,磁盘阵列高档
3918869,首页,协议供货,信息类产品,网络附加存储（NAS）中高档
3918871,首页,协议供货,信息类产品,网络附加存储（NAS）低档
3918883,首页,协议供货,信息类产品,数据中心核心交换机 低档
3918813,首页,协议供货,信息类产品,刀片服务器低档
3918818,首页,协议供货,信息类产品,GPU并行运算服务器高档
3918820,首页,协议供货,信息类产品,MIC并行服务器
3918856,首页,协议供货,信息类产品,磁盘阵列中档
3918868,首页,协议供货,信息类产品,磁盘阵列低档
3918870,首页,协议供货,信息类产品,网络附加存储（NAS）中高档
3918780,首页,协议供货,信息类产品,无线控制器
3918792,首页,协议供货,信息类产品,园区核心交换机 中档及以上
3918812,首页,协议供货,信息类产品,刀片服务器低档
3918817,首页,协议供货,信息类产品,GPU并行运算服务器中、低档
3918772,首页,协议供货,信息类产品,机架式服务器中、低档
3918789,首页,协议供货,信息类产品,无线鉴别服务器
3918791,首页,协议供货,信息类产品,园区核心交换机 中档及以上
3918816,首页,协议供货,信息类产品,GPU并行运算服务器中、低档
3918771,首页,协议供货,信息类产品,机架式服务器中、低档
3918815,首页,协议供货,信息类产品,刀片服务器中档
3918822,首页,协议供货,信息类产品,MIC并行服务器
3918578,首页,协议供货,信息类产品,机架式服务器高档
3918585,首页,协议供货,信息类产品,刀片服务器低档
3918592,首页,协议供货,信息类产品,UNIX服务器
3918534,首页,协议供货,信息类产品,机架式服务器中、低档
3918577,首页,协议供货,信息类产品,机架式服务器高档
3918584,首页,协议供货,信息类产品,刀片服务器中档
3918591,首页,协议供货,信息类产品,UNIX服务器
3918583,首页,协议供货,信息类产品,刀片服务器中档
3918532,首页,协议供货,信息类产品,机架式服务器高档
3918582,首页,协议供货,信息类产品,刀片服务器高档
3918531,首页,协议供货,信息类产品,机架式服务器高档
3918581,首页,协议供货,信息类产品,刀片服务器高档
3918586,首页,协议供货,信息类产品,刀片服务器低档
3918593,首页,协议供货,信息类产品,UNIX服务器
3918314,首页,协议供货,信息类产品,高端网络路由器
3918319,首页,协议供货,信息类产品,防火墙产品（万兆）
3918344,首页,协议供货,信息类产品,防病毒网关
3918312,首页,协议供货,信息类产品,数据中心核心交换机 中档
3918317,首页,协议供货,信息类产品,防火墙产品（千兆）
3918343,首页,协议供货,信息类产品,防病毒网关
3918304,首页,协议供货,信息类产品,园区汇聚交换机 低档
3918316,首页,协议供货,信息类产品,防火墙产品（千兆）
3918315,首页,协议供货,信息类产品,高端网络路由器
3918270,首页,协议供货,信息类产品,数据中心核心交换机 中档
3918275,首页,协议供货,信息类产品,园区核心交换机 低档
3918274,首页,协议供货,信息类产品,数据中心接入交换机 中档及以上
3918272,首页,协议供货,信息类产品,数据中心接入交换机 低档
3918277,首页,协议供货,信息类产品,园区核心交换机 中档及以上
3918269,首页,协议供货,信息类产品,数据中心核心交换机 低档
3918271,首页,协议供货,信息类产品,数据中心核心交换机 高档
3918174,首页,协议供货,信息类产品,磁盘阵列中档
3918186,首页,协议供货,信息类产品,磁盘阵列低档
3918173,首页,协议供货,信息类产品,磁盘阵列高档
3917934,首页,协议供货,信息类产品,磁盘阵列高档
3917921,首页,协议供货,信息类产品,机架式服务器中、低档
3917920,首页,协议供货,信息类产品,机架式服务器中、低档
3917878,首页,协议供货,信息类产品,网络附加存储（NAS）中高档
3917883,首页,协议供货,信息类产品,虚拟磁带库中档及以上
3917875,首页,协议供货,信息类产品,磁盘阵列高档
3917907,首页,协议供货,信息类产品,光纤交换机高档
3917898,首页,协议供货,信息类产品,磁盘阵列高档
3917803,首页,协议供货,信息类产品,漏洞扫描产品
3917802,首页,协议供货,信息类产品,漏洞扫描产品
3917614,首页,协议供货,信息类产品,园区接入交换机（千兆）
3917619,首页,协议供货,信息类产品,园区核心交换机 中档及以上
3917613,首页,协议供货,信息类产品,园区接入交换机（千兆）
3917618,首页,协议供货,信息类产品,园区汇聚交换机 低档
3917620,首页,协议供货,信息类产品,园区核心交换机 中档及以上
3917625,首页,协议供货,信息类产品,数据中心核心交换机 中档
3917612,首页,协议供货,信息类产品,园区接入交换机（百兆） 低档
3917617,首页,协议供货,信息类产品,园区汇聚交换机 中档及以上
3917624,首页,协议供货,信息类产品,数据中心核心交换机 低档
3917616,首页,协议供货,信息类产品,园区汇聚交换机 中档及以上
3917623,首页,协议供货,信息类产品,数据中心接入交换机 低档
3917610,首页,协议供货,信息类产品,园区接入交换机（百兆） 中档及以上
3917615,首页,协议供货,信息类产品,园区接入交换机（千兆）
3917622,首页,协议供货,信息类产品,数据中心接入交换机 中档及以上
3917513,首页,协议供货,信息类产品,磁盘阵列中档
3917512,首页,协议供货,信息类产品,刀片服务器低档
3917517,首页,协议供货,信息类产品,网络附加存储（NAS）中高档
3917504,首页,协议供货,信息类产品,机架式服务器高档
3917511,首页,协议供货,信息类产品,磁盘阵列高档
3917516,首页,协议供货,信息类产品,GPU并行运算服务器高档
3917508,首页,协议供货,信息类产品,刀片服务器高档
3917510,首页,协议供货,信息类产品,刀片服务器中档
3917515,首页,协议供货,信息类产品,磁盘阵列低档
3917507,首页,协议供货,信息类产品,刀片服务器高档
3917514,首页,协议供货,信息类产品,刀片服务器低档
3917454,首页,协议供货,信息类产品,管理系统平台
3917453,首页,协议供货,信息类产品,管理系统平台
3917452,首页,协议供货,信息类产品,管理系统平台
3917244,首页,协议供货,信息类产品,高端网络路由器
3917243,首页,协议供货,信息类产品,中端网络路由器
3917152,首页,协议供货,信息类产品,数据中心接入交换机 中档及以上
3917157,首页,协议供货,信息类产品,数据中心核心交换机 低档
3917156,首页,协议供货,信息类产品,数据中心核心交换机 中档
3917155,首页,协议供货,信息类产品,数据中心核心交换机 高档
3916945,首页,协议供货,信息类产品,防火墙产品（万兆）
3916856,首页,协议供货,信息类产品,GPU并行运算服务器高档
3916855,首页,协议供货,信息类产品,GPU并行运算服务器中、低档
3916866,首页,协议供货,信息类产品,磁盘阵列高档
3916565,首页,协议供货,信息类产品,防火墙产品（万兆）
3916577,首页,协议供货,信息类产品,防DOS攻击系统
3916591,首页,协议供货,信息类产品,中端网络路由器
3916596,首页,协议供货,信息类产品,高端网络路由器
3916609,首页,协议供货,信息类产品,机架式服务器中、低档
3916564,首页,协议供货,信息类产品,防火墙产品（千兆）
3916576,首页,协议供货,信息类产品,防DOS攻击系统
3916595,首页,协议供货,信息类产品,高端网络路由器
3916608,首页,协议供货,信息类产品,机架式服务器高档
3916639,首页,协议供货,信息类产品,园区核心交换机 中档及以上
3916646,首页,协议供货,信息类产品,数据中心核心交换机 高档
3916563,首页,协议供货,信息类产品,防火墙产品（千兆）
3916575,首页,协议供货,信息类产品,防DOS攻击系统
3916594,首页,协议供货,信息类产品,高端网络路由器
3916607,首页,协议供货,信息类产品,机架式服务器高档
3916638,首页,协议供货,信息类产品,园区核心交换机 中档及以上
3916562,首页,协议供货,信息类产品,防火墙产品（千兆）
3916593,首页,协议供货,信息类产品,中端网络路由器
3916606,首页,协议供货,信息类产品,园区接入交换机（千兆）
3916566,首页,协议供货,信息类产品,防火墙产品（万兆）
3916592,首页,协议供货,信息类产品,中端网络路由器
3916440,首页,协议供货,信息类产品,磁盘阵列高档
3916444,首页,协议供货,信息类产品,网络附加存储（NAS）低档
3916267,首页,协议供货,信息类产品,园区接入交换机（千兆）
3916274,首页,协议供货,信息类产品,数据中心接入交换机 中档及以上
3916273,首页,协议供货,信息类产品,园区核心交换机 低档
3916272,首页,协议供货,信息类产品,园区核心交换机 中档及以上
3916269,首页,协议供货,信息类产品,园区汇聚交换机 中档及以上
3916268,首页,协议供货,信息类产品,园区接入交换机（千兆）
3916275,首页,协议供货,信息类产品,数据中心接入交换机 低档
3916262,首页,协议供货,信息类产品,磁盘阵列低档
3916261,首页,协议供货,信息类产品,磁盘阵列中档
3916260,首页,协议供货,信息类产品,磁盘阵列高档
3916265,首页,协议供货,信息类产品,网络附加存储（NAS）中高档
3916264,首页,协议供货,信息类产品,网络附加存储（NAS）中高档
3916263,首页,协议供货,信息类产品,网络附加存储（NAS）低档
3916200,首页,协议供货,信息类产品,网络入侵防御产品
3916201,首页,协议供货,信息类产品,网络入侵防御产品
3732083,首页,协议供货,信息类产品,云管理
3732082,首页,协议供货,信息类产品,桌面云
3732081,首页,协议供货,信息类产品,虚拟化
3731594,首页,协议供货,信息类产品,综合运维
3731593,首页,协议供货,信息类产品,综合运维
3731592,首页,协议供货,信息类产品,综合运维
3731591,首页,协议供货,信息类产品,综合运维
3731590,首页,协议供货,信息类产品,综合运维
3731064,首页,协议供货,信息类产品,云管理
3731062,首页,协议供货,信息类产品,云管理
3731023,首页,协议供货,信息类产品,桌面云
3731014,首页,协议供货,信息类产品,桌面云
3731008,首页,协议供货,信息类产品,虚拟化
3731007,首页,协议供货,信息类产品,虚拟化
3731006,首页,协议供货,信息类产品,虚拟化
3731005,首页,协议供货,信息类产品,虚拟化
3731004,首页,协议供货,信息类产品,虚拟化
3730979,首页,协议供货,信息类产品,虚拟化
3730676,首页,协议供货,信息类产品,虚拟化
3730604,首页,协议供货,信息类产品,虚拟化
3730571,首页,协议供货,信息类产品,桌面云
3730570,首页,协议供货,信息类产品,桌面云
3730529,首页,协议供货,信息类产品,安全隔离软件
3730528,首页,协议供货,信息类产品,安全隔离软件
3730347,首页,协议供货,信息类产品,网络管理
3730202,首页,协议供货,信息类产品,云应用
3730199,首页,协议供货,信息类产品,云管理
3730192,首页,协议供货,信息类产品,桌面云
3730181,首页,协议供货,信息类产品,虚拟化
3729916,首页,协议供货,信息类产品,云管理
3729908,首页,协议供货,信息类产品,桌面云
3729904,首页,协议供货,信息类产品,虚拟化
3729876,首页,协议供货,信息类产品,桌面云
3729686
3729583,首页,协议供货,信息类产品,桌面云
3729472,首页,协议供货,信息类产品,云管理
3729469,首页,协议供货,信息类产品,虚拟化
3729370,首页,协议供货,信息类产品,存储备份
3729311,首页,协议供货,信息类产品,综合运维
3729306,首页,协议供货,信息类产品,网络管理
3729265,首页,协议供货,信息类产品,云安全管理软件
3729032,首页,协议供货,信息类产品,公共安全与应急软件
3729022,首页,协议供货,信息类产品,数据恢复软件
3729020,首页,协议供货,信息类产品,数据恢复软件
3729018,首页,协议供货,信息类产品,数据恢复软件
3729016,首页,协议供货,信息类产品,数据恢复软件
3729015,首页,协议供货,信息类产品,数据恢复软件
3728874,首页,协议供货,信息类产品,云管理
3728873,首页,协议供货,信息类产品,云管理
3728872,首页,协议供货,信息类产品,云管理
3728871,首页,协议供货,信息类产品,云管理
3728870,首页,协议供货,信息类产品,云管理
3728586,首页,协议供货,信息类产品,桌面云
3728460,首页,协议供货,信息类产品,云管理
3728459,首页,协议供货,信息类产品,桌面云
3728458,首页,协议供货,信息类产品,桌面云
3728457,首页,协议供货,信息类产品,云管理
3728455,首页,协议供货,信息类产品,桌面云
3728451,首页,协议供货,信息类产品,虚拟化
3728446,首页,协议供货,信息类产品,虚拟化
3728445,首页,协议供货,信息类产品,虚拟化
3728442,首页,协议供货,信息类产品,虚拟化
3728441,首页,协议供货,信息类产品,虚拟化
3728341,首页,协议供货,信息类产品,网络管理
3728216,首页,协议供货,信息类产品,桌面云
3728213,首页,协议供货,信息类产品,云管理
3728212,首页,协议供货,信息类产品,云管理
3728209,首页,协议供货,信息类产品,云管理
3728207,首页,协议供货,信息类产品,虚拟化
3728203,首页,协议供货,信息类产品,虚拟化
3727799,首页,协议供货,信息类产品,云管理
3727537
3727525
3727431,首页,协议供货,信息类产品,虚拟化
3727215,首页,协议供货,信息类产品,桌面云
3727214,首页,协议供货,信息类产品,虚拟化
3727150,首页,协议供货,信息类产品,云管理
3727142,首页,协议供货,信息类产品,虚拟化
3726891,首页,协议供货,信息类产品,虚拟化
3726818,首页,协议供货,信息类产品,云管理
3726817,首页,协议供货,信息类产品,桌面云
3726814,首页,协议供货,信息类产品,虚拟化
3726654,首页,协议供货,信息类产品,云应用
3726641,首页,协议供货,信息类产品,虚拟化
3726638,首页,协议供货,信息类产品,桌面云
3726493,首页,协议供货,信息类产品,综合运维
3726226,首页,协议供货,信息类产品,桌面云
3726224,首页,协议供货,信息类产品,虚拟化
3726223,首页,协议供货,信息类产品,虚拟化
3726221,首页,协议供货,信息类产品,虚拟化
3726025,首页,协议供货,信息类产品,桌面云
3726024,首页,协议供货,信息类产品,虚拟化
3726023,首页,协议供货,信息类产品,操作系统加固
3726022,首页,协议供货,信息类产品,操作系统加固
3726021,首页,协议供货,信息类产品,操作系统加固
3725938,首页,协议供货,信息类产品,桌面云
3725937,首页,协议供货,信息类产品,桌面云
3725936,首页,协议供货,信息类产品,虚拟化
3725935,首页,协议供货,信息类产品,虚拟化
3725811,首页,协议供货,信息类产品,数据分析
3725740
3725726
3725698,首页,协议供货,信息类产品,云管理
3725694,首页,协议供货,信息类产品,云管理
3725693,首页,协议供货,信息类产品,云管理
3725692,首页,协议供货,信息类产品,桌面云
3725691,首页,协议供货,信息类产品,桌面云
3725687,首页,协议供货,信息类产品,桌面云
3725682,首页,协议供货,信息类产品,桌面云
3725681,首页,协议供货,信息类产品,虚拟化
3725680,首页,协议供货,信息类产品,虚拟化
3725679,首页,协议供货,信息类产品,虚拟化
3725678,首页,协议供货,信息类产品,虚拟化
3725676,首页,协议供货,信息类产品,虚拟化
3725253,首页,协议供货,信息类产品,云管理
3725252,首页,协议供货,信息类产品,桌面云
3725250,首页,协议供货,信息类产品,虚拟化
3725248,首页,协议供货,信息类产品,虚拟化
3725170,首页,协议供货,信息类产品,虚拟化
3725139,首页,协议供货,信息类产品,操作系统加固
3724859,首页,协议供货,信息类产品,云管理
3724858,首页,协议供货,信息类产品,云管理
3724854,首页,协议供货,信息类产品,云管理
3724838,首页,协议供货,信息类产品,虚拟化
3724837,首页,协议供货,信息类产品,虚拟化
3724836,首页,协议供货,信息类产品,虚拟化
3724835,首页,协议供货,信息类产品,虚拟化
3724834,首页,协议供货,信息类产品,虚拟化
3724814,首页,协议供货,信息类产品,数据加密
3724717,首页,协议供货,信息类产品,云管理
3724716,首页,协议供货,信息类产品,桌面云
3724665,首页,协议供货,信息类产品,网络管理
3724664,首页,协议供货,信息类产品,网络管理
3724663,首页,协议供货,信息类产品,网络管理
3724564,首页,协议供货,信息类产品,综合运维
3724553,首页,协议供货,信息类产品,大数据一体化管理平台
3724552,首页,协议供货,信息类产品,大数据一体化管理平台
3724551,首页,协议供货,信息类产品,大数据一体化管理平台
3724550,首页,协议供货,信息类产品,大数据一体化管理平台
3724549,首页,协议供货,信息类产品,云应用
3724546,首页,协议供货,信息类产品,云应用
3724545,首页,协议供货,信息类产品,云应用
3724540,首页,协议供货,信息类产品,桌面云
3724539,首页,协议供货,信息类产品,桌面云
3724538,首页,协议供货,信息类产品,桌面云
3724537,首页,协议供货,信息类产品,桌面云
3724536,首页,协议供货,信息类产品,桌面云
3724535,首页,协议供货,信息类产品,虚拟化
3724534,首页,协议供货,信息类产品,虚拟化
3724532,首页,协议供货,信息类产品,虚拟化
3724529,首页,协议供货,信息类产品,虚拟化
3724528,首页,协议供货,信息类产品,虚拟化
3724476,首页,协议供货,信息类产品,桌面云
3724474,首页,协议供货,信息类产品,桌面云
3724467,首页,协议供货,信息类产品,虚拟化
3724466,首页,协议供货,信息类产品,虚拟化
3724402,首页,协议供货,信息类产品,虚拟化
3724293,首页,协议供货,信息类产品,其他网络软件
3724289,首页,协议供货,信息类产品,其他网络软件
3724240,首页,协议供货,信息类产品,公共安全与应急软件
3724223,首页,协议供货,信息类产品,文字语言处理
3724207,首页,协议供货,信息类产品,虚拟化
3724200,首页,协议供货,信息类产品,分布式数据库
3724199,首页,协议供货,信息类产品,分布式数据库
3724198,首页,协议供货,信息类产品,分布式数据库
3724196,首页,协议供货,信息类产品,数据库系统
3723399,首页,协议供货,信息类产品,其他信息安全产品
3723398,首页,协议供货,信息类产品,其他信息安全产品
3723397,首页,协议供货,信息类产品,其他信息安全产品
3722890,首页,协议供货,信息类产品,云管理
3722889,首页,协议供货,信息类产品,云管理
3722887,首页,协议供货,信息类产品,云管理
3722885,首页,协议供货,信息类产品,云管理
3722883,首页,协议供货,信息类产品,桌面云
3722881,首页,协议供货,信息类产品,桌面云
3722879,首页,协议供货,信息类产品,桌面云
3722871,首页,协议供货,信息类产品,桌面云
3722866,首页,协议供货,信息类产品,虚拟化
3722860,首页,协议供货,信息类产品,虚拟化
3722843,首页,协议供货,信息类产品,虚拟化
3722825,首页,协议供货,信息类产品,虚拟化
3722212,首页,协议供货,信息类产品,身份认证与访问控制
3722211,首页,协议供货,信息类产品,身份认证与访问控制
3721874,首页,协议供货,信息类产品,虚拟化
3721488,首页,协议供货,信息类产品,桌面云
3721486,首页,协议供货,信息类产品,桌面云
3721481,首页,协议供货,信息类产品,虚拟化
3721478,首页,协议供货,信息类产品,虚拟化
3918287,首页,协议供货,信息类产品,机架式服务器中、低档
3918286,首页,协议供货,信息类产品,机架式服务器中、低档
3918289,首页,协议供货,信息类产品,机架式服务器高档
3918288,首页,协议供货,信息类产品,机架式服务器高档
3731823,首页,协议供货,信息类产品,云管理
3731822,首页,协议供货,信息类产品,云管理
3731809,首页,协议供货,信息类产品,云管理
3731804,首页,协议供货,信息类产品,云管理
3731068,首页,协议供货,信息类产品,云管理
3731065,首页,协议供货,信息类产品,云管理
3731063,首页,协议供货,信息类产品,云管理
3730677,首页,协议供货,信息类产品,云管理
3730601,首页,协议供货,信息类产品,云管理
3730575,首页,协议供货,信息类产品,云管理
3730574,首页,协议供货,信息类产品,云管理
3730573,首页,协议供货,信息类产品,云管理
3730572,首页,协议供货,信息类产品,云管理
3729867,首页,协议供货,信息类产品,云管理
3729672,首页,协议供货,信息类产品,云管理
3728973,首页,协议供货,信息类产品,云管理
3728969,首页,协议供货,信息类产品,云管理
3728968,首页,协议供货,信息类产品,云管理
3728587,首页,协议供货,信息类产品,云管理
3728215,首页,协议供货,信息类产品,云管理
3728214,首页,协议供货,信息类产品,云管理
3724544,首页,协议供货,信息类产品,云管理
3724543,首页,协议供货,信息类产品,云管理
3724542,首页,协议供货,信息类产品,云管理
3724541,首页,协议供货,信息类产品,云管理
3724477,首页,协议供货,信息类产品,云管理
3724221,首页,协议供货,信息类产品,其他管理软件
3724210,首页,协议供货,信息类产品,云管理
3724209,首页,协议供货,信息类产品,云管理
3722229,首页,协议供货,信息类产品,云管理
3721495,首页,协议供货,信息类产品,云管理
3721492,首页,协议供货,信息类产品,云管理
3916899,首页,协议供货,信息类产品,网络综合审计系统
3916916,首页,协议供货,信息类产品,网络综合审计系统
3916915,首页,协议供货,信息类产品,网络综合审计系统
3726515,首页,协议供货,信息类产品,安全审计
3726494,首页,协议供货,信息类产品,综合运维
3726016,首页,协议供货,信息类产品,其他应用软件
3725851,首页,协议供货,信息类产品,审计软件
3725849,首页,协议供货,信息类产品,审计软件
3724986,首页,协议供货,信息类产品,审计软件
3724985,首页,协议供货,信息类产品,审计软件
3920629,首页,协议供货,信息类产品,网络综合审计系统
3920628,首页,协议供货,信息类产品,网络综合审计系统
3920729,首页,协议供货,信息类产品,网络入侵检测产品（万兆）
3920731,首页,协议供货,信息类产品,网络入侵检测产品（万兆）
3920762,首页,协议供货,信息类产品,上网行为管理系统
3920772,首页,协议供货,信息类产品,上网行为管理系统
3920771,首页,协议供货,信息类产品,上网行为管理系统
3920561,首页,协议供货,信息类产品,网络综合审计系统
3920560,首页,协议供货,信息类产品,网络综合审计系统
3920572,首页,协议供货,信息类产品,网络入侵防御产品
3920571,首页,协议供货,信息类产品,网络入侵防御产品
3919381,首页,协议供货,信息类产品,运维安全审计
3919380,首页,协议供货,信息类产品,运维安全审计
3919382,首页,协议供货,信息类产品,运维安全审计
3919128,首页,协议供货,信息类产品,主机审计系统
3919135,首页,协议供货,信息类产品,主机审计系统
3919052,首页,协议供货,信息类产品,无线网管
3919051,首页,协议供货,信息类产品,无线网管
3919050,首页,协议供货,信息类产品,无线网管
3918984,首页,协议供货,信息类产品,园区接入交换机（千兆）
3918983,首页,协议供货,信息类产品,园区接入交换机（千兆）
3918963,首页,协议供货,信息类产品,漏洞扫描产品
3918982,首页,协议供货,信息类产品,园区接入交换机（千兆）
3918987,首页,协议供货,信息类产品,园区汇聚交换机 低档
3918979,首页,协议供货,信息类产品,园区接入交换机（百兆） 中档及以上
3918986,首页,协议供货,信息类产品,园区汇聚交换机 中档及以上
3918998,首页,协议供货,信息类产品,数据中心接入交换机 中档及以上
3919011,首页,协议供货,信息类产品,高端网络路由器
3919016,首页,协议供货,信息类产品,无线网管
3918985,首页,协议供货,信息类产品,园区汇聚交换机 中档及以上
3919008,首页,协议供货,信息类产品,中端网络路由器
3918799,首页,协议供货,信息类产品,数据中心接入交换机 低档
3918802,首页,协议供货,信息类产品,数据中心核心交换机 高档
3918779,首页,协议供货,信息类产品,园区接入交换机（百兆） 低档
3918806,首页,协议供货,信息类产品,数据中心核心交换机 中档
3918800,首页,协议供货,信息类产品,低端网络路由器
3918796,首页,协议供货,信息类产品,数据中心接入交换机 中档及以上
3918783,首页,协议供货,信息类产品,园区接入交换机（百兆） 中档及以上
3918790,首页,协议供货,信息类产品,园区汇聚交换机 低档
3918810,首页,协议供货,信息类产品,数据中心核心交换机 低档
3918559,首页,协议供货,信息类产品,上网行为管理系统
3918561,首页,协议供货,信息类产品,上网行为管理系统
3918560,首页,协议供货,信息类产品,上网行为管理系统
3918300,首页,协议供货,信息类产品,园区接入交换机（百兆） 中档及以上
3918303,首页,协议供货,信息类产品,园区接入交换机（千兆）
3918244,首页,协议供货,信息类产品,防火墙产品（千兆）
3918243,首页,协议供货,信息类产品,防火墙产品（千兆）
3918242,首页,协议供货,信息类产品,防火墙产品（万兆）
3918241,首页,协议供货,信息类产品,防火墙产品（万兆）
3918253,首页,协议供货,信息类产品,无线网管
3918245,首页,协议供货,信息类产品,防火墙产品（千兆）
3917894,首页,协议供货,信息类产品,机架式服务器中、低档
3917893,首页,协议供货,信息类产品,机架式服务器中、低档
3917632,首页,协议供货,信息类产品,高端网络路由器
3917629,首页,协议供货,信息类产品,中端网络路由器
3917631,首页,协议供货,信息类产品,中端网络路由器
3917628,首页,协议供货,信息类产品,低端网络路由器
3917630,首页,协议供货,信息类产品,中端网络路由器
3917627,首页,协议供货,信息类产品,低端网络路由器
3917634,首页,协议供货,信息类产品,无线网管
3916950,首页,协议供货,信息类产品,漏洞扫描产品
3917072,首页,协议供货,信息类产品,网络综合审计系统
3917071,首页,协议供货,信息类产品,网络综合审计系统
3916709,首页,协议供货,信息类产品,上网行为管理系统
3916708,首页,协议供货,信息类产品,上网行为管理系统
3916603,首页,协议供货,信息类产品,园区接入交换机（百兆） 中档及以上
3916634,首页,协议供货,信息类产品,园区接入交换机（千兆）
3916633,首页,协议供货,信息类产品,园区接入交换机（千兆）
3916629,首页,协议供货,信息类产品,无线网管
3916449,首页,协议供货,信息类产品,上网行为管理系统
3916448,首页,协议供货,信息类产品,上网行为管理系统
3916447,首页,协议供货,信息类产品,上网行为管理系统
3916370,首页,协议供货,信息类产品,防火墙产品（万兆）
3916286,首页,协议供货,信息类产品,无线控制器
3916325,首页,协议供货,信息类产品,防火墙产品（千兆）
3916324,首页,协议供货,信息类产品,防火墙产品（千兆）
3916367,首页,协议供货,信息类产品,防火墙产品（千兆）
3916366,首页,协议供货,信息类产品,防火墙产品（千兆）
3916323,首页,协议供货,信息类产品,防火墙产品（千兆）
3916328,首页,协议供货,信息类产品,防火墙产品（万兆）
3916327,首页,协议供货,信息类产品,防火墙产品（万兆）
3916369,首页,协议供货,信息类产品,防火墙产品（万兆）
3916371,首页,协议供货,信息类产品,防火墙产品（万兆）
3916326,首页,协议供货,信息类产品,防火墙产品（万兆）
3731589,首页,协议供货,信息类产品,网络管理
3731579,首页,协议供货,信息类产品,网络管理
3731564,首页,协议供货,信息类产品,网络管理
3731563,首页,协议供货,信息类产品,网络管理
3731555,首页,协议供货,信息类产品,网络管理
3731219,首页,协议供货,信息类产品,网络管理
3731218,首页,协议供货,信息类产品,网络管理
3731217,首页,协议供货,信息类产品,网络管理
3731216,首页,协议供货,信息类产品,网络管理
3731215,首页,协议供货,信息类产品,网络管理
3730997,首页,协议供货,信息类产品,网络管理
3730996,首页,协议供货,信息类产品,网络管理
3730995,首页,协议供货,信息类产品,网络管理
3730994,首页,协议供货,信息类产品,网络管理
3730536,首页,协议供货,信息类产品,终端安全管理
3730459,首页,协议供货,信息类产品,财政软件
3730423,首页,协议供货,信息类产品,其他管理软件
3730351,首页,协议供货,信息类产品,网络管理
3730350,首页,协议供货,信息类产品,网络管理
3730349,首页,协议供货,信息类产品,网络管理
3730348,首页,协议供货,信息类产品,网络管理
3730293,首页,协议供货,信息类产品,其他信息安全产品
3730180,首页,协议供货,信息类产品,流量控制
3730178,首页,协议供货,信息类产品,流量控制
3730177,首页,协议供货,信息类产品,流量控制
3730175,首页,协议供货,信息类产品,流量控制
3730174,首页,协议供货,信息类产品,流量控制
3729929,首页,协议供货,信息类产品,安全网关
3729927,首页,协议供货,信息类产品,安全网关
3729837,首页,协议供货,信息类产品,网络监测
3729825,首页,协议供货,信息类产品,网络监测
3729653,首页,协议供货,信息类产品,网络监测
3729651,首页,协议供货,信息类产品,网络监测
3729633,首页,协议供货,信息类产品,网络管理
3729631,首页,协议供货,信息类产品,网络管理
3729620,首页,协议供货,信息类产品,网络管理
3729309,首页,协议供货,信息类产品,网络管理
3729308,首页,协议供货,信息类产品,网络管理
3729307,首页,协议供货,信息类产品,网络管理
3729305,首页,协议供货,信息类产品,网络管理
3728981,首页,协议供货,信息类产品,网络管理
3728980,首页,协议供货,信息类产品,网络管理
3728979,首页,协议供货,信息类产品,网络管理
3728978,首页,协议供货,信息类产品,网络管理
3728977,首页,协议供货,信息类产品,网络管理
3728780,首页,协议供货,信息类产品,网络管理
3728777,首页,协议供货,信息类产品,网络管理
3728776,首页,协议供货,信息类产品,网络管理
3728775,首页,协议供货,信息类产品,网络管理
3728773,首页,协议供货,信息类产品,网络管理
3728473,首页,协议供货,信息类产品,网络管理
3728472,首页,协议供货,信息类产品,网络管理
3728471,首页,协议供货,信息类产品,网络管理
3728470,首页,协议供货,信息类产品,网络管理
3727818,首页,协议供货,信息类产品,网络管理
3727817,首页,协议供货,信息类产品,网络管理
3727816,首页,协议供货,信息类产品,网络管理
3727815,首页,协议供货,信息类产品,网络管理
3727814,首页,协议供货,信息类产品,网络管理
3727439,首页,协议供货,信息类产品,网络管理
3726768,首页,协议供货,信息类产品,网络管理
3726766,首页,协议供货,信息类产品,网络管理
3726667,首页,协议供货,信息类产品,网络管理
3726230,首页,协议供货,信息类产品,网络管理
3726029,首页,协议供货,信息类产品,网络管理
3726028,首页,协议供货,信息类产品,网络管理
3726027,首页,协议供货,信息类产品,网络管理
3726026,首页,协议供货,信息类产品,网络管理
3725988,首页,协议供货,信息类产品,网络管理
3725840,首页,协议供货,信息类产品,网络监测
3725839,首页,协议供货,信息类产品,网络管理
3725838,首页,协议供货,信息类产品,网络安全管理
3725051,首页,协议供货,信息类产品,网络安全管理
3725038,首页,协议供货,信息类产品,其他管理软件
3724662,首页,协议供货,信息类产品,网络管理
3724566,首页,协议供货,信息类产品,综合运维
3724565,首页,协议供货,信息类产品,综合运维
3724559,首页,协议供货,信息类产品,网络管理
3724558,首页,协议供货,信息类产品,网络管理
3724556,首页,协议供货,信息类产品,网络管理
3724555,首页,协议供货,信息类产品,网络管理
3724554,首页,协议供货,信息类产品,网络管理
3724508,首页,协议供货,信息类产品,网络身份认证与访问控制
3724507,首页,协议供货,信息类产品,网络身份认证与访问控制
3724506,首页,协议供货,信息类产品,网络身份认证与访问控制
3724505,首页,协议供货,信息类产品,网络身份认证与访问控制
3724482,首页,协议供货,信息类产品,身份认证与访问控制
3724479,首页,协议供货,信息类产品,身份认证与访问控制
3724475,首页,协议供货,信息类产品,身份认证与访问控制
3724473,首页,协议供货,信息类产品,身份认证与访问控制
3724472,首页,协议供货,信息类产品,身份认证与访问控制
3721979,首页,协议供货,信息类产品,身份认证与访问控制
3721541,首页,协议供货,信息类产品,网络管理
3721540,首页,协议供货,信息类产品,网络管理
3721538,首页,协议供货,信息类产品,网络管理
3721533,首页,协议供货,信息类产品,网络管理
3721525,首页,协议供货,信息类产品,网络管理
3920723,首页,协议供货,信息类产品,非法外联及客户端安全监控系统
3920638,首页,协议供货,信息类产品,上网行为管理系统
3920637,首页,协议供货,信息类产品,上网行为管理系统
3919044,首页,协议供货,信息类产品,无线接入点
3919043,首页,协议供货,信息类产品,无线接入点
3919048,首页,协议供货,信息类产品,无线网桥
3730977,首页,协议供货,信息类产品,网络安全管理
3730976,首页,协议供货,信息类产品,网络安全管理
3730975,首页,协议供货,信息类产品,网络安全管理
3730974,首页,协议供货,信息类产品,网络安全管理
3730973,首页,协议供货,信息类产品,网络安全管理
3730527,首页,协议供货,信息类产品,网络安全管理
3730166,首页,协议供货,信息类产品,网络安全管理
3730165,首页,协议供货,信息类产品,网络安全管理
3729298,首页,协议供货,信息类产品,网络安全管理
3729297,首页,协议供货,信息类产品,网络安全管理
3729295,首页,协议供货,信息类产品,网络安全管理
3729294,首页,协议供货,信息类产品,网络安全管理
3728917,首页,协议供货,信息类产品,网络安全管理
3728916,首页,协议供货,信息类产品,网络安全管理
3728915,首页,协议供货,信息类产品,网络安全管理
3728910,首页,协议供货,信息类产品,网络安全管理
3728761,首页,协议供货,信息类产品,网络安全管理
3728760,首页,协议供货,信息类产品,网络安全管理
3728759,首页,协议供货,信息类产品,网络安全管理
3728758,首页,协议供货,信息类产品,网络安全管理
3728756,首页,协议供货,信息类产品,网络安全管理
3728358,首页,协议供货,信息类产品,网络安全管理
3727666,首页,协议供货,信息类产品,网络安全管理
3727663,首页,协议供货,信息类产品,网络安全管理
3727430,首页,协议供货,信息类产品,网络安全管理
3727425,首页,协议供货,信息类产品,网络安全管理
3726631,首页,协议供货,信息类产品,网络安全管理
3726630,首页,协议供货,信息类产品,网络安全管理
3726627,首页,协议供货,信息类产品,网络安全管理
3726216,首页,协议供货,信息类产品,网络安全管理
3726214,首页,协议供货,信息类产品,网络安全管理
3726004,首页,协议供货,信息类产品,网络安全管理
3726003,首页,协议供货,信息类产品,网络安全管理
3725012,首页,协议供货,信息类产品,杀毒软件
3724511,首页,协议供货,信息类产品,网络安全管理
3723386,首页,协议供货,信息类产品,安全管理软件
3920643,首页,协议供货,信息类产品,非法外联及客户端安全监控系统
3920644,首页,协议供货,信息类产品,终端安全管理设备
3918976,首页,协议供货,信息类产品,非法外联及客户端安全监控系统
3731242,首页,协议供货,信息类产品,安全管理软件
3731241,首页,协议供货,信息类产品,安全管理软件
3730929,首页,协议供货,信息类产品,云安全管理软件
3730928,首页,协议供货,信息类产品,云安全管理软件
3730926,首页,协议供货,信息类产品,云安全管理软件
3730923,首页,协议供货,信息类产品,云安全管理软件
3730921,首页,协议供货,信息类产品,安全管理软件
3730535,首页,协议供货,信息类产品,安全管理软件
3730534,首页,协议供货,信息类产品,安全管理软件
3730517,首页,协议供货,信息类产品,云安全管理软件
3730516,首页,协议供货,信息类产品,安全管理软件
3729272,首页,协议供货,信息类产品,云安全管理软件
3729270,首页,协议供货,信息类产品,云安全管理软件
3729267,首页,协议供货,信息类产品,云安全管理软件
3729263,首页,协议供货,信息类产品,云安全管理软件
3729261,首页,协议供货,信息类产品,安全管理软件
3728848,首页,协议供货,信息类产品,终端安全管理
3728847,首页,协议供货,信息类产品,终端安全管理
3728846,首页,协议供货,信息类产品,终端安全管理
3728845,首页,协议供货,信息类产品,终端安全管理
3728769,首页,协议供货,信息类产品,安全管理软件
3728768,首页,协议供货,信息类产品,安全管理软件
3728767,首页,协议供货,信息类产品,安全管理软件
3728763,首页,协议供货,信息类产品,安全管理软件
3728757,首页,协议供货,信息类产品,安全管理软件
3728326,首页,协议供货,信息类产品,云安全管理软件
3727723,首页,协议供货,信息类产品,安全管理软件
3727557,首页,协议供货,信息类产品,安全管理软件
3727556,首页,协议供货,信息类产品,安全管理软件
3727550,首页,协议供货,信息类产品,安全管理软件
3727516,首页,协议供货,信息类产品,安全管理软件
3727409,首页,协议供货,信息类产品,数据加密
3727366,首页,协议供货,信息类产品,安全管理软件
3726843,首页,协议供货,信息类产品,安全管理软件
3726837,首页,协议供货,信息类产品,安全管理软件
3726836,首页,协议供货,信息类产品,安全管理软件
3726829,首页,协议供货,信息类产品,安全管理软件
3726660,首页,协议供货,信息类产品,安全管理软件
3726659,首页,协议供货,信息类产品,安全管理软件
3726568,首页,协议供货,信息类产品,安全管理软件
3726567,首页,协议供货,信息类产品,安全管理软件
3726326,首页,协议供货,信息类产品,数据加密
3726228,首页,协议供货,信息类产品,终端管理软件
3726177,首页,协议供货,信息类产品,操作系统加固
3726160,首页,协议供货,信息类产品,云安全管理软件
3726159,首页,协议供货,信息类产品,云安全管理软件
3726157,首页,协议供货,信息类产品,安全管理软件
3726155,首页,协议供货,信息类产品,安全管理软件
3726154,首页,协议供货,信息类产品,安全管理软件
3726152,首页,协议供货,信息类产品,安全管理软件
3726150,首页,协议供货,信息类产品,安全管理软件
3726115,首页,协议供货,信息类产品,安全管理软件
3726114,首页,协议供货,信息类产品,安全管理软件
3725473,首页,协议供货,信息类产品,安全管理软件
3725472,首页,协议供货,信息类产品,安全管理软件
3725466,首页,协议供货,信息类产品,安全管理软件
3725461,首页,协议供货,信息类产品,安全管理软件
3725457,首页,协议供货,信息类产品,安全管理软件
3725104,首页,协议供货,信息类产品,终端管理软件
3724689,首页,协议供货,信息类产品,安全管理软件
3724471,首页,协议供货,信息类产品,云安全管理软件
3723385,首页,协议供货,信息类产品,安全管理软件
3723384,首页,协议供货,信息类产品,安全管理软件
3723383,首页,协议供货,信息类产品,安全管理软件
3723381,首页,协议供货,信息类产品,安全管理软件
3921219,首页,协议供货,信息类产品,运维安全审计
3921218,首页,协议供货,信息类产品,运维安全审计
3921141,首页,协议供货,信息类产品,运维安全审计
3921172,首页,协议供货,信息类产品,运维安全审计
3921177,首页,协议供货,信息类产品,网络综合审计系统
3921140,首页,协议供货,信息类产品,运维安全审计
3921176,首页,协议供货,信息类产品,网络综合审计系统
3921175,首页,协议供货,信息类产品,网络综合审计系统
3921174,首页,协议供货,信息类产品,运维安全审计
3921128,首页,协议供货,信息类产品,漏洞扫描产品
3921173,首页,协议供货,信息类产品,运维安全审计
3921050,首页,协议供货,信息类产品,终端安全管理设备
3921046,首页,协议供货,信息类产品,非法外联及客户端安全监控系统
3920720,首页,协议供货,信息类产品,运维安全审计
3920640,首页,协议供货,信息类产品,运维安全审计
3920722,首页,协议供货,信息类产品,运维安全审计
3920721,首页,协议供货,信息类产品,运维安全审计
3920559,首页,协议供货,信息类产品,网络综合审计系统
3920468,首页,协议供货,信息类产品,主机审计系统
3920557,首页,协议供货,信息类产品,上网行为管理系统
3920569,首页,协议供货,信息类产品,运维安全审计
3920479,首页,协议供货,信息类产品,运维安全审计
3920556,首页,协议供货,信息类产品,上网行为管理系统
3920568,首页,协议供货,信息类产品,运维安全审计
3918661,首页,协议供货,信息类产品,运维安全审计
3918660,首页,协议供货,信息类产品,运维安全审计
3918362,首页,协议供货,信息类产品,运维安全审计
3918372,首页,协议供货,信息类产品,非法外联及客户端安全监控系统
3918179,首页,协议供货,信息类产品,网络综合审计系统
3918182,首页,协议供货,信息类产品,运维安全审计
3917715,首页,协议供货,信息类产品,网络综合审计系统
3917714,首页,协议供货,信息类产品,网络综合审计系统
3917713,首页,协议供货,信息类产品,网络综合审计系统
3916952,首页,协议供货,信息类产品,网络综合审计系统
3916944,首页,协议供货,信息类产品,网络综合审计系统
3916951,首页,协议供货,信息类产品,网络综合审计系统
3916932,首页,协议供货,信息类产品,防火墙产品（千兆）
3916931,首页,协议供货,信息类产品,防火墙产品（千兆）
3916928,首页,协议供货,信息类产品,运维安全审计
3916930,首页,协议供货,信息类产品,防火墙产品（千兆）
3916935,首页,协议供货,信息类产品,防火墙产品（万兆）
3916908,首页,协议供货,信息类产品,运维安全审计
3916934,首页,协议供货,信息类产品,防火墙产品（万兆）
3916676,首页,协议供货,信息类产品,运维安全审计
3916675,首页,协议供货,信息类产品,运维安全审计
3916674,首页,协议供货,信息类产品,运维安全审计
3916356,首页,协议供货,信息类产品,运维安全审计
3916301,首页,协议供货,信息类产品,运维安全审计
3916318,首页,协议供货,信息类产品,网络综合审计系统
3916300,首页,协议供货,信息类产品,运维安全审计
3916317,首页,协议供货,信息类产品,网络综合审计系统
3916355,首页,协议供货,信息类产品,运维安全审计
3916354,首页,协议供货,信息类产品,运维安全审计
3916289,首页,协议供货,信息类产品,上网行为管理系统
3916288,首页,协议供货,信息类产品,上网行为管理系统
3916365,首页,协议供货,信息类产品,网络综合审计系统
3916364,首页,协议供货,信息类产品,网络综合审计系统
3916287,首页,协议供货,信息类产品,上网行为管理系统
3916299,首页,协议供货,信息类产品,运维安全审计
3916319,首页,协议供货,信息类产品,网络综合审计系统
3916204,首页,协议供货,信息类产品,运维安全审计
3916203,首页,协议供货,信息类产品,运维安全审计
3732059,首页,协议供货,信息类产品,身份认证与访问控制
3732057,首页,协议供货,信息类产品,身份认证与访问控制
3730942,首页,协议供货,信息类产品,安全审计
3730941,首页,协议供货,信息类产品,安全审计
3730940,首页,协议供货,信息类产品,安全审计
3730933,首页,协议供货,信息类产品,安全审计
3730931,首页,协议供货,信息类产品,安全审计
3730520,首页,协议供货,信息类产品,安全审计
3730420,首页,协议供货,信息类产品,安全审计
3730417,首页,协议供货,信息类产品,安全审计
3730299,首页,协议供货,信息类产品,大数据一体化管理平台
3730164,首页,协议供货,信息类产品,安全审计
3730156,首页,协议供货,信息类产品,安全审计
3730154,首页,协议供货,信息类产品,安全审计
3730152,首页,协议供货,信息类产品,安全审计
3730151,首页,协议供货,信息类产品,安全审计
3729919,首页,协议供货,信息类产品,终端安全管理
3729898,首页,协议供货,信息类产品,安全审计
3729772,首页,协议供货,信息类产品,终端管理软件
3729755,首页,协议供货,信息类产品,终端管理软件
3729432,首页,协议供货,信息类产品,安全网关
3729284,首页,协议供货,信息类产品,安全审计
3729281,首页,协议供货,信息类产品,安全审计
3729279,首页,协议供货,信息类产品,安全审计
3729277,首页,协议供货,信息类产品,安全审计
3729274,首页,协议供货,信息类产品,安全审计
3729123,首页,协议供货,信息类产品,数据库系统
3728913,首页,协议供货,信息类产品,综合运维
3728912,首页,协议供货,信息类产品,综合运维
3728883,首页,协议供货,信息类产品,安全审计
3728881,首页,协议供货,信息类产品,安全审计
3728805,首页,协议供货,信息类产品,安全审计
3728801,首页,协议供货,信息类产品,安全审计
3728800,首页,协议供货,信息类产品,安全审计
3728797,首页,协议供货,信息类产品,安全审计
3728789,首页,协议供货,信息类产品,安全审计
3728762,首页,协议供货,信息类产品,其他信息安全产品
3728507,首页,协议供货,信息类产品,安全审计
3728483,首页,协议供货,信息类产品,安全审计
3728482,首页,协议供货,信息类产品,安全审计
3728481,首页,协议供货,信息类产品,安全审计
3728480,首页,协议供货,信息类产品,安全审计
3727655,首页,协议供货,信息类产品,安全审计
3727628,首页,协议供货,信息类产品,安全审计
3727626,首页,协议供货,信息类产品,安全审计
3727542,首页,协议供货,信息类产品,安全审计
3727541,首页,协议供货,信息类产品,安全审计
3727540,首页,协议供货,信息类产品,安全审计
3727539,首页,协议供货,信息类产品,安全审计
3727392,首页,协议供货,信息类产品,安全审计
3727095,首页,协议供货,信息类产品,安全隔离软件
3726863,首页,协议供货,信息类产品,操作系统加固
3726862,首页,协议供货,信息类产品,操作系统加固
3726861,首页,协议供货,信息类产品,操作系统加固
3726859,首页,协议供货,信息类产品,安全审计
3726857,首页,协议供货,信息类产品,安全审计
3726851,首页,协议供货,信息类产品,安全审计
3726812
3726674,首页,协议供货,信息类产品,安全审计
3726673,首页,协议供货,信息类产品,安全审计
3726672,首页,协议供货,信息类产品,安全审计
3726671,首页,协议供货,信息类产品,安全审计
3726670,首页,协议供货,信息类产品,安全审计
3726640,首页,协议供货,信息类产品,终端管理软件
3726605,首页,协议供货,信息类产品,终端安全管理
3726596,首页,协议供货,信息类产品,安全审计
3726595,首页,协议供货,信息类产品,安全审计
3726594,首页,协议供货,信息类产品,安全审计
3726587,首页,协议供货,信息类产品,安全审计
3726582,首页,协议供货,信息类产品,安全审计
3726581,首页,协议供货,信息类产品,安全审计
3726526,首页,协议供货,信息类产品,安全审计
3726525,首页,协议供货,信息类产品,安全审计
3726514,首页,协议供货,信息类产品,安全审计
3726509,首页,协议供货,信息类产品,安全审计
3726225,首页,协议供货,信息类产品,桌面云
3726105,首页,协议供货,信息类产品,安全审计
3725832,首页,协议供货,信息类产品,卫生医疗软件
3724533,首页,协议供货,信息类产品,安全审计
3724504,首页,协议供货,信息类产品,安全审计
3724501,首页,协议供货,信息类产品,安全审计
3724496,首页,协议供货,信息类产品,安全审计
3724487,首页,协议供货,信息类产品,安全审计
3724483,首页,协议供货,信息类产品,安全审计
3722725,首页,协议供货,信息类产品,网络身份认证与访问控制
3722724,首页,协议供货,信息类产品,网络身份认证与访问控制
3722723,首页,协议供货,信息类产品,终端安全管理
3722719,首页,协议供货,信息类产品,终端安全管理
3722718,首页,协议供货,信息类产品,终端安全管理
3722714,首页,协议供货,信息类产品,终端安全管理
3722675,首页,协议供货,信息类产品,终端安全管理
3722178,首页,协议供货,信息类产品,安全审计
3722177,首页,协议供货,信息类产品,安全审计
3722175,首页,协议供货,信息类产品,安全审计
3722169,首页,协议供货,信息类产品,身份认证与访问控制
3722166,首页,协议供货,信息类产品,身份认证与访问控制
3721987,首页,协议供货,信息类产品,安全审计
3721962,首页,协议供货,信息类产品,数据库系统
3921158,首页,协议供货,信息类产品,防火墙产品（千兆）
3921157,首页,协议供货,信息类产品,防火墙产品（千兆）
3921159,首页,协议供货,信息类产品,防火墙产品（千兆）
3921061,首页,协议供货,信息类产品,防火墙产品（千兆）
3921060,首页,协议供货,信息类产品,防火墙产品（千兆）
3920631,首页,协议供货,信息类产品,防火墙产品（千兆）
3920633,首页,协议供货,信息类产品,防火墙产品（千兆）
3920632,首页,协议供货,信息类产品,防火墙产品（千兆）
3920592,首页,协议供货,信息类产品,防火墙产品（千兆）
3920594,首页,协议供货,信息类产品,防火墙产品（千兆）
3920593,首页,协议供货,信息类产品,防火墙产品（千兆）
3918887,首页,协议供货,信息类产品,防火墙产品（千兆）
3918886,首页,协议供货,信息类产品,防火墙产品（千兆）
3918885,首页,协议供货,信息类产品,防火墙产品（千兆）
3918709,首页,协议供货,信息类产品,防火墙产品（千兆）
3918711,首页,协议供货,信息类产品,防火墙产品（千兆）
3918710,首页,协议供货,信息类产品,防火墙产品（千兆）
3918604,首页,协议供货,信息类产品,防火墙产品（千兆）
3918603,首页,协议供货,信息类产品,防火墙产品（千兆）
3918602,首页,协议供货,信息类产品,防火墙产品（千兆）
3918176,首页,协议供货,信息类产品,防火墙产品（千兆）
3918175,首页,协议供货,信息类产品,防火墙产品（千兆）
3917947,首页,协议供货,信息类产品,防火墙产品（千兆）
3917946,首页,协议供货,信息类产品,防火墙产品（千兆）
3917945,首页,协议供货,信息类产品,防火墙产品（千兆）
3917811,首页,协议供货,信息类产品,防火墙产品（千兆）
3917801,首页,协议供货,信息类产品,防火墙产品（千兆）
3917812,首页,协议供货,信息类产品,防火墙产品（千兆）
3917643,首页,协议供货,信息类产品,防火墙产品（千兆）
3917642,首页,协议供货,信息类产品,防火墙产品（千兆）
3917641,首页,协议供货,信息类产品,防火墙产品（千兆）
3917215,首页,协议供货,信息类产品,防火墙产品（千兆）
3917214,首页,协议供货,信息类产品,防火墙产品（千兆）
3917216,首页,协议供货,信息类产品,防火墙产品（千兆）
3917059,首页,协议供货,信息类产品,防火墙产品（千兆）
3917061,首页,协议供货,信息类产品,防火墙产品（千兆）
3917060,首页,协议供货,信息类产品,防火墙产品（千兆）
3916010,首页,协议供货,信息类产品,防火墙产品（千兆）
3921160,首页,协议供货,信息类产品,防火墙产品（万兆）
3921162,首页,协议供货,信息类产品,防火墙产品（万兆）
3921161,首页,协议供货,信息类产品,防火墙产品（万兆）
3920636,首页,协议供货,信息类产品,防火墙产品（万兆）
3920635,首页,协议供货,信息类产品,防火墙产品（万兆）
3920634,首页,协议供货,信息类产品,防火墙产品（万兆）
3920597,首页,协议供货,信息类产品,防火墙产品（万兆）
3920596,首页,协议供货,信息类产品,防火墙产品（万兆）
3920595,首页,协议供货,信息类产品,防火墙产品（万兆）
3918888,首页,协议供货,信息类产品,防火墙产品（万兆）
3918889,首页,协议供货,信息类产品,防火墙产品（万兆）
3918178,首页,协议供货,信息类产品,防火墙产品（万兆）
3918177,首页,协议供货,信息类产品,防火墙产品（万兆）
3917948,首页,协议供货,信息类产品,防火墙产品（万兆）
3917815,首页,协议供货,信息类产品,防火墙产品（万兆）
3917814,首页,协议供货,信息类产品,防火墙产品（万兆）
3917813,首页,协议供货,信息类产品,防火墙产品（万兆）
3917645,首页,协议供货,信息类产品,防火墙产品（万兆）
3917644,首页,协议供货,信息类产品,防火墙产品（万兆）
3917219,首页,协议供货,信息类产品,防火墙产品（万兆）
3917218,首页,协议供货,信息类产品,防火墙产品（万兆）
3917217,首页,协议供货,信息类产品,防火墙产品（万兆）
3917063,首页,协议供货,信息类产品,防火墙产品（万兆）
3917062,首页,协议供货,信息类产品,防火墙产品（万兆）
3917064,首页,协议供货,信息类产品,防火墙产品（万兆）
3921134,首页,协议供货,信息类产品,网络综合审计系统
3921135,首页,协议供货,信息类产品,网络综合审计系统
3920716,首页,协议供货,信息类产品,网络综合审计系统
3920715,首页,协议供货,信息类产品,网络综合审计系统
3920714,首页,协议供货,信息类产品,网络综合审计系统
3919391,首页,协议供货,信息类产品,网络综合审计系统
3919390,首页,协议供货,信息类产品,网络综合审计系统
3919171,首页,协议供货,信息类产品,网络综合审计系统
3919170,首页,协议供货,信息类产品,网络综合审计系统
3918656,首页,协议供货,信息类产品,网络综合审计系统
3918375,首页,协议供货,信息类产品,终端安全管理设备
3918374,首页,协议供货,信息类产品,终端安全管理设备
3918338,首页,协议供货,信息类产品,网络综合审计系统
3918181,首页,协议供货,信息类产品,网络综合审计系统
3918043,首页,协议供货,信息类产品,网络综合审计系统
3917102,首页,协议供货,信息类产品,网络综合审计系统
3917101,首页,协议供货,信息类产品,网络综合审计系统
3917103,首页,协议供货,信息类产品,网络综合审计系统
3916363,首页,协议供货,信息类产品,网络综合审计系统
3921208,首页,协议供货,信息类产品,网络入侵防御产品
3921268,首页,协议供货,信息类产品,网络入侵防御产品
3921183,首页,协议供货,信息类产品,网络入侵防御产品
3921182,首页,协议供货,信息类产品,网络入侵防御产品
3921181,首页,协议供货,信息类产品,网络入侵防御产品
3920826,首页,协议供货,信息类产品,网络入侵防御产品
3920645,首页,协议供货,信息类产品,网络入侵防御产品
3920482,首页,协议供货,信息类产品,网络入侵防御产品
3919384,首页,协议供货,信息类产品,网络入侵防御产品
3919383,首页,协议供货,信息类产品,网络入侵防御产品
3919139,首页,协议供货,信息类产品,网络入侵防御产品
3919138,首页,协议供货,信息类产品,网络入侵防御产品
3918903,首页,协议供货,信息类产品,网络入侵防御产品
3918904,首页,协议供货,信息类产品,网络入侵防御产品
3918565,首页,协议供货,信息类产品,网络入侵防御产品
3918419,首页,协议供货,信息类产品,网络入侵防御产品
3918420,首页,协议供货,信息类产品,网络入侵防御产品
3918235,首页,协议供货,信息类产品,网络入侵防御产品
3917806,首页,协议供货,信息类产品,网络入侵防御产品
3917805,首页,协议供货,信息类产品,网络入侵防御产品
3917708,首页,协议供货,信息类产品,网络入侵防御产品
3917707,首页,协议供货,信息类产品,网络入侵防御产品
3917709,首页,协议供货,信息类产品,网络入侵防御产品
3917486,首页,协议供货,信息类产品,网络入侵防御产品
3917485,首页,协议供货,信息类产品,网络入侵防御产品
3917484,首页,协议供货,信息类产品,网络入侵防御产品
3917397,首页,协议供货,信息类产品,网络入侵防御产品
3917396,首页,协议供货,信息类产品,网络入侵防御产品
3917124,首页,协议供货,信息类产品,网络入侵防御产品
3917123,首页,协议供货,信息类产品,网络入侵防御产品
3917068,首页,协议供货,信息类产品,网络入侵防御产品
3917069,首页,协议供货,信息类产品,网络入侵防御产品
3916901,首页,协议供货,信息类产品,网络入侵防御产品
3916918,首页,协议供货,信息类产品,网络入侵防御产品
3916917,首页,协议供货,信息类产品,网络入侵防御产品
3916588,首页,协议供货,信息类产品,网络入侵防御产品
3916586,首页,协议供货,信息类产品,网络入侵防御产品
3916495,首页,协议供货,信息类产品,网络入侵防御产品
3916510,首页,协议供货,信息类产品,网络入侵防御产品
3916497,首页,协议供货,信息类产品,网络入侵防御产品
3916512,首页,协议供货,信息类产品,网络入侵防御产品
3916496,首页,协议供货,信息类产品,网络入侵防御产品
3916511,首页,协议供货,信息类产品,网络入侵防御产品
3916475,首页,协议供货,信息类产品,网络入侵防御产品
3916313,首页,协议供货,信息类产品,网络入侵防御产品
3916312,首页,协议供货,信息类产品,网络入侵防御产品
3916362,首页,协议供货,信息类产品,网络入侵防御产品
3916361,首页,协议供货,信息类产品,网络入侵防御产品
3916311,首页,协议供货,信息类产品,网络入侵防御产品
3916360,首页,协议供货,信息类产品,网络入侵防御产品
3921169,首页,协议供货,信息类产品,漏洞扫描产品
3921170,首页,协议供货,信息类产品,漏洞扫描产品
3921131,首页,协议供货,信息类产品,漏洞扫描产品
3921130,首页,协议供货,信息类产品,漏洞扫描产品
3920709,首页,协议供货,信息类产品,漏洞扫描产品
3920710,首页,协议供货,信息类产品,漏洞扫描产品
3920580,首页,协议供货,信息类产品,漏洞扫描产品
3920462,首页,协议供货,信息类产品,漏洞扫描产品
3920581,首页,协议供货,信息类产品,漏洞扫描产品
3919397,首页,协议供货,信息类产品,漏洞扫描产品
3919396,首页,协议供货,信息类产品,漏洞扫描产品
3919395,首页,协议供货,信息类产品,漏洞扫描产品
3918713,首页,协议供货,信息类产品,漏洞扫描产品
3918714,首页,协议供货,信息类产品,漏洞扫描产品
3918335,首页,协议供货,信息类产品,漏洞扫描产品
3918334,首页,协议供货,信息类产品,漏洞扫描产品
3917066,首页,协议供货,信息类产品,漏洞扫描产品
3917065,首页,协议供货,信息类产品,漏洞扫描产品
3916920,首页,协议供货,信息类产品,漏洞扫描产品
3916903,首页,协议供货,信息类产品,漏洞扫描产品
3916572,首页,协议供货,信息类产品,漏洞扫描产品
3916574,首页,协议供货,信息类产品,漏洞扫描产品
3916573,首页,协议供货,信息类产品,漏洞扫描产品
3916494,首页,协议供货,信息类产品,漏洞扫描产品
3916498,首页,协议供货,信息类产品,漏洞扫描产品
3916505,首页,协议供货,信息类产品,漏洞扫描产品
3916504,首页,协议供货,信息类产品,漏洞扫描产品
3916344,首页,协议供货,信息类产品,漏洞扫描产品
3916343,首页,协议供货,信息类产品,漏洞扫描产品
3916316,首页,协议供货,信息类产品,漏洞扫描产品
3916342,首页,协议供货,信息类产品,漏洞扫描产品
3916315,首页,协议供货,信息类产品,漏洞扫描产品
3916314,首页,协议供货,信息类产品,漏洞扫描产品
3918254,首页,协议供货,信息类产品,无线控制器
3918259,首页,协议供货,信息类产品,无线接入点
3917638,首页,协议供货,信息类产品,无线控制器
3917640,首页,协议供货,信息类产品,无线控制器
3917639,首页,协议供货,信息类产品,无线控制器
3917577,首页,协议供货,信息类产品,无线控制器
3917576,首页,协议供货,信息类产品,无线控制器
3917264,首页,协议供货,信息类产品,无线控制器
3917263,首页,协议供货,信息类产品,无线控制器
3917262,首页,协议供货,信息类产品,无线控制器
3917239,首页,协议供货,信息类产品,低端网络路由器
3917240,首页,协议供货,信息类产品,低端网络路由器
3917056,首页,协议供货,信息类产品,无线控制器
3917058,首页,协议供货,信息类产品,无线控制器
3917057,首页,协议供货,信息类产品,无线控制器
3916942,首页,协议供货,信息类产品,无线控制器
3916734,首页,协议供货,信息类产品,无线控制器
3916628,首页,协议供货,信息类产品,无线控制器
3916627,首页,协议供货,信息类产品,无线控制器
3916626,首页,协议供货,信息类产品,无线控制器
3916279,首页,协议供货,信息类产品,无线接入点
3916280,首页,协议供货,信息类产品,无线接入点
3916285,首页,协议供货,信息类产品,无线控制器
3916305,首页,协议供货,信息类产品,无线控制器
3916304,首页,协议供货,信息类产品,无线控制器
3916303,首页,协议供货,信息类产品,无线控制器
3921543,首页,协议供货,信息类产品,无线接入点
3921542,首页,协议供货,信息类产品,无线接入点
3921541,首页,协议供货,信息类产品,无线接入点
3919049,首页,协议供货,信息类产品,无线网桥
3919042,首页,协议供货,信息类产品,无线接入点
3919012,首页,协议供货,信息类产品,无线接入点
3918775,首页,协议供货,信息类产品,无线接入点
3918782,首页,协议供货,信息类产品,无线控制器
3918774,首页,协议供货,信息类产品,无线接入点
3918773,首页,协议供货,信息类产品,无线接入点
3918777,首页,协议供货,信息类产品,无线网桥
3918784,首页,协议供货,信息类产品,无线控制器
3918400,首页,协议供货,信息类产品,无线接入点
3918332,首页,协议供货,信息类产品,无线控制器
3918329,首页,协议供货,信息类产品,无线接入点
3918331,首页,协议供货,信息类产品,无线控制器
3918328,首页,协议供货,信息类产品,无线接入点
3918330,首页,协议供货,信息类产品,无线控制器
3918327,首页,协议供货,信息类产品,无线接入点
3918249,首页,协议供货,信息类产品,无线网桥
3918256,首页,协议供货,信息类产品,无线控制器
3918248,首页,协议供货,信息类产品,无线网桥
3918250,首页,协议供货,信息类产品,无线网桥
3918255,首页,协议供货,信息类产品,无线控制器
3918258,首页,协议供货,信息类产品,无线接入点
3918257,首页,协议供货,信息类产品,无线接入点
3917685,首页,协议供货,信息类产品,无线接入点
3917637,首页,协议供货,信息类产品,无线接入点
3917649,首页,协议供货,信息类产品,无线接入点
3917636,首页,协议供货,信息类产品,无线接入点
3917574,首页,协议供货,信息类产品,无线接入点
3917573,首页,协议供货,信息类产品,无线接入点
3917258,首页,协议供货,信息类产品,无线接入点
3917257,首页,协议供货,信息类产品,无线接入点
3917259,首页,协议供货,信息类产品,无线接入点
3917055,首页,协议供货,信息类产品,无线接入点
3917054,首页,协议供货,信息类产品,无线接入点
3917053,首页,协议供货,信息类产品,无线接入点
3916891,首页,协议供货,信息类产品,无线接入点
3916941,首页,协议供货,信息类产品,无线接入点
3916733,首页,协议供货,信息类产品,无线接入点
3916625,首页,协议供货,信息类产品,无线接入点
3916600,首页,协议供货,信息类产品,无线接入点
3916624,首页,协议供货,信息类产品,无线接入点
3916302,首页,协议供货,信息类产品,无线接入点
3916027,首页,协议供货,信息类产品,无线手持话筒
3916041,首页,协议供货,信息类产品,中控Pad
3916028,首页,协议供货,信息类产品,无线手持话筒
3921047,首页,协议供货,信息类产品,上网行为管理系统
3920775,首页,协议供货,信息类产品,上网行为管理系统
3920813,首页,协议供货,信息类产品,上网行为管理系统
3920812,首页,协议供货,信息类产品,上网行为管理系统
3920777,首页,协议供货,信息类产品,上网行为管理系统
3920811,首页,协议供货,信息类产品,上网行为管理系统
3920776,首页,协议供货,信息类产品,上网行为管理系统
3920718,首页,协议供货,信息类产品,上网行为管理系统
3920717,首页,协议供货,信息类产品,上网行为管理系统
3920719,首页,协议供货,信息类产品,上网行为管理系统
3920491,首页,协议供货,信息类产品,上网行为管理系统
3919071,首页,协议供货,信息类产品,上网行为管理系统
3918972,首页,协议供货,信息类产品,上网行为管理系统
3918422,首页,协议供货,信息类产品,上网行为管理系统
3918424,首页,协议供货,信息类产品,上网行为管理系统
3918423,首页,协议供货,信息类产品,上网行为管理系统
3918345,首页,协议供货,信息类产品,上网行为管理系统
3918346,首页,协议供货,信息类产品,上网行为管理系统
3918237,首页,协议供货,信息类产品,上网行为管理系统
3918236,首页,协议供货,信息类产品,上网行为管理系统
3918238,首页,协议供货,信息类产品,上网行为管理系统
3917826,首页,协议供货,信息类产品,上网行为管理系统
3917825,首页,协议供货,信息类产品,上网行为管理系统
3917646,首页,协议供货,信息类产品,上网行为管理系统
3917481,首页,协议供货,信息类产品,上网行为管理系统
3917482,首页,协议供货,信息类产品,上网行为管理系统
3917075,首页,协议供货,信息类产品,上网行为管理系统
3917074,首页,协议供货,信息类产品,上网行为管理系统
3916907,首页,协议供货,信息类产品,上网行为管理系统
3916926,首页,协议供货,信息类产品,上网行为管理系统
3916927,首页,协议供货,信息类产品,上网行为管理系统
3916799,首页,协议供货,信息类产品,上网行为管理系统
3916647,首页,协议供货,信息类产品,上网行为管理系统
3916649,首页,协议供货,信息类产品,上网行为管理系统
3916648,首页,协议供货,信息类产品,上网行为管理系统
3916569,首页,协议供货,信息类产品,上网行为管理系统
3916571,首页,协议供货,信息类产品,上网行为管理系统
3916570,首页,协议供货,信息类产品,上网行为管理系统
3916347,首页,协议供货,信息类产品,上网行为管理系统
3916346,首页,协议供货,信息类产品,上网行为管理系统
3916345,首页,协议供货,信息类产品,上网行为管理系统
3916007,首页,协议供货,信息类产品,上网行为管理系统
3730285,首页,协议供货,信息类产品,安全网关
3727343,首页,协议供货,信息类产品,上网行为管理与过滤软件
3727331,首页,协议供货,信息类产品,上网行为管理与过滤软件
3727330,首页,协议供货,信息类产品,上网行为管理与过滤软件
3727315,首页,协议供货,信息类产品,上网行为管理与过滤软件
3727314,首页,协议供货,信息类产品,上网行为管理与过滤软件
3726206,首页,协议供货,信息类产品,上网行为管理与过滤软件
3726204,首页,协议供货,信息类产品,上网行为管理与过滤软件
3728309,首页,协议供货,信息类产品,数据交换工具软件
3726677,首页,协议供货,信息类产品,数据交换工具软件
3726304,首页,协议供货,信息类产品,数据交换工具软件
3725831,首页,协议供货,信息类产品,数据交换工具软件
3725771,首页,协议供货,信息类产品,数据交换工具软件
3918195,首页,协议供货,信息类产品,终端安全管理设备
3918194,首页,协议供货,信息类产品,终端安全管理设备
3917917,首页,协议供货,信息类产品,塔式服务器低档
3917916,首页,协议供货,信息类产品,塔式服务器低档
3731622,首页,协议供货,信息类产品,数据库系统
3730489,首页,协议供货,信息类产品,应用服务器
3730468,首页,协议供货,信息类产品,防垃圾邮件系统
3730467,首页,协议供货,信息类产品,防垃圾邮件系统
3730464,首页,协议供货,信息类产品,防垃圾邮件系统
3730356,首页,协议供货,信息类产品,应用服务器
3730355,首页,协议供货,信息类产品,应用服务器
3729141,首页,协议供货,信息类产品,商业智能
3729134,首页,协议供货,信息类产品,商业智能
3728352,首页,协议供货,信息类产品,入侵检测/漏洞扫描
3728351,首页,协议供货,信息类产品,入侵检测/漏洞扫描
3728305,首页,协议供货,信息类产品,应用服务器
3728304,首页,协议供货,信息类产品,应用服务器
3728303,首页,协议供货,信息类产品,应用服务器
3727451,首页,协议供货,信息类产品,存储备份
3727222,首页,协议供货,信息类产品,应用服务器
3727221,首页,协议供货,信息类产品,应用服务器
3727220,首页,协议供货,信息类产品,应用服务器
3726676,首页,协议供货,信息类产品,应用服务器
3726465,首页,协议供货,信息类产品,协同办公／OA
3726300,首页,协议供货,信息类产品,应用服务器
3726015,首页,协议供货,信息类产品,云管理
3726013,首页,协议供货,信息类产品,云管理
3726012,首页,协议供货,信息类产品,应用服务器
3726011,首页,协议供货,信息类产品,应用服务器
3725262,首页,协议供货,信息类产品,地理信息服务
3725260,首页,协议供货,信息类产品,地理信息服务
3725257,首页,协议供货,信息类产品,地理信息服务
3725136,首页,协议供货,信息类产品,智能信息管理平台
3725134,首页,协议供货,信息类产品,其他行业应用软件
3724228,首页,协议供货,信息类产品,内容管理
3724183,首页,协议供货,信息类产品,应用服务器
3724182,首页,协议供货,信息类产品,应用服务器
3723403,首页,协议供货,信息类产品,杀毒软件
3723402,首页,协议供货,信息类产品,杀毒软件
3723401,首页,协议供货,信息类产品,杀毒软件
3723400,首页,协议供货,信息类产品,杀毒软件
3723305,首页,协议供货,信息类产品,应用服务器
3723300,首页,协议供货,信息类产品,应用服务器
3722205,首页,协议供货,信息类产品,应用服务器
3722204,首页,协议供货,信息类产品,应用服务器
3729031,首页,协议供货,信息类产品,公共安全与应急软件
3729030,首页,协议供货,信息类产品,公共安全与应急软件
3727110,首页,协议供货,信息类产品,公共安全与应急软件
3727104,首页,协议供货,信息类产品,公共安全与应急软件
3726679,首页,协议供货,信息类产品,公共安全与应急软件
3725119,首页,协议供货,信息类产品,公共安全与应急软件
3921662,首页,协议供货,信息类产品,虚拟磁带库低档
3921377,首页,协议供货,信息类产品,虚拟磁带库低档
3920925,首页,协议供货,信息类产品,虚拟磁带库低档
3920915,首页,协议供货,信息类产品,虚拟磁带库低档
3920607,首页,协议供货,信息类产品,虚拟磁带库低档
3919367,首页,协议供货,信息类产品,虚拟磁带库低档
3918962,首页,协议供货,信息类产品,虚拟磁带库低档
3918735,首页,协议供货,信息类产品,虚拟磁带库低档
3917884,首页,协议供货,信息类产品,虚拟磁带库低档
3917587,首页,协议供货,信息类产品,虚拟磁带库低档
3917526,首页,协议供货,信息类产品,虚拟磁带库低档
3917199,首页,协议供货,信息类产品,虚拟磁带库低档
3916940,首页,协议供货,信息类产品,虚拟磁带库低档
3916826,首页,协议供货,信息类产品,虚拟磁带库低档
3916446,首页,协议供货,信息类产品,虚拟磁带库低档
3921430,首页,协议供货,信息类产品,虚拟磁带库中档及以上
3921376,首页,协议供货,信息类产品,虚拟磁带库中档及以上
3921299,首页,协议供货,信息类产品,虚拟磁带库中档及以上
3921115,首页,协议供货,信息类产品,虚拟磁带库中档及以上
3921116,首页,协议供货,信息类产品,虚拟磁带库中档及以上
3920926,首页,协议供货,信息类产品,虚拟磁带库中档及以上
3920914,首页,协议供货,信息类产品,虚拟磁带库中档及以上
3920612,首页,协议供货,信息类产品,虚拟磁带库中档及以上
3920608,首页,协议供货,信息类产品,虚拟磁带库中档及以上
3919366,首页,协议供货,信息类产品,虚拟磁带库中档及以上
3918961,首页,协议供货,信息类产品,虚拟磁带库中档及以上
3918750,首页,协议供货,信息类产品,虚拟磁带库中档及以上
3917525,首页,协议供货,信息类产品,虚拟磁带库中档及以上
3917523,首页,协议供货,信息类产品,虚拟磁带库中档及以上
3917198,首页,协议供货,信息类产品,虚拟磁带库中档及以上
3917197,首页,协议供货,信息类产品,虚拟磁带库中档及以上
3916939,首页,协议供货,信息类产品,虚拟磁带库中档及以上
3916828,首页,协议供货,信息类产品,虚拟磁带库中档及以上
3916827,首页,协议供货,信息类产品,虚拟磁带库中档及以上
3916445,首页,协议供货,信息类产品,虚拟磁带库中档及以上
3921658,首页,协议供货,信息类产品,网络附加存储（NAS）低档
3921429,首页,协议供货,信息类产品,网络附加存储（NAS）低档
3921149,首页,协议供货,信息类产品,网络附加存储（NAS）低档
3921201,首页,协议供货,信息类产品,网络附加存储（NAS）低档
3921097,首页,协议供货,信息类产品,网络附加存储（NAS）低档
3920922,首页,协议供货,信息类产品,网络附加存储（NAS）低档
3920966,首页,协议供货,信息类产品,网络附加存储（NAS）低档
3920798,首页,协议供货,信息类产品,网络附加存储（NAS）低档
3920825,首页,协议供货,信息类产品,网络附加存储（NAS）低档
3920829,首页,协议供货,信息类产品,网络附加存储（NAS）低档
3920690,首页,协议供货,信息类产品,网络附加存储（NAS）低档
3920613,首页,协议供货,信息类产品,网络附加存储（NAS）低档
3919407,首页,协议供货,信息类产品,网络附加存储（NAS）低档
3919378,首页,协议供货,信息类产品,网络附加存储（NAS）低档
3919330,首页,协议供货,信息类产品,网络附加存储（NAS）低档
3919334,首页,协议供货,信息类产品,网络附加存储（NAS）低档
3919297,首页,协议供货,信息类产品,网络附加存储（NAS）低档
3919168,首页,协议供货,信息类产品,网络附加存储（NAS）低档
3919095,首页,协议供货,信息类产品,网络附加存储（NAS）低档
3918960,首页,协议供货,信息类产品,网络附加存储（NAS）低档
3918749,首页,协议供货,信息类产品,网络附加存储（NAS）低档
3918741,首页,协议供货,信息类产品,网络附加存储（NAS）低档
3918734,首页,协议供货,信息类产品,网络附加存储（NAS）低档
3918598,首页,协议供货,信息类产品,网络附加存储（NAS）低档
3918185,首页,协议供货,信息类产品,网络附加存储（NAS）低档
3917949,首页,协议供货,信息类产品,网络附加存储（NAS）低档
3917938,首页,协议供货,信息类产品,网络附加存储（NAS）低档
3917880,首页,协议供货,信息类产品,网络附加存储（NAS）低档
3917903,首页,协议供货,信息类产品,网络附加存储（NAS）低档
3917738,首页,协议供货,信息类产品,网络附加存储（NAS）低档
3917584,首页,协议供货,信息类产品,网络附加存储（NAS）低档
3917521,首页,协议供货,信息类产品,网络附加存储（NAS）低档
3917193,首页,协议供货,信息类产品,网络附加存储（NAS）低档
3916938,首页,协议供货,信息类产品,网络附加存储（NAS）低档
3916871,首页,协议供货,信息类产品,网络附加存储（NAS）低档
3916825,首页,协议供货,信息类产品,网络附加存储（NAS）低档
3916529,首页,协议供货,信息类产品,网络附加存储（NAS）低档
3916397,首页,协议供货,信息类产品,网络附加存储（NAS）低档
3921657,首页,协议供货,信息类产品,网络附加存储（NAS）中高档
3921656,首页,协议供货,信息类产品,网络附加存储（NAS）中高档
3921428,首页,协议供货,信息类产品,网络附加存储（NAS）中高档
3921427,首页,协议供货,信息类产品,网络附加存储（NAS）中高档
3921300,首页,协议供货,信息类产品,网络附加存储（NAS）中高档
3921301,首页,协议供货,信息类产品,网络附加存储（NAS）中高档
3921199,首页,协议供货,信息类产品,网络附加存储（NAS）中高档
3921200,首页,协议供货,信息类产品,网络附加存储（NAS）中高档
3921095,首页,协议供货,信息类产品,网络附加存储（NAS）中高档
3921096,首页,协议供货,信息类产品,网络附加存储（NAS）中高档
3920924,首页,协议供货,信息类产品,网络附加存储（NAS）中高档
3920923,首页,协议供货,信息类产品,网络附加存储（NAS）中高档
3920823,首页,协议供货,信息类产品,网络附加存储（NAS）中高档
3920822,首页,协议供货,信息类产品,网络附加存储（NAS）中高档
3920691,首页,协议供货,信息类产品,网络附加存储（NAS）中高档
3920610,首页,协议供货,信息类产品,网络附加存储（NAS）中高档
3920615,首页,协议供货,信息类产品,网络附加存储（NAS）中高档
3919409,首页,协议供货,信息类产品,网络附加存储（NAS）中高档
3919408,首页,协议供货,信息类产品,网络附加存储（NAS）中高档
3919365,首页,协议供货,信息类产品,网络附加存储（NAS）中高档
3919364,首页,协议供货,信息类产品,网络附加存储（NAS）中高档
3919329,首页,协议供货,信息类产品,网络附加存储（NAS）中高档
3919331,首页,协议供货,信息类产品,网络附加存储（NAS）中高档
3919333,首页,协议供货,信息类产品,网络附加存储（NAS）中高档
3919332,首页,协议供货,信息类产品,网络附加存储（NAS）中高档
3919299,首页,协议供货,信息类产品,网络附加存储（NAS）中高档
3919298,首页,协议供货,信息类产品,网络附加存储（NAS）中高档
3919167,首页,协议供货,信息类产品,网络附加存储（NAS）中高档
3919166,首页,协议供货,信息类产品,网络附加存储（NAS）中高档
3919097,首页,协议供货,信息类产品,网络附加存储（NAS）中高档
3919109,首页,协议供货,信息类产品,网络附加存储（NAS）中高档
3919065,首页,协议供货,信息类产品,网络附加存储（NAS）中高档
3918748,首页,协议供货,信息类产品,网络附加存储（NAS）中高档
3918747,首页,协议供货,信息类产品,网络附加存储（NAS）中高档
3918739,首页,协议供货,信息类产品,网络附加存储（NAS）中高档
3918740,首页,协议供货,信息类产品,网络附加存储（NAS）中高档
3918732,首页,协议供货,信息类产品,网络附加存储（NAS）中高档
3918733,首页,协议供货,信息类产品,网络附加存储（NAS）中高档
3918597,首页,协议供货,信息类产品,网络附加存储（NAS）中高档
3918596,首页,协议供货,信息类产品,网络附加存储（NAS）中高档
3918187,首页,协议供货,信息类产品,网络附加存储（NAS）中高档
3918145,首页,协议供货,信息类产品,网络附加存储（NAS）中高档
3917937,首页,协议供货,信息类产品,网络附加存储（NAS）中高档
3917902,首页,协议供货,信息类产品,网络附加存储（NAS）中高档
3917879,首页,协议供货,信息类产品,网络附加存储（NAS）中高档
3917901,首页,协议供货,信息类产品,网络附加存储（NAS）中高档
3917849,首页,协议供货,信息类产品,网络附加存储（NAS）中高档
3917848,首页,协议供货,信息类产品,网络附加存储（NAS）中高档
3917737,首页,协议供货,信息类产品,网络附加存储（NAS）中高档
3917736,首页,协议供货,信息类产品,网络附加存储（NAS）中高档
3917582,首页,协议供货,信息类产品,网络附加存储（NAS）中高档
3917583,首页,协议供货,信息类产品,网络附加存储（NAS）中高档
3917520,首页,协议供货,信息类产品,网络附加存储（NAS）中高档
3917192,首页,协议供货,信息类产品,网络附加存储（NAS）中高档
3917191,首页,协议供货,信息类产品,网络附加存储（NAS）中高档
3916869,首页,协议供货,信息类产品,网络附加存储（NAS）中高档
3916824,首页,协议供货,信息类产品,网络附加存储（NAS）中高档
3916823,首页,协议供货,信息类产品,网络附加存储（NAS）中高档
3916531,首页,协议供货,信息类产品,网络附加存储（NAS）中高档
3916443,首页,协议供货,信息类产品,网络附加存储（NAS）中高档
3916396,首页,协议供货,信息类产品,网络附加存储（NAS）中高档
3916395,首页,协议供货,信息类产品,网络附加存储（NAS）中高档
3921650,首页,协议供货,信息类产品,磁盘阵列高档
3921520,首页,协议供货,信息类产品,磁盘阵列高档
3921449,首页,协议供货,信息类产品,磁盘阵列高档
3921424,首页,协议供货,信息类产品,磁盘阵列高档
3921352,首页,协议供货,信息类产品,磁盘阵列高档
3921303,首页,协议供货,信息类产品,磁盘阵列高档
3921196,首页,协议供货,信息类产品,磁盘阵列高档
3920793,首页,协议供货,信息类产品,磁盘阵列高档
3920820,首页,协议供货,信息类产品,磁盘阵列高档
3920609,首页,协议供货,信息类产品,磁盘阵列高档
3919406,首页,协议供货,信息类产品,磁盘阵列高档
3919362,首页,协议供货,信息类产品,磁盘阵列高档
3919163,首页,协议供货,信息类产品,磁盘阵列高档
3919117,首页,协议供货,信息类产品,磁盘阵列高档
3918744,首页,协议供货,信息类产品,磁盘阵列高档
3918736,首页,协议供货,信息类产品,磁盘阵列高档
3918729,首页,协议供货,信息类产品,磁盘阵列高档
3918640,首页,协议供货,信息类产品,磁盘阵列高档
3917733,首页,协议供货,信息类产品,磁盘阵列高档
3917579,首页,协议供货,信息类产品,磁盘阵列高档
3917188,首页,协议供货,信息类产品,磁盘阵列高档
3916820,首页,协议供货,信息类产品,磁盘阵列高档
3921522,首页,协议供货,信息类产品,磁盘阵列低档
3921447,首页,协议供货,信息类产品,磁盘阵列低档
3921426,首页,协议供货,信息类产品,磁盘阵列低档
3921354,首页,协议供货,信息类产品,磁盘阵列低档
3921305,首页,协议供货,信息类产品,磁盘阵列低档
3921198,首页,协议供货,信息类产品,磁盘阵列低档
3920921,首页,协议供货,信息类产品,磁盘阵列低档
3920947,首页,协议供货,信息类产品,磁盘阵列低档
3920824,首页,协议供货,信息类产品,磁盘阵列低档
3920795,首页,协议供货,信息类产品,磁盘阵列低档
3919404,首页,协议供货,信息类产品,磁盘阵列低档
3919379,首页,协议供货,信息类产品,磁盘阵列低档
3919165,首页,协议供货,信息类产品,磁盘阵列低档
3919111,首页,协议供货,信息类产品,磁盘阵列低档
3918958,首页,协议供货,信息类产品,磁盘阵列低档
3918930,首页,协议供货,信息类产品,磁盘阵列低档
3918743,首页,协议供货,信息类产品,磁盘阵列低档
3918746,首页,协议供货,信息类产品,磁盘阵列低档
3918738,首页,协议供货,信息类产品,磁盘阵列低档
3918706,首页,协议供货,信息类产品,磁盘阵列低档
3918731,首页,协议供货,信息类产品,磁盘阵列低档
3918638,首页,协议供货,信息类产品,磁盘阵列低档
3918618,首页,协议供货,信息类产品,磁盘阵列低档
3917936,首页,协议供货,信息类产品,磁盘阵列低档
3917900,首页,协议供货,信息类产品,磁盘阵列低档
3917877,首页,协议供货,信息类产品,磁盘阵列低档
3917735,首页,协议供货,信息类产品,磁盘阵列低档
3917581,首页,协议供货,信息类产品,磁盘阵列低档
3917190,首页,协议供货,信息类产品,磁盘阵列低档
3916937,首页,协议供货,信息类产品,磁盘阵列低档
3916868,首页,协议供货,信息类产品,磁盘阵列低档
3916822,首页,协议供货,信息类产品,磁盘阵列低档
3916623,首页,协议供货,信息类产品,磁盘阵列低档
3916442,首页,协议供货,信息类产品,磁盘阵列低档
3921521,首页,协议供货,信息类产品,磁盘阵列中档
3921425,首页,协议供货,信息类产品,磁盘阵列中档
3921448,首页,协议供货,信息类产品,磁盘阵列中档
3921353,首页,协议供货,信息类产品,磁盘阵列中档
3921304,首页,协议供货,信息类产品,磁盘阵列中档
3921197,首页,协议供货,信息类产品,磁盘阵列中档
3920946,首页,协议供货,信息类产品,磁盘阵列中档
3920920,首页,协议供货,信息类产品,磁盘阵列中档
3920794,首页,协议供货,信息类产品,磁盘阵列中档
3920821,首页,协议供货,信息类产品,磁盘阵列中档
3920611,首页,协议供货,信息类产品,磁盘阵列中档
3919405,首页,协议供货,信息类产品,磁盘阵列中档
3919363,首页,协议供货,信息类产品,磁盘阵列中档
3919164,首页,协议供货,信息类产品,磁盘阵列中档
3919096,首页,协议供货,信息类产品,磁盘阵列中档
3918957,首页,协议供货,信息类产品,磁盘阵列中档
3918929,首页,协议供货,信息类产品,磁盘阵列中档
3918737,首页,协议供货,信息类产品,磁盘阵列中档
3918742,首页,协议供货,信息类产品,磁盘阵列中档
3918745,首页,协议供货,信息类产品,磁盘阵列中档
3918730,首页,协议供货,信息类产品,磁盘阵列中档
3918639,首页,协议供货,信息类产品,磁盘阵列中档
3918619,首页,协议供货,信息类产品,磁盘阵列中档
3917935,首页,协议供货,信息类产品,磁盘阵列中档
3917876,首页,协议供货,信息类产品,磁盘阵列中档
3917899,首页,协议供货,信息类产品,磁盘阵列中档
3917734,首页,协议供货,信息类产品,磁盘阵列中档
3917580,首页,协议供货,信息类产品,磁盘阵列中档
3917189,首页,协议供货,信息类产品,磁盘阵列中档
3916936,首页,协议供货,信息类产品,磁盘阵列中档
3916867,首页,协议供货,信息类产品,磁盘阵列中档
3916821,首页,协议供货,信息类产品,磁盘阵列中档
3916622,首页,协议供货,信息类产品,磁盘阵列中档
3916441,首页,协议供货,信息类产品,磁盘阵列中档
3921647,首页,协议供货,信息类产品,机架式服务器高档
3921514,首页,协议供货,信息类产品,机架式服务器高档
3921523,首页,协议供货,信息类产品,机架式服务器高档
3921444,首页,协议供货,信息类产品,机架式服务器高档
3921336,首页,协议供货,信息类产品,机架式服务器高档
3921335,首页,协议供货,信息类产品,机架式服务器高档
3920861,首页,协议供货,信息类产品,机架式服务器高档
3920680,首页,协议供货,信息类产品,机架式服务器高档
3919359,首页,协议供货,信息类产品,机架式服务器高档
3919358,首页,协议供货,信息类产品,机架式服务器高档
3919320,首页,协议供货,信息类产品,机架式服务器高档
3919102,首页,协议供货,信息类产品,机架式服务器高档
3919104,首页,协议供货,信息类产品,机架式服务器高档
3918927,首页,协议供货,信息类产品,机架式服务器高档
3918928,首页,协议供货,信息类产品,机架式服务器高档
3918859,首页,协议供货,信息类产品,机架式服务器高档
3918858,首页,协议供货,信息类产品,机架式服务器高档
3918697,首页,协议供货,信息类产品,机架式服务器高档
3918610,首页,协议供货,信息类产品,机架式服务器高档
3918481,首页,协议供货,信息类产品,机架式服务器高档
3917919,首页,协议供货,信息类产品,机架式服务器高档
3917918,首页,协议供货,信息类产品,机架式服务器高档
3917588,首页,协议供货,信息类产品,机架式服务器高档
3917503,首页,协议供货,信息类产品,机架式服务器高档
3917173,首页,协议供货,信息类产品,机架式服务器高档
3916859,首页,协议供货,信息类产品,机架式服务器高档
3916860,首页,协议供货,信息类产品,机架式服务器高档
3921674,首页,协议供货,信息类产品,机架式服务器中、低档
3921561,首页,协议供货,信息类产品,机架式服务器中、低档
3921516,首页,协议供货,信息类产品,机架式服务器中、低档
3921515,首页,协议供货,信息类产品,机架式服务器中、低档
3921489,首页,协议供货,信息类产品,机架式服务器中、低档
3921443,首页,协议供货,信息类产品,机架式服务器中、低档
3921442,首页,协议供货,信息类产品,机架式服务器中、低档
3921338,首页,协议供货,信息类产品,机架式服务器中、低档
3921337,首页,协议供货,信息类产品,机架式服务器中、低档
3921187,首页,协议供货,信息类产品,机架式服务器中、低档
3921186,首页,协议供货,信息类产品,机架式服务器中、低档
3920857,首页,协议供货,信息类产品,机架式服务器中、低档
3920856,首页,协议供货,信息类产品,机架式服务器中、低档
3920683,首页,协议供货,信息类产品,机架式服务器中、低档
3920682,首页,协议供货,信息类产品,机架式服务器中、低档
3919361,首页,协议供货,信息类产品,机架式服务器中、低档
3919360,首页,协议供货,信息类产品,机架式服务器中、低档
3919322,首页,协议供货,信息类产品,机架式服务器中、低档
3919103,首页,协议供货,信息类产品,机架式服务器中、低档
3919100,首页,协议供货,信息类产品,机架式服务器中、低档
3918926,首页,协议供货,信息类产品,机架式服务器中、低档
3918952,首页,协议供货,信息类产品,机架式服务器中、低档
3918925,首页,协议供货,信息类产品,机架式服务器中、低档
3918861,首页,协议供货,信息类产品,机架式服务器中、低档
3918860,首页,协议供货,信息类产品,机架式服务器中、低档
3918727,首页,协议供货,信息类产品,机架式服务器中、低档
3918726,首页,协议供货,信息类产品,机架式服务器中、低档
3918611,首页,协议供货,信息类产品,机架式服务器中、低档
3918580,首页,协议供货,信息类产品,机架式服务器中、低档
3918579,首页,协议供货,信息类产品,机架式服务器中、低档
3918483,首页,协议供货,信息类产品,机架式服务器中、低档
3918482,首页,协议供货,信息类产品,机架式服务器中、低档
3918378,首页,协议供货,信息类产品,机架式服务器中、低档
3918377,首页,协议供货,信息类产品,机架式服务器中、低档
3917589,首页,协议供货,信息类产品,机架式服务器中、低档
3917506,首页,协议供货,信息类产品,机架式服务器中、低档
3917505,首页,协议供货,信息类产品,机架式服务器中、低档
3917175,首页,协议供货,信息类产品,机架式服务器中、低档
3917174,首页,协议供货,信息类产品,机架式服务器中、低档
3916858,首页,协议供货,信息类产品,机架式服务器中、低档
3916857,首页,协议供货,信息类产品,机架式服务器中、低档
3916651,首页,协议供货,信息类产品,机架式服务器中、低档
3916610,首页,协议供货,信息类产品,机架式服务器中、低档
3916278,首页,协议供货,信息类产品,机架式服务器中、低档
3916277,首页,协议供货,信息类产品,机架式服务器中、低档
3916727,首页,协议供货,信息类产品,数据中心核心交换机 低档
3921371,首页,协议供货,信息类产品,数据中心接入交换机 低档
3916643,首页,协议供货,信息类产品,数据中心接入交换机 低档
3918882,首页,协议供货,信息类产品,数据中心接入交换机 中档及以上
3917255,首页,协议供货,信息类产品,数据中心接入交换机 中档及以上
3916642,首页,协议供货,信息类产品,数据中心接入交换机 中档及以上
3916641,首页,协议供货,信息类产品,数据中心接入交换机 中档及以上
3916545,首页,协议供货,信息类产品,数据中心接入交换机 中档及以上
3916544,首页,协议供货,信息类产品,数据中心接入交换机 中档及以上
3921438,首页,协议供货,信息类产品,塔式服务器高档
3921329,首页,协议供货,信息类产品,塔式服务器高档
3921330,首页,协议供货,信息类产品,塔式服务器高档
3919336,首页,协议供货,信息类产品,塔式服务器高档
3919335,首页,协议供货,信息类产品,塔式服务器高档
3919319,首页,协议供货,信息类产品,塔式服务器高档
3919099,首页,协议供货,信息类产品,塔式服务器高档
3919093,首页,协议供货,信息类产品,塔式服务器高档
3918607,首页,协议供货,信息类产品,塔式服务器高档
3918572,首页,协议供货,信息类产品,塔式服务器高档
3918571,首页,协议供货,信息类产品,塔式服务器高档
3917912,首页,协议供货,信息类产品,塔式服务器高档
3917913,首页,协议供货,信息类产品,塔式服务器高档
3917888,首页,协议供货,信息类产品,塔式服务器高档
3917887,首页,协议供货,信息类产品,塔式服务器高档
3917168,首页,协议供货,信息类产品,塔式服务器高档
3917167,首页,协议供货,信息类产品,塔式服务器高档
3916852,首页,协议供货,信息类产品,塔式服务器高档
3921671,首页,协议供货,信息类产品,塔式服务器低档
3921670,首页,协议供货,信息类产品,塔式服务器低档
3921441,首页,协议供货,信息类产品,塔式服务器低档
3921440,首页,协议供货,信息类产品,塔式服务器低档
3921334,首页,协议供货,信息类产品,塔式服务器低档
3921333,首页,协议供货,信息类产品,塔式服务器低档
3921184,首页,协议供货,信息类产品,塔式服务器低档
3921185,首页,协议供货,信息类产品,塔式服务器低档
3920831,首页,协议供货,信息类产品,塔式服务器低档
3919339,首页,协议供货,信息类产品,塔式服务器低档
3919340,首页,协议供货,信息类产品,塔式服务器低档
3919317,首页,协议供货,信息类产品,塔式服务器低档
3919107,首页,协议供货,信息类产品,塔式服务器低档
3918609,首页,协议供货,信息类产品,塔式服务器低档
3918576,首页,协议供货,信息类产品,塔式服务器低档
3918575,首页,协议供货,信息类产品,塔式服务器低档
3917892,首页,协议供货,信息类产品,塔式服务器低档
3917891,首页,协议供货,信息类产品,塔式服务器低档
3916854,首页,协议供货,信息类产品,塔式服务器低档
3921439,首页,协议供货,信息类产品,塔式服务器中档
3921331,首页,协议供货,信息类产品,塔式服务器中档
3921332,首页,协议供货,信息类产品,塔式服务器中档
3920830,首页,协议供货,信息类产品,塔式服务器中档
3919338,首页,协议供货,信息类产品,塔式服务器中档
3919337,首页,协议供货,信息类产品,塔式服务器中档
3919318,首页,协议供货,信息类产品,塔式服务器中档
3919119,首页,协议供货,信息类产品,塔式服务器中档
3919106,首页,协议供货,信息类产品,塔式服务器中档
3918608,首页,协议供货,信息类产品,塔式服务器中档
3918573,首页,协议供货,信息类产品,塔式服务器中档
3918574,首页,协议供货,信息类产品,塔式服务器中档
3917915,首页,协议供货,信息类产品,塔式服务器中档
3917914,首页,协议供货,信息类产品,塔式服务器中档
3917889,首页,协议供货,信息类产品,塔式服务器中档
3917890,首页,协议供货,信息类产品,塔式服务器中档
3917169,首页,协议供货,信息类产品,塔式服务器中档
3916853,首页,协议供货,信息类产品,塔式服务器中档
3921367,首页,协议供货,信息类产品,园区汇聚交换机 低档
3921021,首页,协议供货,信息类产品,园区汇聚交换机 低档
3919061,首页,协议供货,信息类产品,园区汇聚交换机 低档
3918876,首页,协议供货,信息类产品,园区汇聚交换机 低档
3918278,首页,协议供货,信息类产品,园区汇聚交换机 低档
3917249,首页,协议供货,信息类产品,园区汇聚交换机 低档
3916271,首页,协议供货,信息类产品,园区汇聚交换机 低档
3921366,首页,协议供货,信息类产品,园区汇聚交换机 中档及以上
3921365,首页,协议供货,信息类产品,园区汇聚交换机 中档及以上
3921019,首页,协议供货,信息类产品,园区汇聚交换机 中档及以上
3919059,首页,协议供货,信息类产品,园区汇聚交换机 中档及以上
3919060,首页,协议供货,信息类产品,园区汇聚交换机 中档及以上
3918878,首页,协议供货,信息类产品,园区汇聚交换机 中档及以上
3918877,首页,协议供货,信息类产品,园区汇聚交换机 中档及以上
3918279,首页,协议供货,信息类产品,园区汇聚交换机 中档及以上
3918280,首页,协议供货,信息类产品,园区汇聚交换机 中档及以上
3917250,首页,协议供货,信息类产品,园区汇聚交换机 中档及以上
3917261,首页,协议供货,信息类产品,园区汇聚交换机 中档及以上
3916723,首页,协议供货,信息类产品,园区汇聚交换机 中档及以上
3916722,首页,协议供货,信息类产品,园区汇聚交换机 中档及以上
3916635,首页,协议供货,信息类产品,园区汇聚交换机 中档及以上
3916636,首页,协议供货,信息类产品,园区汇聚交换机 中档及以上
3916270,首页,协议供货,信息类产品,园区汇聚交换机 中档及以上
3921361,首页,协议供货,信息类产品,园区接入交换机（百兆） 低档
3919055,首页,协议供货,信息类产品,园区接入交换机（百兆） 低档
3918980,首页,协议供货,信息类产品,园区接入交换机（百兆） 低档
3918872,首页,协议供货,信息类产品,园区接入交换机（百兆） 低档
3921362,首页,协议供货,信息类产品,园区接入交换机（千兆）
3921364,首页,协议供货,信息类产品,园区接入交换机（千兆）
3921363,首页,协议供货,信息类产品,园区接入交换机（千兆）
3921018,首页,协议供货,信息类产品,园区接入交换机（千兆）
3921017,首页,协议供货,信息类产品,园区接入交换机（千兆）
3919057,首页,协议供货,信息类产品,园区接入交换机（千兆）
3919056,首页,协议供货,信息类产品,园区接入交换机（千兆）
3919058,首页,协议供货,信息类产品,园区接入交换机（千兆）
3918875,首页,协议供货,信息类产品,园区接入交换机（千兆）
3918874,首页,协议供货,信息类产品,园区接入交换机（千兆）
3918282,首页,协议供货,信息类产品,园区接入交换机（千兆）
3918283,首页,协议供货,信息类产品,园区接入交换机（千兆）
3917248,首页,协议供货,信息类产品,园区接入交换机（千兆）
3916719,首页,协议供货,信息类产品,园区接入交换机（千兆）
3916720,首页,协议供货,信息类产品,园区接入交换机（千兆）
3916537,首页,协议供货,信息类产品,园区接入交换机（千兆）
3916536,首页,协议供货,信息类产品,园区接入交换机（千兆）
3916535,首页,协议供货,信息类产品,园区接入交换机（千兆）
3921517,首页,协议供货,信息类产品,刀片服务器高档
3921339,首页,协议供货,信息类产品,刀片服务器高档
3921340,首页,协议供货,信息类产品,刀片服务器高档
3919352,首页,协议供货,信息类产品,刀片服务器高档
3919114,首页,协议供货,信息类产品,刀片服务器高档
3918953,首页,协议供货,信息类产品,刀片服务器高档
3918615,首页,协议供货,信息类产品,刀片服务器高档
3917923,首页,协议供货,信息类产品,刀片服务器高档
3917922,首页,协议供货,信息类产品,刀片服务器高档
3916616,首页,协议供货,信息类产品,刀片服务器高档
3916617,首页,协议供货,信息类产品,刀片服务器高档
3921679,首页,协议供货,信息类产品,刀片服务器低档
3921519,首页,协议供货,信息类产品,刀片服务器低档
3921445,首页,协议供货,信息类产品,刀片服务器低档
3921343,首页,协议供货,信息类产品,刀片服务器低档
3921344,首页,协议供货,信息类产品,刀片服务器低档
3919357,首页,协议供货,信息类产品,刀片服务器低档
3919324,首页,协议供货,信息类产品,刀片服务器低档
3918955,首页,协议供货,信息类产品,刀片服务器低档
3918617,首页,协议供货,信息类产品,刀片服务器低档
3917929,首页,协议供货,信息类产品,刀片服务器低档
3917930,首页,协议供货,信息类产品,刀片服务器低档
3917180,首页,协议供货,信息类产品,刀片服务器低档
3921677,首页,协议供货,信息类产品,刀片服务器中档
3921678,首页,协议供货,信息类产品,刀片服务器中档
3921518,首页,协议供货,信息类产品,刀片服务器中档
3921446,首页,协议供货,信息类产品,刀片服务器中档
3921342,首页,协议供货,信息类产品,刀片服务器中档
3921341,首页,协议供货,信息类产品,刀片服务器中档
3919354,首页,协议供货,信息类产品,刀片服务器中档
3919323,首页,协议供货,信息类产品,刀片服务器中档
3918954,首页,协议供货,信息类产品,刀片服务器中档
3918728,首页,协议供货,信息类产品,刀片服务器中档
3918616,首页,协议供货,信息类产品,刀片服务器中档
3917924,首页,协议供货,信息类产品,刀片服务器中档
3917925,首页,协议供货,信息类产品,刀片服务器中档
3917509,首页,协议供货,信息类产品,刀片服务器中档
3916619,首页,协议供货,信息类产品,刀片服务器中档
3916618,首页,协议供货,信息类产品,刀片服务器中档
3921663,首页,协议供货,信息类产品,光纤交换机高档
3921358,首页,协议供货,信息类产品,光纤交换机高档
3920601,首页,协议供货,信息类产品,光纤交换机高档
3919341,首页,协议供货,信息类产品,光纤交换机高档
3917885,首页,协议供货,信息类产品,光纤交换机高档
3917586,首页,协议供货,信息类产品,光纤交换机高档
3917528,首页,协议供货,信息类产品,光纤交换机高档
3916601,首页,协议供货,信息类产品,光纤交换机高档
3916532,首页,协议供货,信息类产品,光纤交换机高档
3921665,首页,协议供货,信息类产品,光纤交换机中低档
3921664,首页,协议供货,信息类产品,光纤交换机中低档
3921359,首页,协议供货,信息类产品,光纤交换机中低档
3921360,首页,协议供货,信息类产品,光纤交换机中低档
3920603,首页,协议供货,信息类产品,光纤交换机中低档
3920602,首页,协议供货,信息类产品,光纤交换机中低档
3919343,首页,协议供货,信息类产品,光纤交换机中低档
3919342,首页,协议供货,信息类产品,光纤交换机中低档
3917909,首页,协议供货,信息类产品,光纤交换机中低档
3917886,首页,协议供货,信息类产品,光纤交换机中低档
3917585,首页,协议供货,信息类产品,光纤交换机中低档
3917529,首页,协议供货,信息类产品,光纤交换机中低档
3917531,首页,协议供货,信息类产品,光纤交换机中低档
3917201,首页,协议供货,信息类产品,光纤交换机中低档
3917200,首页,协议供货,信息类产品,光纤交换机中低档
3916870,首页,协议供货,信息类产品,光纤交换机中低档
3916534,首页,协议供货,信息类产品,光纤交换机中低档
3916533,首页,协议供货,信息类产品,光纤交换机中低档
3921652,首页,协议供货,信息类产品,MIC并行服务器
3921649,首页,协议供货,信息类产品,MIC并行服务器
3921654,首页,协议供货,信息类产品,MIC并行服务器
3921350,首页,协议供货,信息类产品,MIC并行服务器
3921349,首页,协议供货,信息类产品,MIC并行服务器
3921351,首页,协议供货,信息类产品,MIC并行服务器
3919373,首页,协议供货,信息类产品,MIC并行服务器
3919372,首页,协议供货,信息类产品,MIC并行服务器
3919327,首页,协议供货,信息类产品,MIC并行服务器
3919326,首页,协议供货,信息类产品,MIC并行服务器
3919098,首页,协议供货,信息类产品,MIC并行服务器
3919118,首页,协议供货,信息类产品,MIC并行服务器
3919116,首页,协议供货,信息类产品,MIC并行服务器
3918867,首页,协议供货,信息类产品,MIC并行服务器
3918866,首页,协议供货,信息类产品,MIC并行服务器
3918884,首页,协议供货,信息类产品,MIC并行服务器
3918614,首页,协议供货,信息类产品,MIC并行服务器
3917927,首页,协议供货,信息类产品,MIC并行服务器
3917939,首页,协议供货,信息类产品,MIC并行服务器
3917926,首页,协议供货,信息类产品,MIC并行服务器
3917524,首页,协议供货,信息类产品,MIC并行服务器
3917530,首页,协议供货,信息类产品,MIC并行服务器
3917527,首页,协议供货,信息类产品,MIC并行服务器
3916863,首页,协议供货,信息类产品,MIC并行服务器
3916865,首页,协议供货,信息类产品,MIC并行服务器
3916864,首页,协议供货,信息类产品,MIC并行服务器
3916615,首页,协议供货,信息类产品,MIC并行服务器
3921748,首页,协议供货,信息类产品,GPU并行运算服务器高档
3921651,首页,协议供货,信息类产品,GPU并行运算服务器高档
3921648,首页,协议供货,信息类产品,GPU并行运算服务器高档
3921346,首页,协议供货,信息类产品,GPU并行运算服务器高档
3921345,首页,协议供货,信息类产品,GPU并行运算服务器高档
3919369,首页,协议供货,信息类产品,GPU并行运算服务器高档
3919368,首页,协议供货,信息类产品,GPU并行运算服务器高档
3919328,首页,协议供货,信息类产品,GPU并行运算服务器高档
3919325,首页,协议供货,信息类产品,GPU并行运算服务器高档
3919094,首页,协议供货,信息类产品,GPU并行运算服务器高档
3919112,首页,协议供货,信息类产品,GPU并行运算服务器高档
3918863,首页,协议供货,信息类产品,GPU并行运算服务器高档
3918862,首页,协议供货,信息类产品,GPU并行运算服务器高档
3918612,首页,协议供货,信息类产品,GPU并行运算服务器高档
3918588,首页,协议供货,信息类产品,GPU并行运算服务器高档
3918587,首页,协议供货,信息类产品,GPU并行运算服务器高档
3917931,首页,协议供货,信息类产品,GPU并行运算服务器高档
3917928,首页,协议供货,信息类产品,GPU并行运算服务器高档
3917518,首页,协议供货,信息类产品,GPU并行运算服务器高档
3917183,首页,协议供货,信息类产品,GPU并行运算服务器高档
3916861,首页,协议供货,信息类产品,GPU并行运算服务器高档
3916611,首页,协议供货,信息类产品,GPU并行运算服务器高档
3916612,首页,协议供货,信息类产品,GPU并行运算服务器高档
3921348,首页,协议供货,信息类产品,GPU并行运算服务器中、低档
3921347,首页,协议供货,信息类产品,GPU并行运算服务器中、低档
3919371,首页,协议供货,信息类产品,GPU并行运算服务器中、低档
3919370,首页,协议供货,信息类产品,GPU并行运算服务器中、低档
3919316,首页,协议供货,信息类产品,GPU并行运算服务器中、低档
3919315,首页,协议供货,信息类产品,GPU并行运算服务器中、低档
3919115,首页,协议供货,信息类产品,GPU并行运算服务器中、低档
3919105,首页,协议供货,信息类产品,GPU并行运算服务器中、低档
3918864,首页,协议供货,信息类产品,GPU并行运算服务器中、低档
3918865,首页,协议供货,信息类产品,GPU并行运算服务器中、低档
3918613,首页,协议供货,信息类产品,GPU并行运算服务器中、低档
3918589,首页,协议供货,信息类产品,GPU并行运算服务器中、低档
3918590,首页,协议供货,信息类产品,GPU并行运算服务器中、低档
3917933,首页,协议供货,信息类产品,GPU并行运算服务器中、低档
3917932,首页,协议供货,信息类产品,GPU并行运算服务器中、低档
3917522,首页,协议供货,信息类产品,GPU并行运算服务器中、低档
3917519,首页,协议供货,信息类产品,GPU并行运算服务器中、低档
3917184,首页,协议供货,信息类产品,GPU并行运算服务器中、低档
3916862,首页,协议供货,信息类产品,GPU并行运算服务器中、低档
3916614,首页,协议供货,信息类产品,GPU并行运算服务器中、低档
3916613,首页,协议供货,信息类产品,GPU并行运算服务器中、低档
3917816,首页,协议供货,信息类产品,网络入侵检测产品（千兆）
3917823,首页,协议供货,信息类产品,防病毒网关
3917822,首页,协议供货,信息类产品,防病毒网关
3917819,首页,协议供货,信息类产品,网络入侵检测产品（万兆）
3917821,首页,协议供货,信息类产品,网络入侵检测产品（万兆）
3917818,首页,协议供货,信息类产品,网络入侵检测产品（千兆）
3917820,首页,协议供货,信息类产品,网络入侵检测产品（万兆）
3917817,首页,协议供货,信息类产品,网络入侵检测产品（千兆）
3732076,首页,协议供货,信息类产品,综合运维
3732075,首页,协议供货,信息类产品,综合运维
3732074,首页,协议供货,信息类产品,综合运维
3732004,首页,协议供货,信息类产品,其他行业应用软件
3732002,首页,协议供货,信息类产品,其他行业应用软件
3731998,首页,协议供货,信息类产品,其他行业应用软件
3731993,首页,协议供货,信息类产品,其他行业应用软件
3731992,首页,协议供货,信息类产品,其他行业应用软件
3731943,首页,协议供货,信息类产品,存储备份
3731941,首页,协议供货,信息类产品,存储备份
3731940,首页,协议供货,信息类产品,存储备份
3731912,首页,协议供货,信息类产品,协同办公／OA
3731910,首页,协议供货,信息类产品,协同办公／OA
3731909,首页,协议供货,信息类产品,协同办公／OA
3731907,首页,协议供货,信息类产品,协同办公／OA
3731906,首页,协议供货,信息类产品,协同办公／OA
3731905,首页,协议供货,信息类产品,协同办公／OA
3731903,首页,协议供货,信息类产品,其他管理软件
3731902,首页,协议供货,信息类产品,其他管理软件
3731901,首页,协议供货,信息类产品,其他管理软件
3731898,首页,协议供货,信息类产品,其他管理软件
3731843,首页,协议供货,信息类产品,综合运维
3731842,首页,协议供货,信息类产品,综合运维
3731839,首页,协议供货,信息类产品,综合运维
3731833,首页,协议供货,信息类产品,综合运维
3731541,首页,协议供货,信息类产品,网络通信
3731540,首页,协议供货,信息类产品,文档管理
3731539,首页,协议供货,信息类产品,文档管理
3731533,首页,协议供货,信息类产品,文档管理
3731532,首页,协议供货,信息类产品,文档管理
3731523,首页,协议供货,信息类产品,文档管理
3731261,首页,协议供货,信息类产品,文档管理
3731260,首页,协议供货,信息类产品,文档管理
3731259,首页,协议供货,信息类产品,文档管理
3731258,首页,协议供货,信息类产品,文档管理
3731257,首页,协议供货,信息类产品,文档管理
3731224,首页,协议供货,信息类产品,综合运维
3731223,首页,协议供货,信息类产品,综合运维
3731222,首页,协议供货,信息类产品,综合运维
3731221,首页,协议供货,信息类产品,综合运维
3731220,首页,协议供货,信息类产品,综合运维
3731214,首页,协议供货,信息类产品,信息资源管理服务
3731213,首页,协议供货,信息类产品,信息资源管理服务
3731212,首页,协议供货,信息类产品,信息资源管理服务
3731211,首页,协议供货,信息类产品,信息资源管理服务
3731210,首页,协议供货,信息类产品,信息资源管理服务
3731209,首页,协议供货,信息类产品,文档管理
3731208,首页,协议供货,信息类产品,文档管理
3731207,首页,协议供货,信息类产品,文档管理
3731206,首页,协议供货,信息类产品,文档管理
3731205,首页,协议供货,信息类产品,文字语言处理
3731203,首页,协议供货,信息类产品,文字语言处理
3731201,首页,协议供货,信息类产品,文字语言处理
3731198,首页,协议供货,信息类产品,移动应用
3731191,首页,协议供货,信息类产品,知识管理
3731123,首页,协议供货,信息类产品,舆情监测
3731122,首页,协议供货,信息类产品,舆情监测
3731105,首页,协议供货,信息类产品,舆情监测
3731099,首页,协议供货,信息类产品,舆情监测
3731081,首页,协议供货,信息类产品,智能信息管理平台
3731080,首页,协议供货,信息类产品,智能信息管理平台
3731078,首页,协议供货,信息类产品,智能信息管理平台
3731069,首页,协议供货,信息类产品,舆情监测
3731066,首页,协议供货,信息类产品,舆情监测
3731058,首页,协议供货,信息类产品,舆情监测
3731001,首页,协议供货,信息类产品,综合运维
3731000,首页,协议供货,信息类产品,综合运维
3730999,首页,协议供货,信息类产品,综合运维
3730993,首页,协议供货,信息类产品,终端管理软件
3730988,首页,协议供货,信息类产品,商业智能
3730987,首页,协议供货,信息类产品,商业智能
3730984,首页,协议供货,信息类产品,商业智能
3730982,首页,协议供货,信息类产品,商业智能
3730675,首页,协议供货,信息类产品,文档管理
3730674,首页,协议供货,信息类产品,文档管理
3730673,首页,协议供货,信息类产品,文档管理
3730665,首页,协议供货,信息类产品,电子邮件系统
3730664,首页,协议供货,信息类产品,电子邮件系统
3730663,首页,协议供货,信息类产品,电子邮件系统
3730662,首页,协议供货,信息类产品,电子邮件系统
3730660,首页,协议供货,信息类产品,网络通信
3730659,首页,协议供货,信息类产品,网络通信
3730658,首页,协议供货,信息类产品,网络通信
3730657,首页,协议供货,信息类产品,网络通信
3730656,首页,协议供货,信息类产品,网络通信
3730655,首页,协议供货,信息类产品,网站管理
3730654,首页,协议供货,信息类产品,网站管理
3730653,首页,协议供货,信息类产品,网站管理
3730642,首页,协议供货,信息类产品,商业智能
3730641,首页,协议供货,信息类产品,商业智能
3730640,首页,协议供货,信息类产品,商业智能
3730639,首页,协议供货,信息类产品,商业智能
3730638,首页,协议供货,信息类产品,商业智能
3730634,首页,协议供货,信息类产品,开发工具
3730633,首页,协议供货,信息类产品,开发工具
3730632,首页,协议供货,信息类产品,开发工具
3730631,首页,协议供货,信息类产品,开发工具
3730630,首页,协议供货,信息类产品,开发工具
3730607,首页,协议供货,信息类产品,其他管理软件
3730606,首页,协议供货,信息类产品,其他管理软件
3730605,首页,协议供货,信息类产品,其他管理软件
3730603,首页,协议供货,信息类产品,其他管理软件
3730596,首页,协议供货,信息类产品,商业智能
3730595,首页,协议供货,信息类产品,商业智能
3730559,首页,协议供货,信息类产品,综合运维
3730545,首页,协议供货,信息类产品,人力资源管理
3730544,首页,协议供货,信息类产品,财务管理
3730533,首页,协议供货,信息类产品,综合运维
3730519,首页,协议供货,信息类产品,电子邮件系统
3730514,首页,协议供货,信息类产品,协同办公／OA
3730513,首页,协议供货,信息类产品,电子邮件系统
3730512,首页,协议供货,信息类产品,协同办公／OA
3730511,首页,协议供货,信息类产品,电子邮件系统
3730510,首页,协议供货,信息类产品,电子邮件系统
3730509,首页,协议供货,信息类产品,其他网络软件
3730508,首页,协议供货,信息类产品,其他网络软件
3730507,首页,协议供货,信息类产品,其他网络软件
3730506,首页,协议供货,信息类产品,其他网络软件
3730505,首页,协议供货,信息类产品,其他网络软件
3730504,首页,协议供货,信息类产品,存储备份
3730503,首页,协议供货,信息类产品,存储备份
3730502,首页,协议供货,信息类产品,存储备份
3730499,首页,协议供货,信息类产品,存储备份
3730475,首页,协议供货,信息类产品,其他应用软件
3730471,首页,协议供货,信息类产品,其他行业应用软件
3730470,首页,协议供货,信息类产品,其他行业应用软件
3730466,首页,协议供货,信息类产品,其他行业应用软件
3730465,首页,协议供货,信息类产品,其他行业应用软件
3730461,首页,协议供货,信息类产品,其他行业应用软件
3730460,首页,协议供货,信息类产品,财政软件
3730451,首页,协议供货,信息类产品,社会保障软件
3730449,首页,协议供货,信息类产品,海关软件
3730446,首页,协议供货,信息类产品,海关软件
3730445,首页,协议供货,信息类产品,数据分析
3730440,首页,协议供货,信息类产品,内容管理
3730437,首页,协议供货,信息类产品,内容管理
3730436,首页,协议供货,信息类产品,应用支撑平台
3730435,首页,协议供货,信息类产品,应用支撑平台
3730433,首页,协议供货,信息类产品,应用支撑平台
3730432,首页,协议供货,信息类产品,应用支撑平台
3730431,首页,协议供货,信息类产品,应用支撑平台
3730427,首页,协议供货,信息类产品,网站监管
3730425,首页,协议供货,信息类产品,协同办公／OA
3730424,首页,协议供货,信息类产品,移动应用
3730422,首页,协议供货,信息类产品,其他管理软件
3730421,首页,协议供货,信息类产品,网站监管
3730409,首页,协议供货,信息类产品,其他管理软件
3730407,首页,协议供货,信息类产品,其他管理软件
3730397,首页,协议供货,信息类产品,商业智能
3730396,首页,协议供货,信息类产品,商业智能
3730394,首页,协议供货,信息类产品,商业智能
3730392,首页,协议供货,信息类产品,商业智能
3730390,首页,协议供货,信息类产品,财务管理
3730389,首页,协议供货,信息类产品,财务管理
3730386,首页,协议供货,信息类产品,财务管理
3730385,首页,协议供货,信息类产品,财务管理
3730384,首页,协议供货,信息类产品,财务管理
3730382,首页,协议供货,信息类产品,电子邮件系统
3730380,首页,协议供货,信息类产品,电子邮件系统
3730379,首页,协议供货,信息类产品,电子邮件系统
3730378,首页,协议供货,信息类产品,电子邮件系统
3730377,首页,协议供货,信息类产品,其他网络软件
3730373,首页,协议供货,信息类产品,其他网络软件
3730372,首页,协议供货,信息类产品,其他网络软件
3730328,首页,协议供货,信息类产品,智能信息管理平台
3730327,首页,协议供货,信息类产品,存储备份
3730324,首页,协议供货,信息类产品,地理信息服务
3730323,首页,协议供货,信息类产品,存储备份
3730322,首页,协议供货,信息类产品,存储备份
3730321,首页,协议供货,信息类产品,存储备份
3730315,首页,协议供货,信息类产品,存储备份
3730314,首页,协议供货,信息类产品,内容管理
3730313,首页,协议供货,信息类产品,内容管理
3730310,首页,协议供货,信息类产品,文档管理
3730301,首页,协议供货,信息类产品,内容管理
3730274,首页,协议供货,信息类产品,舆情监测
3730273,首页,协议供货,信息类产品,舆情监测
3730245,首页,协议供货,信息类产品,智能信息管理平台
3730218,首页,协议供货,信息类产品,存储备份
3730194,首页,协议供货,信息类产品,网站监管
3730185,首页,协议供货,信息类产品,网站监管
3730184,首页,协议供货,信息类产品,综合运维
3730182,首页,协议供货,信息类产品,综合运维
3730142,首页,协议供货,信息类产品,其他应用软件
3729966,首页,协议供货,信息类产品,网站管理
3729944,首页,协议供货,信息类产品,终端管理软件
3729894,首页,协议供货,信息类产品,财政软件
3729893,首页,协议供货,信息类产品,财政软件
3729892,首页,协议供货,信息类产品,财政软件
3729890,首页,协议供货,信息类产品,存储备份
3729889,首页,协议供货,信息类产品,其他管理软件
3729888,首页,协议供货,信息类产品,存储备份
3729886,首页,协议供货,信息类产品,其他管理软件
3729884,首页,协议供货,信息类产品,其他管理软件
3729883,首页,协议供货,信息类产品,财务管理
3729881,首页,协议供货,信息类产品,其他应用软件
3729880,首页,协议供货,信息类产品,其他应用软件
3729879,首页,协议供货,信息类产品,卫生医疗软件
3729878,首页,协议供货,信息类产品,财政软件
3729877,首页,协议供货,信息类产品,教育软件
3729875,首页,协议供货,信息类产品,数据分析
3729874,首页,协议供货,信息类产品,数据分析
3729873,首页,协议供货,信息类产品,其他管理软件
3729872,首页,协议供货,信息类产品,资产管理
3729871,首页,协议供货,信息类产品,资产管理
3729870,首页,协议供货,信息类产品,资产管理
3729869,首页,协议供货,信息类产品,资产管理
3729868,首页,协议供货,信息类产品,资产管理
3729839,首页,协议供货,信息类产品,文档管理
3729838,首页,协议供货,信息类产品,网络监测
3729830,首页,协议供货,信息类产品,档案管理
3729821,首页,协议供货,信息类产品,存储备份
3729815,首页,协议供货,信息类产品,存储备份
3729783,首页,协议供货,信息类产品,应用支撑平台
3729782,首页,协议供货,信息类产品,应用支撑平台
3729777,首页,协议供货,信息类产品,应用支撑平台
3729775,首页,协议供货,信息类产品,应用支撑平台
3729697,首页,协议供货,信息类产品,其他应用软件
3729696,首页,协议供货,信息类产品,其他应用软件
3729695,首页,协议供货,信息类产品,其他应用软件
3729694,首页,协议供货,信息类产品,其他应用软件
3729693,首页,协议供货,信息类产品,其他应用软件
3729691,首页,协议供货,信息类产品,移动应用
3729685,首页,协议供货,信息类产品,资产管理
3729683,首页,协议供货,信息类产品,移动应用
3729682,首页,协议供货,信息类产品,城市信息化软件
3729680,首页,协议供货,信息类产品,教育软件
3729677,首页,协议供货,信息类产品,商业智能
3729666,首页,协议供货,信息类产品,云平台中间件软件
3729660,首页,协议供货,信息类产品,综合运维
3729659,首页,协议供货,信息类产品,综合运维
3729657,首页,协议供货,信息类产品,网络监测
3729587,首页,协议供货,信息类产品,资产管理
3729488,首页,协议供货,信息类产品,电子邮件系统
3729486,首页,协议供货,信息类产品,舆情监测
3729485,首页,协议供货,信息类产品,电子邮件系统
3729484,首页,协议供货,信息类产品,电子邮件系统
3729483,首页,协议供货,信息类产品,存储备份
3729481,首页,协议供货,信息类产品,电子邮件系统
3729479,首页,协议供货,信息类产品,存储备份
3729478,首页,协议供货,信息类产品,电子邮件系统
3729422,首页,协议供货,信息类产品,视频软件
3729418,首页,协议供货,信息类产品,舆情监测
3729417,首页,协议供货,信息类产品,文档管理
3729415,首页,协议供货,信息类产品,档案管理
3729414,首页,协议供货,信息类产品,协同办公／OA
3729412,首页,协议供货,信息类产品,档案管理
3729411,首页,协议供货,信息类产品,档案管理
3729409,首页,协议供货,信息类产品,协同办公／OA
3729408,首页,协议供货,信息类产品,档案管理
3729406,首页,协议供货,信息类产品,档案管理
3729401,首页,协议供货,信息类产品,协同办公／OA
3729392,首页,协议供货,信息类产品,其他管理软件
3729389,首页,协议供货,信息类产品,其他管理软件
3729388,首页,协议供货,信息类产品,其他管理软件
3729380,首页,协议供货,信息类产品,客户关系管理
3729375,首页,协议供货,信息类产品,存储备份
3729374,首页,协议供货,信息类产品,存储备份
3729371,首页,协议供货,信息类产品,存储备份
3729369,首页,协议供货,信息类产品,存储备份
3729357,首页,协议供货,信息类产品,文档管理
3729354,首页,协议供货,信息类产品,文档管理
3729352,首页,协议供货,信息类产品,文档管理
3729314,首页,协议供货,信息类产品,综合运维
3729313,首页,协议供货,信息类产品,综合运维
3729312,首页,协议供货,信息类产品,综合运维
3729310,首页,协议供货,信息类产品,综合运维
3729304,首页,协议供货,信息类产品,终端管理软件
3729155,首页,协议供货,信息类产品,移动应用
3729154,首页,协议供货,信息类产品,移动应用
3729153,首页,协议供货,信息类产品,移动应用
3729152,首页,协议供货,信息类产品,移动应用
3729140,首页,协议供货,信息类产品,商业智能
3729139,首页,协议供货,信息类产品,商业智能
3729137,首页,协议供货,信息类产品,商业智能
3729111,首页,协议供货,信息类产品,电子邮件系统
3729110,首页,协议供货,信息类产品,电子邮件系统
3729109,首页,协议供货,信息类产品,电子邮件系统
3729108,首页,协议供货,信息类产品,电子邮件系统
3729107,首页,协议供货,信息类产品,电子邮件系统
3729105,首页,协议供货,信息类产品,协同办公／OA
3729104,首页,协议供货,信息类产品,协同办公／OA
3729103,首页,协议供货,信息类产品,协同办公／OA
3729102,首页,协议供货,信息类产品,协同办公／OA
3729099,首页,协议供货,信息类产品,协同办公／OA
3729080,首页,协议供货,信息类产品,人力资源管理
3729077,首页,协议供货,信息类产品,移动应用
3729069,首页,协议供货,信息类产品,供应链管理
3729066,首页,协议供货,信息类产品,财务管理
3729062,首页,协议供货,信息类产品,其他管理软件
3729026,首页,协议供货,信息类产品,存储备份
3729025,首页,协议供货,信息类产品,存储备份
3728993,首页,协议供货,信息类产品,城市信息化软件
3728992,首页,协议供货,信息类产品,城市信息化软件
3728991,首页,协议供货,信息类产品,城市信息化软件
3728988,首页,协议供货,信息类产品,其他网络软件
3728987,首页,协议供货,信息类产品,其他网络软件
3728986,首页,协议供货,信息类产品,综合运维
3728985,首页,协议供货,信息类产品,综合运维
3728984,首页,协议供货,信息类产品,综合运维
3728983,首页,协议供货,信息类产品,综合运维
3728982,首页,协议供货,信息类产品,综合运维
3728976,首页,协议供货,信息类产品,资产管理
3728975,首页,协议供货,信息类产品,知识管理
3728921,首页,协议供货,信息类产品,网站监管
3728920,首页,协议供货,信息类产品,网站监管
3728919,首页,协议供货,信息类产品,网站监管
3728918,首页,协议供货,信息类产品,网站监管
3728914,首页,协议供货,信息类产品,网站监管
3728790,首页,协议供货,信息类产品,网站监管
3728784,首页,协议供货,信息类产品,网站监管
3728782,首页,协议供货,信息类产品,网站监管
3728766,首页,协议供货,信息类产品,网站服务
3728765,首页,协议供货,信息类产品,网站服务
3728764,首页,协议供货,信息类产品,网站服务
3728570,首页,协议供货,信息类产品,档案管理
3728569,首页,协议供货,信息类产品,档案管理
3728490,首页,协议供货,信息类产品,网络监测
3728487,首页,协议供货,信息类产品,网络监测
3728486,首页,协议供货,信息类产品,网络监测
3728479,首页,协议供货,信息类产品,综合运维
3728478,首页,协议供货,信息类产品,综合运维
3728477,首页,协议供货,信息类产品,综合运维
3728337,首页,协议供货,信息类产品,资产管理
3728336,首页,协议供货,信息类产品,商业智能
3728335,首页,协议供货,信息类产品,商业智能
3728334,首页,协议供货,信息类产品,商业智能
3728333,首页,协议供货,信息类产品,金融软件
3728332,首页,协议供货,信息类产品,商业智能
3728331,首页,协议供货,信息类产品,信息资源管理服务
3728330,首页,协议供货,信息类产品,人力资源管理
3728329,首页,协议供货,信息类产品,信息资源管理服务
3728328,首页,协议供货,信息类产品,资产管理
3728325,首页,协议供货,信息类产品,信息资源管理服务
3728324,首页,协议供货,信息类产品,信息资源管理服务
3728321,首页,协议供货,信息类产品,教育软件
3728320,首页,协议供货,信息类产品,教育软件
3728296,首页,协议供货,信息类产品,代理服务器
3728295,首页,协议供货,信息类产品,代理服务器
3728294,首页,协议供货,信息类产品,社会保障软件
3728291,首页,协议供货,信息类产品,社会保障软件
3728232,首页,协议供货,信息类产品,其他行业应用软件
3728228,首页,协议供货,信息类产品,教育软件
3728227,首页,协议供货,信息类产品,教育软件
3728218,首页,协议供货,信息类产品,应用集成中间件软件
3727826,首页,协议供货,信息类产品,其他应用软件
3727825,首页,协议供货,信息类产品,综合运维
3727824,首页,协议供货,信息类产品,综合运维
3727823,首页,协议供货,信息类产品,综合运维
3727822,首页,协议供货,信息类产品,网络监测
3727821,首页,协议供货,信息类产品,网络监测
3727820,首页,协议供货,信息类产品,网络监测
3727819,首页,协议供货,信息类产品,网络监测
3727813,首页,协议供货,信息类产品,移动应用
3727812,首页,协议供货,信息类产品,资产管理
3727809,首页,协议供货,信息类产品,存储备份
3727808,首页,协议供货,信息类产品,资产管理
3727806,首页,协议供货,信息类产品,资产管理
3727803,首页,协议供货,信息类产品,资产管理
3727802,首页,协议供货,信息类产品,资产管理
3727800,首页,协议供货,信息类产品,资产管理
3727798,首页,协议供货,信息类产品,存储备份
3727797,首页,协议供货,信息类产品,存储备份
3727796,首页,协议供货,信息类产品,存储备份
3727795,首页,协议供货,信息类产品,存储备份
3727787,首页,协议供货,信息类产品,网站监管
3727786,首页,协议供货,信息类产品,网站监管
3727785,首页,协议供货,信息类产品,网站监管
3727784,首页,协议供货,信息类产品,网站监管
3727757,首页,协议供货,信息类产品,智能信息管理平台
3727755,首页,协议供货,信息类产品,舆情监测
3727742,首页,协议供货,信息类产品,人力资源管理
3727713,首页,协议供货,信息类产品,文档管理
3727702,首页,协议供货,信息类产品,协同办公／OA
3727515,首页,协议供货,信息类产品,协同办公／OA
3727507,首页,协议供货,信息类产品,其他应用软件
3727506,首页,协议供货,信息类产品,其他应用软件
3727505,首页,协议供货,信息类产品,其他应用软件
3727504,首页,协议供货,信息类产品,其他应用软件
3727503,首页,协议供货,信息类产品,其他管理软件
3727498,首页,协议供货,信息类产品,其他应用软件
3727496,首页,协议供货,信息类产品,其他管理软件
3727495,首页,协议供货,信息类产品,文档管理
3727493,首页,协议供货,信息类产品,商业智能
3727486,首页,协议供货,信息类产品,商业智能
3727483,首页,协议供货,信息类产品,商业智能
3727482,首页,协议供货,信息类产品,舆情监测
3727479,首页,协议供货,信息类产品,商业智能
3727476,首页,协议供货,信息类产品,商业智能
3727459,首页,协议供货,信息类产品,电子邮件系统
3727458,首页,协议供货,信息类产品,电子邮件系统
3727457,首页,协议供货,信息类产品,电子邮件系统
3727456,首页,协议供货,信息类产品,电子邮件系统
3727455,首页,协议供货,信息类产品,电子邮件系统
3727454,首页,协议供货,信息类产品,其他网络软件
3727453,首页,协议供货,信息类产品,其他网络软件
3727452,首页,协议供货,信息类产品,其他网络软件
3727450,首页,协议供货,信息类产品,其他网络软件
3727449,首页,协议供货,信息类产品,其他网络软件
3727446,首页,协议供货,信息类产品,综合运维
3727443,首页,协议供货,信息类产品,综合运维
3727434,首页,协议供货,信息类产品,桌面云
3727433,首页,协议供货,信息类产品,桌面云
3727238,首页,协议供货,信息类产品,舆情监测
3727200
3727172,首页,协议供货,信息类产品,舆情监测
3727171,首页,协议供货,信息类产品,舆情监测
3727164,首页,协议供货,信息类产品,舆情监测
3727126,首页,协议供货,信息类产品,城市信息化软件
3727125,首页,协议供货,信息类产品,城市信息化软件
3727122,首页,协议供货,信息类产品,城市信息化软件
3727096,首页,协议供货,信息类产品,存储备份
3727094,首页,协议供货,信息类产品,存储备份
3727090,首页,协议供货,信息类产品,教育软件
3727089,首页,协议供货,信息类产品,教育软件
3727080,首页,协议供货,信息类产品,协同办公／OA
3727076,首页,协议供货,信息类产品,协同办公／OA
3727074,首页,协议供货,信息类产品,协同办公／OA
3726913,首页,协议供货,信息类产品,其他管理软件
3726912,首页,协议供货,信息类产品,其他管理软件
3726907,首页,协议供货,信息类产品,其他管理软件
3726873,首页,协议供货,信息类产品,电子邮件系统
3726872,首页,协议供货,信息类产品,电子邮件系统
3726852,首页,协议供货,信息类产品,综合运维
3726826,首页,协议供货,信息类产品,电子邮件系统
3726825,首页,协议供货,信息类产品,电子邮件系统
3726824,首页,协议供货,信息类产品,存储备份
3726823,首页,协议供货,信息类产品,综合运维
3726821,首页,协议供货,信息类产品,应用支撑平台
3726820,首页,协议供货,信息类产品,应用支撑平台
3726772,首页,协议供货,信息类产品,综合运维
3726771,首页,协议供货,信息类产品,综合运维
3726721,首页,协议供货,信息类产品,其他网络软件
3726717,首页,协议供货,信息类产品,其他网络软件
3726716,首页,协议供货,信息类产品,存储备份
3726715,首页,协议供货,信息类产品,存储备份
3726714,首页,协议供货,信息类产品,存储备份
3726713,首页,协议供货,信息类产品,存储备份
3726708,首页,协议供货,信息类产品,存储备份
3726695,首页,协议供货,信息类产品,存储备份
3726691,首页,协议供货,信息类产品,存储备份
3726690,首页,协议供货,信息类产品,存储备份
3726689,首页,协议供货,信息类产品,文档管理
3726688,首页,协议供货,信息类产品,文档管理
3726687,首页,协议供货,信息类产品,文档管理
3726678,首页,协议供货,信息类产品,移动应用
3726668,首页,协议供货,信息类产品,其他行业应用软件
3726664,首页,协议供货,信息类产品,资产管理
3726639,首页,协议供货,信息类产品,其他管理软件
3726500,首页,协议供货,信息类产品,检索/搜索
3726499,首页,协议供货,信息类产品,检索/搜索
3726498,首页,协议供货,信息类产品,检索/搜索
3726497,首页,协议供货,信息类产品,检索/搜索
3726496,首页,协议供货,信息类产品,检索/搜索
3726492,首页,协议供货,信息类产品,存储备份
3726488,首页,协议供货,信息类产品,存储备份
3726470,首页,协议供货,信息类产品,协同办公／OA
3726328,首页,协议供货,信息类产品,工作流
3726327,首页,协议供货,信息类产品,政务服务总线
3726321,首页,协议供货,信息类产品,开发工具
3726318,首页,协议供货,信息类产品,开发工具
3726288,首页,协议供货,信息类产品,其他应用软件
3726287,首页,协议供货,信息类产品,其他应用软件
3726286,首页,协议供货,信息类产品,其他应用软件
3726285,首页,协议供货,信息类产品,其他应用软件
3726283,首页,协议供货,信息类产品,其他应用软件
3726262,首页,协议供货,信息类产品,地理信息服务
3726261,首页,协议供货,信息类产品,地理信息服务
3726260,首页,协议供货,信息类产品,地理信息服务
3726259,首页,协议供货,信息类产品,地理信息服务
3726258,首页,协议供货,信息类产品,地理信息服务
3726232,首页,协议供货,信息类产品,远程访问控制
3726231,首页,协议供货,信息类产品,网络监测
3726229,首页,协议供货,信息类产品,终端管理软件
3726113,首页,协议供货,信息类产品,工作流
3726111,首页,协议供货,信息类产品,工作流
3726110,首页,协议供货,信息类产品,工作流
3726108,首页,协议供货,信息类产品,综合运维
3726107,首页,协议供货,信息类产品,工作流
3726104,首页,协议供货,信息类产品,政务服务总线
3726103,首页,协议供货,信息类产品,工作流
3726100,首页,协议供货,信息类产品,政务服务总线
3726099,首页,协议供货,信息类产品,政务服务总线
3726095,首页,协议供货,信息类产品,政务服务总线
3726093,首页,协议供货,信息类产品,政务服务总线
3726091,首页,协议供货,信息类产品,内容管理
3726089,首页,协议供货,信息类产品,智能信息管理平台
3726084,首页,协议供货,信息类产品,舆情监测
3726031,首页,协议供货,信息类产品,网络计费系统
3726030,首页,协议供货,信息类产品,综合运维
3726017,首页,协议供货,信息类产品,网站监管
3726014,首页,协议供货,信息类产品,其他应用软件
3725999,首页,协议供货,信息类产品,综合运维
3725998,首页,协议供货,信息类产品,综合运维
3725996,首页,协议供货,信息类产品,综合运维
3725992,首页,协议供货,信息类产品,综合运维
3725990,首页,协议供货,信息类产品,综合运维
3725914,首页,协议供货,信息类产品,商业智能
3725910,首页,协议供货,信息类产品,商业智能
3725884,首页,协议供货,信息类产品,知识管理
3725879,首页,协议供货,信息类产品,其他行业应用软件
3725874,首页,协议供货,信息类产品,其他行业应用软件
3725870,首页,协议供货,信息类产品,其他行业应用软件
3725869,首页,协议供货,信息类产品,其他行业应用软件
3725868,首页,协议供货,信息类产品,其他行业应用软件
3725865,首页,协议供货,信息类产品,其他行业应用软件
3725863,首页,协议供货,信息类产品,卫生医疗软件
3725857,首页,协议供货,信息类产品,卫生医疗软件
3725856,首页,协议供货,信息类产品,卫生医疗软件
3725854,首页,协议供货,信息类产品,其他管理软件
3725850,首页,协议供货,信息类产品,其他管理软件
3725848,首页,协议供货,信息类产品,其他管理软件
3725846,首页,协议供货,信息类产品,资产管理
3725845,首页,协议供货,信息类产品,资产管理
3725842,首页,协议供货,信息类产品,资产管理
3725826,首页,协议供货,信息类产品,其他网络软件
3725823,首页,协议供货,信息类产品,其他网络软件
3725816,首页,协议供货,信息类产品,网络监测
3725815,首页,协议供货,信息类产品,计算机辅助设计
3725814,首页,协议供货,信息类产品,数据分析
3725812,首页,协议供货,信息类产品,数据分析
3725810,首页,协议供货,信息类产品,数据分析
3725808,首页,协议供货,信息类产品,工作流
3725686,首页,协议供货,信息类产品,卫生医疗软件
3725685,首页,协议供货,信息类产品,卫生医疗软件
3725684,首页,协议供货,信息类产品,卫生医疗软件
3725675,首页,协议供货,信息类产品,教育软件
3725672,首页,协议供货,信息类产品,教育软件
3725671,首页,协议供货,信息类产品,教育软件
3725670,首页,协议供货,信息类产品,移动应用
3725669,首页,协议供货,信息类产品,移动应用
3725632,首页,协议供货,信息类产品,移动应用
3725629,首页,协议供货,信息类产品,移动应用
3725616,首页,协议供货,信息类产品,移动应用
3725605,首页,协议供货,信息类产品,终端管理软件
3725603,首页,协议供货,信息类产品,终端管理软件
3725602,首页,协议供货,信息类产品,终端管理软件
3725592,首页,协议供货,信息类产品,终端管理软件
3725585,首页,协议供货,信息类产品,终端管理软件
3725554,首页,协议供货,信息类产品,能源管理软件
3725278,首页,协议供货,信息类产品,其他行业应用软件
3725277,首页,协议供货,信息类产品,其他行业应用软件
3725276,首页,协议供货,信息类产品,其他行业应用软件
3725274,首页,协议供货,信息类产品,其他行业应用软件
3725272,首页,协议供货,信息类产品,其他行业应用软件
3725269,首页,协议供货,信息类产品,地理信息服务
3725259,首页,协议供货,信息类产品,地理信息服务
3725132,首页,协议供货,信息类产品,其他行业应用软件
3725126,首页,协议供货,信息类产品,农村/社区信息化软件
3725123,首页,协议供货,信息类产品,农村/社区信息化软件
3725122,首页,协议供货,信息类产品,财政软件
3725121,首页,协议供货,信息类产品,财政软件
3725120,首页,协议供货,信息类产品,财政软件
3725118,首页,协议供货,信息类产品,网络通信
3725117,首页,协议供货,信息类产品,网站管理
3725116,首页,协议供货,信息类产品,工作流
3725113,首页,协议供货,信息类产品,内容管理
3725102,首页,协议供货,信息类产品,地理信息服务
3725090,首页,协议供货,信息类产品,应用支撑平台
3725089,首页,协议供货,信息类产品,资产管理
3725080,首页,协议供货,信息类产品,开发工具
3725078,首页,协议供货,信息类产品,协同办公／OA
3725077,首页,协议供货,信息类产品,其他管理软件
3725074,首页,协议供货,信息类产品,其他管理软件
3725072,首页,协议供货,信息类产品,电子邮件系统
3725071,首页,协议供货,信息类产品,商业智能
3725070,首页,协议供货,信息类产品,商业智能
3725069,首页,协议供货,信息类产品,信息资源管理服务
3725066,首页,协议供货,信息类产品,财务管理
3725065,首页,协议供货,信息类产品,财务管理
3725056,首页,协议供货,信息类产品,其他管理软件
3725042,首页,协议供货,信息类产品,资产管理
3725041,首页,协议供货,信息类产品,资产管理
3725040,首页,协议供货,信息类产品,资产管理
3725037,首页,协议供货,信息类产品,其他管理软件
3724987,首页,协议供货,信息类产品,舆情监测
3724688,首页,协议供货,信息类产品,其他应用软件
3724687,首页,协议供货,信息类产品,其他应用软件
3724686,首页,协议供货,信息类产品,其他应用软件
3724678,首页,协议供货,信息类产品,网络监测
3724592,首页,协议供货,信息类产品,教育软件
3724591,首页,协议供货,信息类产品,教育软件
3724590,首页,协议供货,信息类产品,图形软件
3724589,首页,协议供货,信息类产品,图形软件
3724588,首页,协议供货,信息类产品,视频软件
3724587,首页,协议供货,信息类产品,视频软件
3724586,首页,协议供货,信息类产品,视频软件
3724582,首页,协议供货,信息类产品,音频软件
3724577,首页,协议供货,信息类产品,音频软件
3724575,首页,协议供货,信息类产品,信息资源管理服务
3724572,首页,协议供货,信息类产品,其他网络软件
3918809,首页,协议供货,信息类产品,高端网络路由器
3918811,首页,协议供货,信息类产品,高端网络路由器
3918808,首页,协议供货,信息类产品,高端网络路由器
3918262,首页,协议供货,信息类产品,高端网络路由器
3917246,首页,协议供货,信息类产品,高端网络路由器
3917245,首页,协议供货,信息类产品,高端网络路由器
3916558,首页,协议供货,信息类产品,高端网络路由器
3916557,首页,协议供货,信息类产品,高端网络路由器
3916556,首页,协议供货,信息类产品,高端网络路由器
3921507,首页,协议供货,信息类产品,网络录播设备 高端
3921506,首页,协议供货,信息类产品,网络录播设备 高端
3920779,首页,协议供货,信息类产品,网络录播设备 高端
3919187,首页,协议供货,信息类产品,网络录播设备 高端
3919186,首页,协议供货,信息类产品,网络录播设备 高端
3918528,首页,协议供货,信息类产品,网络录播设备 高端
3917701,首页,协议供货,信息类产品,网络录播设备 高端
3917501,首页,协议供货,信息类产品,网络录播设备 高端
3917451,首页,协议供货,信息类产品,网络录播设备 高端
3916428,首页,协议供货,信息类产品,网络录播设备 高端
3921482,首页,协议供货,信息类产品,网络录播设备 低端
3921494,首页,协议供货,信息类产品,网络录播设备 低端
3921483,首页,协议供货,信息类产品,网络录播设备 低端
3921508,首页,协议供货,信息类产品,网络录播设备 低端
3921456,首页,协议供货,信息类产品,网络录播设备 低端
3921406,首页,协议供货,信息类产品,网络录播设备 低端
3921245,首页,协议供货,信息类产品,网络录播设备 低端
3919185,首页,协议供货,信息类产品,网络录播设备 低端
3918527,首页,协议供货,信息类产品,网络录播设备 低端
3918006,首页,协议供货,信息类产品,网络录播设备 低端
3917450,首页,协议供货,信息类产品,网络录播设备 低端
3916427,首页,协议供货,信息类产品,网络录播设备 低端
3921164,首页,协议供货,信息类产品,网络入侵检测产品（千兆）
3921163,首页,协议供货,信息类产品,网络入侵检测产品（千兆）
3920588,首页,协议供货,信息类产品,网络入侵检测产品（千兆）
3920587,首页,协议供货,信息类产品,网络入侵检测产品（千兆）
3920586,首页,协议供货,信息类产品,网络入侵检测产品（千兆）
3918890,首页,协议供货,信息类产品,网络入侵检测产品（千兆）
3918239,首页,协议供货,信息类产品,网络入侵检测产品（千兆）
3918240,首页,协议供货,信息类产品,网络入侵检测产品（千兆）
3917221,首页,协议供货,信息类产品,网络入侵检测产品（千兆）
3917220,首页,协议供货,信息类产品,网络入侵检测产品（千兆）
3916948,首页,协议供货,信息类产品,网络入侵检测产品（千兆）
3916897,首页,协议供货,信息类产品,网络入侵检测产品（千兆）
3916568,首页,协议供货,信息类产品,网络入侵检测产品（千兆）
3916579,首页,协议供货,信息类产品,网络入侵检测产品（千兆）
3916578,首页,协议供货,信息类产品,网络入侵检测产品（千兆）
3916349,首页,协议供货,信息类产品,网络入侵检测产品（千兆）
3916292,首页,协议供货,信息类产品,网络入侵检测产品（千兆）
3916348,首页,协议供货,信息类产品,网络入侵检测产品（千兆）
3916350,首页,协议供货,信息类产品,网络入侵检测产品（千兆）
3916291,首页,协议供货,信息类产品,网络入侵检测产品（千兆）
3916290,首页,协议供货,信息类产品,网络入侵检测产品（千兆）
3921168,首页,协议供货,信息类产品,网络入侵检测产品（万兆）
3920589,首页,协议供货,信息类产品,网络入侵检测产品（万兆）
3920590,首页,协议供货,信息类产品,网络入侵检测产品（万兆）
3918893,首页,协议供货,信息类产品,网络入侵检测产品（万兆）
3918892,首页,协议供货,信息类产品,网络入侵检测产品（万兆）
3918891,首页,协议供货,信息类产品,网络入侵检测产品（万兆）
3917222,首页,协议供货,信息类产品,网络入侵检测产品（万兆）
3917223,首页,协议供货,信息类产品,网络入侵检测产品（万兆）
3916911,首页,协议供货,信息类产品,网络入侵检测产品（万兆）
3916580,首页,协议供货,信息类产品,网络入侵检测产品（万兆）
3916351,首页,协议供货,信息类产品,网络入侵检测产品（万兆）
3916293,首页,协议供货,信息类产品,网络入侵检测产品（万兆）
3916295,首页,协议供货,信息类产品,网络入侵检测产品（万兆）
3916353,首页,协议供货,信息类产品,网络入侵检测产品（万兆）
3916352,首页,协议供货,信息类产品,网络入侵检测产品（万兆）
3916294,首页,协议供货,信息类产品,网络入侵检测产品（万兆）
3921217,首页,协议供货,信息类产品,终端安全管理设备
3921153,首页,协议供货,信息类产品,终端安全管理设备
3921051,首页,协议供货,信息类产品,终端安全管理设备
3920864,首页,协议供货,信息类产品,终端安全管理设备
3920874,首页,协议供货,信息类产品,终端安全管理设备
3920843,首页,协议供货,信息类产品,终端安全管理设备
3920728,首页,协议供货,信息类产品,终端安全管理设备
3920727,首页,协议供货,信息类产品,终端安全管理设备
3920726,首页,协议供货,信息类产品,终端安全管理设备
3920472,首页,协议供货,信息类产品,终端安全管理设备
3920471,首页,协议供货,信息类产品,终端安全管理设备
3920583,首页,协议供货,信息类产品,终端安全管理设备
3920473,首页,协议供货,信息类产品,终端安全管理设备
3919134,首页,协议供货,信息类产品,终端安全管理设备
3919133,首页,协议供货,信息类产品,终端安全管理设备
3919132,首页,协议供货,信息类产品,终端安全管理设备
3918977,首页,协议供货,信息类产品,终端安全管理设备
3918848,首页,协议供货,信息类产品,终端安全管理设备
3918655,首页,协议供货,信息类产品,终端安全管理设备
3918621,首页,协议供货,信息类产品,终端安全管理设备
3918620,首页,协议供货,信息类产品,终端安全管理设备
3918600,首页,协议供货,信息类产品,终端安全管理设备
3918601,首页,协议供货,信息类产品,终端安全管理设备
3918472,首页,协议供货,信息类产品,终端安全管理设备
3918474,首页,协议供货,信息类产品,终端安全管理设备
3918473,首页,协议供货,信息类产品,终端安全管理设备
3918373,首页,协议供货,信息类产品,终端安全管理设备
3918230,首页,协议供货,信息类产品,终端安全管理设备
3917689,首页,协议供货,信息类产品,终端安全管理设备
3917500,首页,协议供货,信息类产品,终端安全管理设备
3917490,首页,协议供货,信息类产品,终端安全管理设备
3917461,首页,协议供货,信息类产品,终端安全管理设备
3917211,首页,协议供货,信息类产品,终端安全管理设备
3916804,首页,协议供货,信息类产品,终端安全管理设备
3916211,首页,协议供货,信息类产品,终端安全管理设备
3916139,首页,协议供货,信息类产品,终端安全管理设备
3916141,首页,协议供货,信息类产品,终端安全管理设备
3916140,首页,协议供货,信息类产品,终端安全管理设备
3919183,首页,协议供货,信息类产品,管理系统平台
3918526,首页,协议供货,信息类产品,管理系统平台
3918439,首页,协议供货,信息类产品,管理系统平台
3919146,首页,协议供货,信息类产品,无线网管
3918785,首页,协议供货,信息类产品,无线网管
3918251,首页,协议供货,信息类产品,无线网管
3918252,首页,协议供货,信息类产品,无线网管
3917260,首页,协议供货,信息类产品,无线网管
3916735,首页,协议供货,信息类产品,无线网管
3919047,首页,协议供货,信息类产品,无线网桥
3919017,首页,协议供货,信息类产品,无线网桥
3918778,首页,协议供货,信息类产品,无线网桥
3918776,首页,协议供货,信息类产品,无线网桥
3916896,首页,协议供货,信息类产品,无线网桥
3916736,首页,协议供货,信息类产品,无线网桥
3916630,首页,协议供货,信息类产品,无线网桥
3916632,首页,协议供货,信息类产品,无线网桥
3916631,首页,协议供货,信息类产品,无线网桥
3921545,首页,协议供货,信息类产品,无线控制器
3921544,首页,协议供货,信息类产品,无线控制器
3921546,首页,协议供货,信息类产品,无线控制器
3919045,首页,协议供货,信息类产品,无线控制器
3919046,首页,协议供货,信息类产品,无线控制器
3919014,首页,协议供货,信息类产品,无线控制器
3919013,首页,协议供货,信息类产品,无线控制器
3919015,首页,协议供货,信息类产品,无线控制器
3918247,首页,协议供货,信息类产品,无线鉴别服务器
3917256,首页,协议供货,信息类产品,数据中心核心交换机 高档
3916725,首页,协议供货,信息类产品,数据中心核心交换机 高档
3916547,首页,协议供货,信息类产品,数据中心核心交换机 高档
3916726,首页,协议供货,信息类产品,数据中心核心交换机 中档
3916548,首页,协议供货,信息类产品,数据中心核心交换机 中档
3918518,首页,协议供货,信息类产品,插卡式MCU 50端口以上
3918442,首页,协议供货,信息类产品,插卡式MCU 50端口以上
3917440,首页,协议供货,信息类产品,插卡式MCU 50端口以上
3918517,首页,协议供货,信息类产品,插卡式MCU 20端口以上
3918441,首页,协议供货,信息类产品,插卡式MCU 20端口以上
3917439,首页,协议供货,信息类产品,插卡式MCU 20端口以上
3916523,首页,协议供货,信息类产品,插卡式MCU 20端口以上
3918516,首页,协议供货,信息类产品,插卡式MCU  8端口以上
3918440,首页,协议供货,信息类产品,插卡式MCU  8端口以上
3917438,首页,协议供货,信息类产品,插卡式MCU  8端口以上
3918879,首页,协议供货,信息类产品,园区核心交换机 低档
3917251,首页,协议供货,信息类产品,园区核心交换机 低档
3916730,首页,协议供货,信息类产品,园区核心交换机 低档
3916543,首页,协议供货,信息类产品,园区核心交换机 低档
3918880,首页,协议供货,信息类产品,园区核心交换机 中档及以上
3918308,首页,协议供货,信息类产品,园区核心交换机 中档及以上
3917253,首页,协议供货,信息类产品,园区核心交换机 中档及以上
3917252,首页,协议供货,信息类产品,园区核心交换机 中档及以上
3916729,首页,协议供货,信息类产品,园区核心交换机 中档及以上
3916728,首页,协议供货,信息类产品,园区核心交换机 中档及以上
3919054,首页,协议供货,信息类产品,园区接入交换机（百兆） 中档及以上
3919053,首页,协议供货,信息类产品,园区接入交换机（百兆） 中档及以上
3918981,首页,协议供货,信息类产品,园区接入交换机（百兆） 中档及以上
3918873,首页,协议供货,信息类产品,园区接入交换机（百兆） 中档及以上
3918379,首页,协议供货,信息类产品,园区接入交换机（百兆） 中档及以上
3918229,首页,协议供货,信息类产品,园区接入交换机（百兆） 中档及以上
3918285,首页,协议供货,信息类产品,园区接入交换机（百兆） 中档及以上
3917566,首页,协议供货,信息类产品,园区接入交换机（百兆） 中档及以上
3917247,首页,协议供货,信息类产品,园区接入交换机（百兆） 中档及以上
3916718,首页,协议供货,信息类产品,园区接入交换机（百兆） 中档及以上
3921026,首页,协议供货,信息类产品,低端网络路由器
3919005,首页,协议供货,信息类产品,低端网络路由器
3919004,首页,协议供货,信息类产品,低端网络路由器
3919003,首页,协议供货,信息类产品,低端网络路由器
3918801,首页,协议供货,信息类产品,低端网络路由器
3918803,首页,协议供货,信息类产品,低端网络路由器
3918268,首页,协议供货,信息类产品,低端网络路由器
3918267,首页,协议供货,信息类产品,低端网络路由器
3918266,首页,协议供货,信息类产品,低端网络路由器
3917626,首页,协议供货,信息类产品,低端网络路由器
3917570,首页,协议供货,信息类产品,低端网络路由器
3917571,首页,协议供货,信息类产品,低端网络路由器
3916550,首页,协议供货,信息类产品,低端网络路由器
3921027,首页,协议供货,信息类产品,中端网络路由器
3919007,首页,协议供货,信息类产品,中端网络路由器
3918807,首页,协议供货,信息类产品,中端网络路由器
3918805,首页,协议供货,信息类产品,中端网络路由器
3918804,首页,协议供货,信息类产品,中端网络路由器
3918263,首页,协议供货,信息类产品,中端网络路由器
3918265,首页,协议供货,信息类产品,中端网络路由器
3917241,首页,协议供货,信息类产品,中端网络路由器
3917242,首页,协议供货,信息类产品,中端网络路由器
3916732,首页,协议供货,信息类产品,中端网络路由器
3921400,首页,协议供货,信息类产品,一般终端  高端
3918529,首页,协议供货,信息类产品,一般终端  高端
3918438,首页,协议供货,信息类产品,一般终端  高端
3917445,首页,协议供货,信息类产品,一般终端  高端
3921504,首页,协议供货,信息类产品,一般终端  低端
3921399,首页,协议供货,信息类产品,一般终端  低端
3918793,首页,协议供货,信息类产品,一般终端  低端
3918522,首页,协议供货,信息类产品,一般终端  低端
3918437,首页,协议供货,信息类产品,一般终端  低端
3917444,首页,协议供货,信息类产品,一般终端  低端
3921241,首页,协议供货,信息类产品,一体式MCU 50端口以上
3918521,首页,协议供货,信息类产品,一体式MCU 50端口以上
3918436,首页,协议供货,信息类产品,一体式MCU 50端口以上
3917443,首页,协议供货,信息类产品,一体式MCU 50端口以上
3921402,首页,协议供货,信息类产品,一体式MCU 20端口以上
3918797,首页,协议供货,信息类产品,一体式MCU 20端口以上
3918520,首页,协议供货,信息类产品,一体式MCU 20端口以上
3918435,首页,协议供货,信息类产品,一体式MCU 20端口以上
3917442,首页,协议供货,信息类产品,一体式MCU 20端口以上
3921401,首页,协议供货,信息类产品,一体式MCU  8端口以上
3918795,首页,协议供货,信息类产品,一体式MCU  8端口以上
3918519,首页,协议供货,信息类产品,一体式MCU  8端口以上
3918434,首页,协议供货,信息类产品,一体式MCU  8端口以上
3917999,首页,协议供货,信息类产品,一体式MCU  8端口以上
3917441,首页,协议供货,信息类产品,一体式MCU  8端口以上
3918525,首页,协议供货,信息类产品,一体化双屏会议电视终端 高端
3918446,首页,协议供货,信息类产品,一体化双屏会议电视终端 高端
3917449,首页,协议供货,信息类产品,一体化双屏会议电视终端 高端
3921410,首页,协议供货,信息类产品,一体化单屏会议电视终端 高端
3918444,首页,协议供货,信息类产品,一体化单屏会议电视终端 高端
3917448,首页,协议供货,信息类产品,一体化单屏会议电视终端 高端
3921413,首页,协议供货,信息类产品,一体化会议电视终端  低端
3917446,首页,协议供货,信息类产品,一体化会议电视终端  低端
3920764,首页,协议供货,信息类产品,防病毒网关
3920769,首页,协议供货,信息类产品,防病毒网关
3920566,首页,协议供货,信息类产品,防病毒网关
3920565,首页,协议供货,信息类产品,防病毒网关
3920487,首页,协议供货,信息类产品,防病毒网关
3920486,首页,协议供货,信息类产品,防病毒网关
3918901,首页,协议供货,信息类产品,防病毒网关
3918900,首页,协议供货,信息类产品,防病毒网关
3918557,首页,协议供货,信息类产品,防病毒网关
3918556,首页,协议供货,信息类产品,防病毒网关
3918433,首页,协议供货,信息类产品,防病毒网关
3918432,首页,协议供货,信息类产品,防病毒网关
3918431,首页,协议供货,信息类产品,防病毒网关
3918416,首页,协议供货,信息类产品,防病毒网关
3917941,首页,协议供货,信息类产品,防病毒网关
3917940,首页,协议供货,信息类产品,防病毒网关
3917399,首页,协议供货,信息类产品,防病毒网关
3917122,首页,协议供货,信息类产品,防病毒网关
3916925,首页,协议供货,信息类产品,防病毒网关
3916924,首页,协议供货,信息类产品,防病毒网关
3916904,首页,协议供货,信息类产品,防病毒网关
3916705,首页,协议供货,信息类产品,防病毒网关
3916707,首页,协议供货,信息类产品,防病毒网关
3916584,首页,协议供货,信息类产品,防病毒网关
3916583,首页,协议供货,信息类产品,防病毒网关
3916585,首页,协议供货,信息类产品,防病毒网关
3916320,首页,协议供货,信息类产品,防病毒网关
3916359,首页,协议供货,信息类产品,防病毒网关
3916322,首页,协议供货,信息类产品,防病毒网关
3916358,首页,协议供货,信息类产品,防病毒网关
3916357,首页,协议供货,信息类产品,防病毒网关
3916321,首页,协议供货,信息类产品,防病毒网关
3723396,首页,协议供货,信息类产品,安全网关
3723395,首页,协议供货,信息类产品,安全网关
3919074,首页,协议供货,信息类产品,防垃圾邮件系统
3919073,首页,协议供货,信息类产品,防垃圾邮件系统
3918718,首页,协议供货,信息类产品,防垃圾邮件系统
3918717,首页,协议供货,信息类产品,防垃圾邮件系统
3918716,首页,协议供货,信息类产品,防垃圾邮件系统
3918569,首页,协议供货,信息类产品,防垃圾邮件系统
3918568,首页,协议供货,信息类产品,防垃圾邮件系统
3917943,首页,协议供货,信息类产品,防垃圾邮件系统
3917944,首页,协议供货,信息类产品,防垃圾邮件系统
3917125,首页,协议供货,信息类产品,防垃圾邮件系统
3916906,首页,协议供货,信息类产品,防垃圾邮件系统
3731082,首页,协议供货,信息类产品,防垃圾邮件系统
3730472,首页,协议供货,信息类产品,防垃圾邮件系统
3730469,首页,协议供货,信息类产品,防垃圾邮件系统
3730354,首页,协议供货,信息类产品,防垃圾邮件系统
3730346,首页,协议供货,信息类产品,防垃圾邮件系统
3730342,首页,协议供货,信息类产品,防垃圾邮件系统
3730339,首页,协议供货,信息类产品,防垃圾邮件系统
3729476,首页,协议供货,信息类产品,防垃圾邮件系统
3729475,首页,协议供货,信息类产品,防垃圾邮件系统
3729474,首页,协议供货,信息类产品,防垃圾邮件系统
3729473,首页,协议供货,信息类产品,防垃圾邮件系统
3727371,首页,协议供货,信息类产品,防垃圾邮件系统
3727370,首页,协议供货,信息类产品,防垃圾邮件系统
3727356,首页,协议供货,信息类产品,防垃圾邮件系统
3727353,首页,协议供货,信息类产品,防垃圾邮件系统
3727344,首页,协议供货,信息类产品,防垃圾邮件系统
3721950,首页,协议供货,信息类产品,防垃圾邮件系统
3721949,首页,协议供货,信息类产品,防垃圾邮件系统
3721947,首页,协议供货,信息类产品,防垃圾邮件系统
3724242,首页,协议供货,信息类产品,舆情监测
3723014,首页,协议供货,信息类产品,智能信息管理平台
3723013,首页,协议供货,信息类产品,智能信息管理平台
3723001,首页,协议供货,信息类产品,舆情监测
3723000,首页,协议供货,信息类产品,舆情监测
3722996,首页,协议供货,信息类产品,舆情监测
3918428,首页,协议供货,信息类产品,非法外联及客户端安全监控系统
3918191,首页,协议供货,信息类产品,非法外联及客户端安全监控系统
3728359,首页,协议供货,信息类产品,安全隔离软件
3724960,首页,协议供货,信息类产品,杀毒软件
3724957,首页,协议供货,信息类产品,杀毒软件
3724956,首页,协议供货,信息类产品,杀毒软件
3724955,首页,协议供货,信息类产品,杀毒软件
3724954,首页,协议供货,信息类产品,杀毒软件
3724104,首页,协议供货,信息类产品,杀毒软件
3724103,首页,协议供货,信息类产品,杀毒软件
3724101,首页,协议供货,信息类产品,杀毒软件
3724099,首页,协议供货,信息类产品,杀毒软件
3724094,首页,协议供货,信息类产品,杀毒软件
3723327,首页,协议供货,信息类产品,杀毒软件
3723326,首页,协议供货,信息类产品,杀毒软件
3723325,首页,协议供货,信息类产品,杀毒软件
3723324,首页,协议供货,信息类产品,杀毒软件
3920575,首页,协议供货,信息类产品,防DOS攻击系统
3920574,首页,协议供货,信息类产品,防DOS攻击系统
3916902,首页,协议供货,信息类产品,防DOS攻击系统
3916919,首页,协议供货,信息类产品,防DOS攻击系统
3732062,首页,协议供货,信息类产品,终端安全管理
3730526,首页,协议供货,信息类产品,安全网关
3730525,首页,协议供货,信息类产品,安全网关
3730524,首页,协议供货,信息类产品,安全网关
3730479,首页,协议供货,信息类产品,安全网关
3730478,首页,协议供货,信息类产品,安全网关
3730477,首页,协议供货,信息类产品,安全网关
3730476,首页,协议供货,信息类产品,安全网关
3730473,首页,协议供货,信息类产品,安全网关
3728907,首页,协议供货,信息类产品,安全网关
3728905,首页,协议供货,信息类产品,安全网关
3728904,首页,协议供货,信息类产品,安全网关
3728557,首页,协议供货,信息类产品,虚拟专用网VPN
3728555,首页,协议供货,信息类产品,虚拟专用网VPN
3728511,首页,协议供货,信息类产品,安全网关
3728357,首页,协议供货,信息类产品,安全网关
3728356,首页,协议供货,信息类产品,安全网关
3728355,首页,协议供货,信息类产品,安全网关
3728354,首页,协议供货,信息类产品,安全网关
3727197,首页,协议供货,信息类产品,安全网关
3727196,首页,协议供货,信息类产品,安全网关
3726626,首页,协议供货,信息类产品,安全网关
3726624,首页,协议供货,信息类产品,安全网关
3726623,首页,协议供货,信息类产品,安全网关
3726622,首页,协议供货,信息类产品,安全网关
3726621,首页,协议供货,信息类产品,安全网关
3726211,首页,协议供货,信息类产品,安全网关
3726209,首页,协议供货,信息类产品,安全网关
3726001,首页,协议供货,信息类产品,安全网关
3726000,首页,协议供货,信息类产品,安全网关
3724982,首页,协议供货,信息类产品,安全网关
3724973,首页,协议供货,信息类产品,安全网关
3724970,首页,协议供货,信息类产品,安全网关
3724969,首页,协议供货,信息类产品,安全网关
3724961,首页,协议供货,信息类产品,安全网关
3724178,首页,协议供货,信息类产品,安全网关
3723394,首页,协议供货,信息类产品,安全网关
3723393
3723392,首页,协议供货,信息类产品,安全网关
3721955,首页,协议供货,信息类产品,电子邮件系统
3721954,首页,协议供货,信息类产品,电子邮件系统
3721953,首页,协议供货,信息类产品,电子邮件系统
3922678
3922631
3922541
3922493
3922157
3922012
3922016
3922015
3922677
3922643
3922492
3922173
3922158
3922011
3922176
3922159
3922017
3921938
3922629
3920465,首页,协议供货,信息类产品,网络安全隔离与信息交换产品
3916298,首页,协议供货,信息类产品,网络安全隔离与信息交换产品
3916297,首页,协议供货,信息类产品,网络安全隔离与信息交换产品
3916296,首页,协议供货,信息类产品,网络安全隔离与信息交换产品
3916339,首页,协议供货,信息类产品,网络安全隔离与信息交换产品
3916341,首页,协议供货,信息类产品,网络安全隔离与信息交换产品
3916340,首页,协议供货,信息类产品,网络安全隔离与信息交换产品
3731879,首页,协议供货,信息类产品,数据库系统
3731875,首页,协议供货,信息类产品,数据库系统
3731874,首页,协议供货,信息类产品,数据库系统
3731873,首页,协议供货,信息类产品,数据库系统
3731640,首页,协议供货,信息类产品,数据管理工具
3731623,首页,协议供货,信息类产品,数据库系统
3731620,首页,协议供货,信息类产品,数据库系统
3731619,首页,协议供货,信息类产品,数据库系统
3731615,首页,协议供货,信息类产品,数据库系统
3731052,首页,协议供货,信息类产品,数据库系统
3731047,首页,协议供货,信息类产品,数据库系统
3731046,首页,协议供货,信息类产品,数据库系统
3731037,首页,协议供货,信息类产品,数据库系统
3731036,首页,协议供货,信息类产品,数据库系统
3730991,首页,协议供货,信息类产品,其他信息安全产品
3730560,首页,协议供货,信息类产品,数据库系统
3730558,首页,协议供货,信息类产品,数据库系统
3730557,首页,协议供货,信息类产品,数据库系统
3730556,首页,协议供货,信息类产品,数据库系统
3730552,首页,协议供货,信息类产品,数据库系统
3730537,首页,协议供货,信息类产品,终端安全管理
3729303,首页,协议供货,信息类产品,其他信息安全产品
3729121,首页,协议供货,信息类产品,数据库系统
3729120,首页,协议供货,信息类产品,数据库系统
3729119,首页,协议供货,信息类产品,数据库系统
3729115,首页,协议供货,信息类产品,数据库系统
3727463,首页,协议供货,信息类产品,数据库系统
3727167,首页,协议供货,信息类产品,数据库系统
3727166,首页,协议供货,信息类产品,数据库系统
3727162,首页,协议供货,信息类产品,数据库系统
3727161,首页,协议供货,信息类产品,数据库系统
3727157,首页,协议供货,信息类产品,数据库系统
3727086,首页,协议供货,信息类产品,数据库系统
3727085,首页,协议供货,信息类产品,数据库系统
3726347,首页,协议供货,信息类产品,数据库系统
3726341,首页,协议供货,信息类产品,数据库系统
3726340,首页,协议供货,信息类产品,数据库系统
3726339,首页,协议供货,信息类产品,数据库系统
3725866,首页,协议供货,信息类产品,数据库系统
3725862,首页,协议供货,信息类产品,数据库系统
3725861,首页,协议供货,信息类产品,数据库系统
3725860,首页,协议供货,信息类产品,数据库系统
3725410,首页,协议供货,信息类产品,数据库系统
3724673,首页,协议供货,信息类产品,数据仓库
3722069,首页,协议供货,信息类产品,数据管理工具
3722067,首页,协议供货,信息类产品,分布式数据库
3722064,首页,协议供货,信息类产品,数据库系统
3722063,首页,协议供货,信息类产品,数据库系统
3722062,首页,协议供货,信息类产品,数据库系统
3722061,首页,协议供货,信息类产品,数据库系统
3722060,首页,协议供货,信息类产品,数据库系统
3721963,首页,协议供货,信息类产品,数据库系统
3731439,首页,协议供货,信息类产品,分布式数据库
3731434,首页,协议供货,信息类产品,分布式数据库
3731428,首页,协议供货,信息类产品,分布式数据库
3731423,首页,协议供货,信息类产品,分布式数据库
3730678,首页,协议供货,信息类产品,大数据一体化管理平台
3729129,首页,协议供货,信息类产品,数据管理工具
3729124,首页,协议供货,信息类产品,分布式数据库
3726007,首页,协议供货,信息类产品,分布式数据库
3725871,首页,协议供货,信息类产品,分布式数据库
3725867,首页,协议供货,信息类产品,分布式数据库
3725414,首页,协议供货,信息类产品,分布式数据库
3722065,首页,协议供货,信息类产品,分布式数据库
3721965,首页,协议供货,信息类产品,分布式数据库
3721964,首页,协议供货,信息类产品,分布式数据库
3921660,首页,协议供货,信息类产品,磁带库
3921659,首页,协议供货,信息类产品,磁带库
3921661,首页,协议供货,信息类产品,磁带库
3921311,首页,协议供货,信息类产品,磁带库
3920605,首页,协议供货,信息类产品,磁带库
3920604,首页,协议供货,信息类产品,磁带库
3920606,首页,协议供货,信息类产品,磁带库
3919110,首页,协议供货,信息类产品,磁带库
3917905,首页,协议供货,信息类产品,磁带库
3917904,首页,协议供货,信息类产品,磁带库
3917882,首页,协议供货,信息类产品,磁带库
3917881,首页,协议供货,信息类产品,磁带库
3917906,首页,协议供货,信息类产品,磁带库
3917195,首页,协议供货,信息类产品,磁带库
3917194,首页,协议供货,信息类产品,磁带库
3917196,首页,协议供货,信息类产品,磁带库
3921646,首页,协议供货,信息类产品,UNIX服务器
3921645,首页,协议供货,信息类产品,UNIX服务器
3921644,首页,协议供货,信息类产品,UNIX服务器
3919377,首页,协议供货,信息类产品,UNIX服务器
3919375,首页,协议供货,信息类产品,UNIX服务器
3917897,首页,协议供货,信息类产品,UNIX服务器
3917896,首页,协议供货,信息类产品,UNIX服务器
3917895,首页,协议供货,信息类产品,UNIX服务器
3917203,首页,协议供货,信息类产品,UNIX服务器
3917202,首页,协议供货,信息类产品,UNIX服务器
3917204,首页,协议供货,信息类产品,UNIX服务器
3731033,首页,协议供货,信息类产品,桌面云
3731021,首页,协议供货,信息类产品,桌面云
3731013,首页,协议供货,信息类产品,桌面云
3730569,首页,协议供货,信息类产品,桌面云
3727149,首页,协议供货,信息类产品,桌面云
3727065,首页,协议供货,信息类产品,桌面云
3726642,首页,协议供货,信息类产品,桌面云
3724405,首页,协议供货,信息类产品,桌面云
3721901,首页,协议供货,信息类产品,桌面云
3727067,首页,协议供货,信息类产品,云管理
3726925,首页,协议供货,信息类产品,云管理
3726649,首页,协议供货,信息类产品,云管理
3726648,首页,协议供货,信息类产品,云管理
3726647,首页,协议供货,信息类产品,云管理
3726646,首页,协议供货,信息类产品,云管理
3726644,首页,协议供货,信息类产品,云管理
3726316,首页,协议供货,信息类产品,云管理
3730462,首页,协议供货,信息类产品,数据加密
3730458,首页,协议供货,信息类产品,操作系统加固
3730457,首页,协议供货,信息类产品,操作系统加固
3730456,首页,协议供货,信息类产品,操作系统加固
3730455,首页,协议供货,信息类产品,操作系统加固
3730450,首页,协议供货,信息类产品,操作系统加固
3721461,首页,协议供货,信息类产品,电子邮件系统
3922738
3922752
3922737
3922761,首页,协议供货,信息类产品,电子科技大学高性能计算机
3922753
3922694,首页,协议供货,信息类产品,电子科技大学高性能计算机
3922681
3922600
3922609,首页,协议供货,信息类产品,电子科技大学高性能计算机
3922461,首页,协议供货,信息类产品,电子科技大学高性能计算机
3922410,首页,协议供货,信息类产品,电子科技大学高性能计算机
3922407
3922406
3922144
3922096
3922034
3922023
3921989
3921988
3921975
3921974
3921961
3922769
3922768
3922731
3922615
3922458
3922387
3922386
3922164
3922155
3922141
3922005
3921968
3921969
3921957
3921947
3921946
3922740
3922756,首页,协议供货,信息类产品,外交部特殊配置三
3922729
3922767
3922747
3922766
3922739
3922746
3922705
3922686
3922685
3922674
3922633,首页,协议供货,信息类产品,外交部特殊配置三
3922626
3922599
3922614
3922477
3922488
3922457
3922384
3922383
3922399
3922398
3922338
3922337
3922163
3922147
3922154
3922133
3922074
3922043,首页,协议供货,信息类产品,配置三
3922031
3922022
3922004
3922008
3921982
3921983
3921967
3921966
3921965
3921964
3921959
3921960
3921944
3921945
3922733
3922732
3922749
3922736
3922748
3922754,首页,协议供货,信息类产品,防灾学院特殊配置一
3922741
3922706
3922687
3922679
3922684
3922691,首页,协议供货,信息类产品,防灾学院特殊配置一
3922683
3922688
3922672
3922624
3922597
3922612
3922594
3922602,首页,协议供货,信息类产品,防灾学院特殊配置一
3922588,首页,协议供货,信息类产品,防灾学院特殊配置一
3922478
3922489
3922491
3922475
3922474
3922481
3922454
3922451
3922455
3922377
3922393
3922401
3922378
3922392
3922400
3922334
3922333
3922161
3922105
3922131
3922148
3922128
3922130
3922134
3922152
3922092
3922071
3922029
3922032
3922024
3922025
3922019
3922002
3922007
3921978
3921985
3921977
3921963
3921962
3921954
3921958
3921941
3922751
3922750
3922742
3922689
3922690
3922595
3922490
3922479
3922404
3922403
3922106
3922149
3922135
3922033
3922151,首页,协议供货,信息类产品,干部培训学院四川分院台式计算机特殊配置
3922136,首页,协议供货,信息类产品,干部培训学院四川分院台式计算机特殊配置
3922126,首页,协议供货,信息类产品,干部培训学院四川分院台式计算机特殊配置
3922035,首页,协议供货,信息类产品,干部培训学院四川分院台式计算机特殊配置
3922743,首页,协议供货,信息类产品,国家知识产权局专利局审查台式机配置二
3922601,首页,协议供货,信息类产品,国家知识产权局专利局审查台式机配置二
3922480,首页,协议供货,信息类产品,国家知识产权局专利局审查台式机配置二
3922460,首页,协议供货,信息类产品,国家知识产权局专利局审查台式机配置二
3922137,首页,协议供货,信息类产品,国家知识产权局专利局审查台式机配置二
3922036,首页,协议供货,信息类产品,国家知识产权局专利局审查台式机配置二
